word,label
가게,0
가계,0
가고자,0
가구,0
가까운,0
가까이,0
가끔,0
가끔씩,0
가나다,0
가난,0
가냘퍼,0
가냘프다,0
가냘픈,0
가느다란,0
가는,0
가늠,0
가두리,0
가득,0
가득차다,0
가득하다,0
가득한,0
가라앉다,0
가락,0
가락지,0
가람,0
가랑비,0
가랑잎,0
가래떡,0
가려움,0
가로등,0
가로수,0
가로지르다,0
가루,0
가루눈,0
가루떡,0
가루바람,0
가루비,0
가르기,0
가르침,0
가리개,0
가리비,0
가마솥,0
가물치,0
가뭄,0
가방,0
가벼리,0
가벼운,0
가벼움,0
가볍게,0
가볍다,0
가사,0
가속,0
가슴,0
가슴살,0
가슴속,0
가슴팍,0
가시,0
가시고기,0
가시꽃,0
가시나무,0
가시내,0
가시냇물,0
가시눈,0
가시덤불,0
가시리,0
가시연,0
가시연꽃,0
가야금,0
가엾다,0
가오리,0
가옥,0
가온,0
가온길,0
가온누리,0
가운데,0
가위,0
가위바위보,0
가을,0
가을길,0
가을날,0
가을바람,0
가을밤,0
가을비,0
가을빛,0
가을의빛,0
가을의향기,0
가을하늘,0
가일층,0
가자미,0
가장,0
가장자리,0
가장하다,0
가재,0
가재미,0
가정,0
가족,0
가죽,0
가지,0
가지각색,0
가짓수,0
가짜,0
가축,0
가치,0
가치관,0
가톨릭,0
가파르,0
가파르다,0
가파른,0
가판대,0
가훈,0
각시,0
각시꽃,0
각오,0
간섭,0
간섭망,0
간식,0
간장,0
간장국,0
간절하다,0
간지,0
간지럼,0
간편,0
간편하다,0
갈고리,0
갈기갈기,0
갈대,0
갈대밭,0
갈대숲,0
갈등,0
갈등하다,0
갈래,0
갈래길,0
갈림길,0
갈매기,0
갈무리,0
갈비,0
갈비살,0
갈비찜,0
갈색,0
갈옷,0
갈잎,0
갈증,0
갈치국,0
갈치조림,0
갈치찌개,0
갈퀴,0
갈피,0
갉다,0
감격스럽다,0
감귤,0
감기,0
감기꽃,0
감꽃,0
감동,0
감물,0
감미롭다,0
감바리,0
감사,0
감상,0
감성,0
감옥,0
감자,0
감자국,0
감자꽃,0
감자탕,0
감정,0
감정가득,0
감정선,0
감치다,0
감투,0
갑옷,0
갑자기,0
갑추,0
갓길,0
갓김치,0
갓난아기,0
강,0
강가,0
강남,0
강냉이,0
강도,0
강력,0
강물,0
강산,0
강아지,0
강아지풀,0
강원,0
강원도,0
강이슬,0
강타,0
갖가지,0
갖춤,0
같이,0
개개비,0
개구리,0
개구리밥,0
개구리알,0
개나리,0
개념,0
개미,0
개미집,0
개발,0
개밥,0
개방,0
개별,0
개비,0
개선,0
개소리,0
개신,0
개운하다,0
개울,0
개울가,0
개울물,0
개잎갈나무,0
개척,0
개천,0
객기,0
갯마을,0
갯바위,0
갯버들,0
갯벌,0
갯솜,0
갯지렁이,0
거느리다,0
거름,0
거름망,0
거름지기,0
거리,0
거문고,0
거미,0
거미줄,0
거북,0
거북이,0
거슬리다,0
거울,0
거울꽃,0
거울빛,0
거울속,0
거의,0
거짓,0
걱정,0
건강,0
건너,0
건너편,0
건널목,0
건들바람,0
건물,0
걷기,0
걷다,0
걷잡이,0
걸레,0
걸음,0
걸음걸이,0
검둥이,0
검버섯,0
검은,0
검은밤,0
검은색,0
검은콩,0
검정색,0
겉모습,0
겉옷,0
게눈,0
게으름,0
겨울,0
겨울내기,0
겨울밤,0
겨울잠,0
겨울철,0
겨자,0
격려,0
견과,0
결과,0
결실,0
결심,0
결정,0
결혼,0
결혼식,0
겸손,0
겹치기,0
경치,0
계단,0
계란,0
계절,0
고개,0
고구마,0
고기,0
고기리,0
고기방패,0
고기잡이,0
고라니,0
고래,0
고래고기,0
고래등,0
고래밥,0
고래불,0
고래비,0
고래사냥,0
고래상어,0
고래싸움,0
고무,0
고무줄,0
고민,0
고백,0
고뿔,0
고사리,0
고생,0
고양이,0
고요,0
고요하다,0
고요한,0
고요함,0
고요히,0
고운,0
고운말,0
고운빛,0
고운색,0
고운소리,0
고운점,0
고인돌,0
고장,0
고집,0
고추,0
고추잠자리,0
고추장,0
고향,0
곤충,0
곧바로,0
골기퍼,0
골목,0
골목길,0
골무,0
골짜기,0
골풀,0
골프공,0
골프장,0
골프채,0
곰곰이,0
곰돌이,0
곰배령,0
곰보배추,0
곰솔,0
곰솥,0
곰취,0
곰치,0
곰팡이,0
곱셈,0
곱슬,0
곱슬머리,0
곱창,0
곱창구이,0
곳간,0
곳돌,0
공감,0
공기,0
공기밥,0
공기방,0
공기방울,0
공들,0
공명,0
공부,0
공연장,0
공원,0
공원묘지,0
공유,0
공작,0
공작새,0
공전,0
공정,0
공주님,0
공중화장실,0
공책,0
공책꽃,0
공터,0
공포증,0
공항,0
공허하다,0
공허함,0
곶감,0
과녁,0
과메기,0
과일,0
과정,0
관객,0
관계,0
관심,0
관심사,0
관자놀이,0
관절,0
관찰,0
광대,0
광대나물,0
광야,0
광주리,0
광활하다,0
광활한,0
괜찮다,0
교감,0
교실,0
교차로,0
구경,0
구덩이,0
구두,0
구레나룻,0
구름,0
구름과,0
구름그림자,0
구름꽃,0
구름꽃길,0
구름다리,0
구름떼,0
구름사이,0
구름사이로,0
구름속,0
구름의,0
구름의그림자,0
구름의길,0
구름의빛,0
구름의빛깔,0
구름의빛깔의향기,0
구름의색,0
구름의소리,0
구름의소리의향기,0
구름의하늘,0
구름의하늘빛,0
구름편지,0
구리,0
구멍,0
구불구불,0
구석,0
구성,0
구슬,0
구슬비,0
구슬빛,0
구슬치기,0
구슬픈,0
구역,0
구조,0
국,0
국물,0
국수,0
국어,0
국화,0
국화꽃,0
군밤,0
굳이,0
굽다,0
굽이,0
귀,0
귀가,0
귀걸이,0
귀뚜라미,0
귀신,0
귀여운,0
귀여움,0
귀찮,0
귀찮다,0
귀찮은,0
귀찮음,0
귓속,0
귓속말,0
규모,0
귤꽃,0
귤나무,0
그네,0
그네풀,0
그늘,0
그늘막,0
그늘집,0
그루터기,0
그릇,0
그리움,0
그림,0
그림자,0
그림책,0
그립다,0
그물,0
그물망,0
그저,0
그저기,0
그집,0
그치다,0
극락조,0
글,0
글짓기,0
금강,0
금모래,0
금붕어,0
금빛,0
금사삭,0
금사슴,0
금속,0
금슬,0
금요일,0
금잔디,0
급식,0
기계,0
기념,0
기념일,0
기능,0
기다리는,0
기다리다,0
기다림,0
기대,0
기대감,0
기대되다,0
기대하는,0
기둥,0
기둥뿌리,0
기러기,0
기록,0
기름,0
기름기,0
기름때,0
기름종이,0
기름지다,0
기름진,0
기린,0
기분,0
기쁜,0
기쁨,0
기쁨나무,0
기상,0
기숙사,0
기술,0
기슭,0
기억,0
기억력,0
기억하는,0
기억하다,0
기온,0
기온차,0
기와,0
기와집,0
기왓장,0
기운,0
기운내기,0
기운차다,0
기울기,0
기원,0
기장밭,0
기적,0
기적의,0
기지,0
기지개,0
기차,0
기차길,0
기차소리,0
기차역,0
기찻길,0
기초,0
기호,0
기회,0
기회받다,0
기획,0
긴급,0
긴장,0
길,0
길가,0
길거리,0
길게,0
길냥이,0
길동무,0
길상,0
길이,0
길잡이,0
김매기,0
김밥,0
김장,0
김치,0
깃발,0
깃털,0
깊은,0
깊은곳,0
깊은내,0
깊은물,0
깊은바다,0
깊은밤,0
깊은샘,0
깊은잠,0
깊이,0
까마귀,0
까치,0
까치밥,0
깍지,0
깔깔이,0
깜짝,0
깡통,0
깨끗하다,0
깨비,0
깨소금,0
깻잎,0
꺼리,0
껍질,0
꼭두각시,0
꼭두새벽,0
꼭지,0
꽁꽁,0
꽁치,0
꽃,0
꽃가루,0
꽃길,0
꽃내음,0
꽃다발,0
꽃다지,0
꽃바구니,0
꽃밭,0
꽃병,0
꽃샘추위,0
꽃송이,0
꽃씨,0
꽃잎,0
꽃피는,0
꽃향기,0
꽈리,0
꽈배기,0
꾀꼬리,0
꿀물,0
꿀벌,0
꿈,0
꿈꾸다,0
꿈속,0
꿈틀,0
끄트머리,0
끝내,0
끝내다,0
끝말,0
끝자락,0
끼니,0
나가다,0
나눔,0
나들이,0
나라,0
나래,0
나래미,0
나루,0
나르다,0
나르샤,0
나른,0
나른하다,0
나무,0
나무그늘,0
나무껍질,0
나무꾼,0
나무늘보,0
나무막대,0
나무속,0
나무숲,0
나무젓가락,0
나무줄기,0
나물,0
나뭇가지를,0
나뭇잎,0
나비,0
나비꽃,0
나비꿈,0
나비넥타이,0
나비눈,0
나비야,0
나비잠,0
나비집,0
나비효과,0
나쁜,0
나아가다,0
나어리,0
나위,0
나이,0
나이테,0
나잠,0
나중,0
나팔,0
나팔꽃,0
나흘,0
낙서,0
낙수,0
낙엽,0
낙엽송,0
낚시,0
낚시줄,0
낚시터,0
난간,0
난초,0
날개,0
날개짓,0
날갯짓,0
날밥,0
날씨,0
날카로운,0
날카로움,0
남기다,0
남녀,0
남새,0
남새밭,0
남자,0
남자아이,0
남쪽,0
남쪽바람,0
납작,0
납작보리,0
낭떠러지,0
낮달,0
낮술,0
낮잠,0
낯선,0
내기,0
내기름,0
내리다,0
내리막,0
내면,0
내음,0
내일,0
내일꽃,0
내장,0
냄새,0
냇가,0
냇물,0
냉면,0
냉이,0
냉장고,0
너구리,0
너그러움,0
너른,0
너른들판,0
너른벌,0
너머,0
너무,0
너비,0
너울,0
넉넉,0
넉넉하다,0
넉넉함,0
넉넉히,0
넋두리,0
널리,0
넓은곳,0
넓이,0
넙죽,0
넝쿨,0
네모,0
네모난,0
네잎클로버,0
노란꽃,0
노란비,0
노란색,0
노란하늘,0
노래,0
노래꽃,0
노래방,0
노력,0
노루귀,0
노을,0
노을빛,0
노인,0
녹두,0
녹음,0
논밭,0
논의,0
놀이,0
놀이방,0
놀이터,0
농사,0
농장,0
누나,0
누리,0
누리집,0
눈,0
눈길,0
눈꽃,0
눈동자,0
눈물,0
눈물방울,0
눈보라,0
눈부시다,0
눈부신,0
눈비,0
눈빛,0
눈사람,0
눈송이,0
눈썹,0
눈치,0
느낌,0
느림보,0
느티나무,0
늘보,0
늘봄,0
늘씬하다,0
능금,0
능력,0
늦가을,0
늦봄,0
늦여름,0
늪지,0
늪지대,0
니모,0
다가가다,0
다닥,0
다락,0
다람쥐,0
다래끼,0
다리,0
다리건너,0
다리미,0
다리미판,0
다리밭,0
다방,0
다섯,0
다솜,0
다슬기,0
다시,0
다양,0
다양성,0
다양성이,0
다양하다,0
다옴,0
다육식물,0
다음,0
다정,0
다정다감,0
다정이,0
다정하게,0
다정하다,0
다정한,0
다정함,0
다짐,0
다투다,0
다툼,0
다행,0
닥터,0
단가,0
단계,0
단꿈,0
단단한,0
단독,0
단맛,0
단비,0
단순,0
단순하다,0
단순한,0
단순히,0
단어,0
단어장,0
단위,0
단점,0
단지,0
단추,0
단풍,0
단풍잎,0
단호박,0
달,0
달가슴,0
달걀,0
달고나,0
달그림자,0
달달,0
달래,0
달력,0
달리기,0
달빛,0
달빛길,0
달빛놀이,0
달빛무리,0
달빛여행,0
달빛이,0
달콤,0
달콤하다,0
달콤한,0
달팽이,0
닭갈비,0
닭고기,0
담배,0
담배갑,0
담배꽁초,0
담배꽃,0
담배연기,0
담벼락,0
담요,0
담장,0
담쟁이,0
답답,0
답답하다,0
답사,0
닷새,0
당근,0
당나귀,0
당리,0
당분,0
대가,0
대갈,0
대결,0
대구,0
대궐,0
대기,0
대나무,0
대나무숲,0
대답,0
대답하다,0
대들보,0
대문,0
대물림,0
대박,0
대비,0
대사슴,0
대서양,0
대소리,0
대수,0
대숲,0
대신,0
대야,0
대양,0
대여,0
대우,0
대장,0
대장부,0
대전,0
대중교통,0
대지,0
대청소,0
대추,0
대추나무,0
대충,0
대치,0
대파,0
대판,0
대풍,0
대학,0
대학로,0
대화,0
더덕,0
더불어,0
더위,0
더위먹다,0
더위먹은,0
더위바람,0
더하기,0
덕분,0
덕수궁,0
덤불,0
덧신,0
덩굴,0
덩굴손,0
덩어리,0
덩치,0
데굴데굴,0
데리다,0
도구,0
도깨비,0
도끼,0
도둑,0
도라지,0
도란도란,0
도랑,0
도랑물,0
도롱뇽,0
도리,0
도리깨,0
도마,0
도마뱀,0
도망,0
도서관,0
도시,0
도시락,0
도와주다,0
도움,0
도움말,0
도장,0
도전,0
도전하다,0
도토리,0
도톰하다,0
독립,0
독서,0
독수리,0
독일,0
독특하다,0
돈가락,0
돈가방,0
돈가스,0
돈가시,0
돈까스,0
돈나무,0
돈벌이,0
돋움,0
돌,0
돌고래,0
돌기,0
돌담,0
돌멩이,0
돌무덤,0
돌배기,0
돌사람,0
돌아가다,0
돌지기,0
돌탑,0
돌풍,0
돌하르방,0
돗자리,0
동굴,0
동그라미,0
동네,0
동동주,0
동무,0
동물,0
동물원,0
동백,0
동백꽃,0
동산,0
동생,0
동시,0
동아리,0
동작,0
동전,0
동화,0
돼지,0
돼지고기,0
된장,0
두꺼비,0
두뇌,0
두더지,0
두런두런,0
두레,0
두레박,0
두려움,0
두루마기,0
두루미,0
두릅,0
두리,0
두리번,0
두리틀,0
두메산골,0
두부,0
두엄,0
두텁다,0
두통,0
두툼하다,0
둔덕,0
둘레,0
둘이서,0
둥근,0
둥근달,0
둥글다,0
둥글레,0
둥지,0
뒤꼍,0
뒤꿈치,0
뒤안길,0
뒤쪽,0
뒤척임,0
뒤편,0
뒷간,0
뒷골목,0
뒷마당,0
뒷면,0
뒷문,0
뒷바라지,0
뒷산,0
드라이기,0
드레지,0
드름,0
드리다,0
드림,0
득음,0
득점,0
듣기,0
듣다,0
들,0
들국화,0
들기름,0
들길,0
들꽃,0
들녘,0
들소리,0
들어가다,0
들판,0
들풀,0
듬뿍,0
등불,0
등산,0
디딤돌,0
디딤새,0
딜레마,0
따뜻,0
따뜻하다,0
따뜻함,0
따라,0
따스한,0
따스함,0
따오기,0
딱따구리,0
딸기,0
딸기꽃,0
딸기농장,0
딸기밭,0
딸기잼,0
땀방울,0
땅,0
땅콩,0
땡볕,0
떡갈나무,0
떡국,0
떡볶이,0
뚜껑,0
뜨개,0
뜨개질,0
뜨거운,0
뜸부기,0
뜻밖,0
띠동갑,0
띠앗,0
라듸다,0
라떼,0
라면,0
라면상자,0
라벤더,0
라일락,0
라텍스,0
락과,0
락교,0
락도,0
락조,0
락카,0
랑이,0
래미안,0
래프팅,0
랜선,0
랩무늬,0
럭비공,0
레몬밤,0
레스토랑,0
레시피,0
레인,0
레인코트,0
레저,0
로망스,0
로타리,0
로프,0
마늘,0
마늘밭,0
마당,0
마당놀이,0
마당물,0
마당발,0
마당쇠,0
마루,0
마루금,0
마루끝,0
마르지,0
마른풀,0
마법,0
마법술,0
마을,0
마을길,0
마을배,0
마을버스,0
마을회관,0
마음,0
마음가짐,0
마음껏,0
마음속,0
마음씨,0
마음이,0
마음자리,0
마음편,0
마이삭,0
마차,0
마침,0
마카롱,0
막걸리,0
막고기,0
막국수,0
막내,0
막대기,0
막바지,0
막힌곳,0
만날,0
만남,0
만두,0
만산홍,0
만화,0
많은말,0
많이,0
말,0
말굽,0
말꼬리,0
말뚝,0
말랑,0
말랑말랑,0
말리,0
말미잘,0
말발굽,0
말벌,0
말소리,0
말솜씨,0
말썽,0
말씀,0
말씀드리다,0
말차,0
맑다,0
맑은물,0
맑음,0
맛깔나다,0
맛있는,0
맛있다,0
맛집,0
망개떡,0
망망대해,0
망초,0
망태,0
매력,0
매미,0
매미소리,0
매실,0
매운맛,0
매일,0
매장,0
매화,0
매화꽃,0
매화나무,0
맥문동,0
맥반석,0
맥주,0
맨발,0
맵시,0
맹꽁이,0
머리,0
머리칼,0
먹,0
먹구름,0
먹다,0
먹이,0
멋부리기,0
멋지다,0
멋진,0
멋짐,0
멍게,0
멍멍이,0
멍석,0
멍청이,0
메밀,0
메밀꽃,0
멧돼지,0
면도,0
면봉,0
멸치,0
명상,0
명절,0
명주실,0
명확함,0
모기,0
모깃불,0
모닥불,0
모두,0
모둠,0
모든,0
모란,0
모란꽃,0
모래,0
모래밭,0
모래사장,0
모래성,0
모래알,0
모래톱,0
모루,0
모습,0
모시,0
모시조개,0
모시풀,0
모양,0
모임,0
모험,0
목걸이,0
목도리,0
목련,0
목소리,0
목숨,0
목요일,0
목욕,0
목욕탕,0
목이,0
목탁,0
목표,0
몸,0
몸무게,0
몸짓,0
몽당연필,0
몽실몽실,0
묘목,0
무궁화,0
무늬,0
무당벌레,0
무덤,0
무릎,0
무리,0
무엇,0
무지개,0
무지개빛,0
무지개색,0
무화과,0
문,0
문구,0
문서,0
문자,0
문턱,0
물,0
물가,0
물감,0
물건,0
물결,0
물결소리,0
물결의소리,0
물고기,0
물구나무,0
물길,0
물놀이,0
물레방아,0
물방개,0
물방울,0
물방울소리,0
물방울의소리,0
물병,0
물빛,0
물빛의노래,0
물소,0
물소리,0
물소리의소리,0
물소리의하늘,0
물소리의향기,0
물음,0
물잔,0
물줄기,0
물질,0
물체,0
물컵,0
물푸레,0
물푸레나무,0
물풀,0
미각,0
미꾸라지,0
미끄럼틀,0
미나리,0
미래,0
미루나무,0
미르,0
미세먼지,0
미소,0
미소가득,0
미소짓다,0
미술,0
미역,0
미역국,0
미역귀,0
미온도,0
미용,0
미친,0
민들레,0
믿음,0
밀짚모자,0
밑줄,0
바구니,0
바늘,0
바다,0
바다거북,0
바다바람,0
바다사자,0
바다새,0
바다소리,0
바다의,0
바다표범,0
바다향기,0
바닥,0
바닷가,0
바람,0
바람개비,0
바람결,0
바람결에,0
바람길,0
바람꽃,0
바람둥이,0
바람소리,0
바람속,0
바람에,0
바람에실려,0
바람의노래,0
바람의소리,0
바람의하늘,0
바람의향기,0
바람이,0
바람직,0
바람처럼,0
바름,0
바위,0
바위산,0
바위틈,0
바자회,0
바지,0
바지런하다,0
바퀴,0
바퀴벌레,0
바탕,0
바탕화면,0
박물관,0
박수,0
박하,0
반달,0
반딧불,0
반딧불이,0
반지,0
반짝,0
반짝이,0
반짝임,0
반찬,0
발,0
발가락,0
발걸음,0
발견,0
발길,0
발도리,0
발리,0
발바닥,0
발자국,0
발전,0
발톱,0
발표,0
밝다,0
밝은빛,0
밝음,0
밝히다,0
밤,0
밤바다,0
밤하늘,0
밤하늘의,0
밥,0
밥상,0
밥집,0
밥통,0
밥풀,0
방,0
방문,0
방아다리,0
방앗간,0
방울,0
방울꽃,0
방울토마토,0
방파제,0
방향,0
방향제,0
밭고랑,0
밭고리,0
밭농사,0
밭두렁,0
밭머리,0
밭이,0
밭일,0
배경,0
배고픔,0
배기,0
배꼽,0
배꽃,0
배달,0
배려,0
배롱나무,0
배우,0
배움,0
배추,0
백사장,0
백조,0
백합,0
백합꽃,0
백화점,0
버드나무,0
버들,0
버들가지,0
버들잎,0
버들치,0
버섯,0
벌꿀,0
벌레,0
벌레눈,0
벌레먹이,0
벌레밥,0
벌레소리,0
벌레잡이,0
벌판,0
법칙,0
벗꽃,0
벗나무,0
벗어,0
벚꽃,0
벚꽃잎,0
벚나무,0
베개,0
벼락,0
벼랑,0
벼룩,0
벼룩시장,0
벼리,0
벼슬,0
변덕,0
변두리,0
변화,0
별,0
별똥별,0
별무리,0
별빛,0
별빛길,0
별빛속,0
별빛의길,0
별빛의노래,0
별빛의빛깔,0
별빛의소리,0
별빛의소리의향기,0
별빛의향기,0
별빛하늘,0
별을따다,0
별의,0
별의노래,0
별의빛,0
별의향기,0
별자,0
별자리,0
별장,0
별하늘,0
병아리,0
병원,0
보라,0
보라색,0
보람,0
보름,0
보름달,0
보리,0
보리밥,0
보리밭,0
보리차,0
보물,0
보석,0
보슬비,0
보통,0
복숭아,0
복잡하다,0
본래,0
볼록이,0
봄,0
봄꽃,0
봄날,0
봄바람,0
봄비,0
부담,0
부대,0
부드러운,0
부드러움,0
부드러워,0
부드럼,0
부드럽,0
부드럽게,0
부드럽다,0
부뚜막,0
부르다,0
부리,0
부릿살,0
부모,0
부모님,0
부산,0
부산물,0
부서지다,0
부스럼,0
부싯돌,0
부엉이,0
부엌,0
부엌가,0
부엌가구,0
부엌일,0
부엌칼,0
부자연,0
부족,0
부족하다,0
부족함,0
부지갯살,0
부지깽이,0
부지런,0
부지런이,0
부지런하다,0
부채,0
부채꽃,0
부처꽃,0
부쳐,0
부추,0
부침개,0
부탁,0
부표,0
부풀다,0
부풀리다,0
부풀어,0
부풀음,0
부품,0
부하,0
북극,0
북새통,0
분수,0
분위기,0
불,0
불꽃,0
불꽃놀이,0
불빛,0
붉은,0
붉은색,0
붉은해,0
붓,0
붕어,0
비,0
비가시,0
비결,0
비금,0
비내리,0
비녀,0
비누,0
비누꽃,0
비누방울,0
비늘,0
비닐봉지,0
비단,0
비단결,0
비단벌레,0
비둘기,0
비름,0
비리비리,0
비밀,0
비바람,0
비비추,0
비빔밥,0
비상,0
비상구,0
비서,0
비오는날,0
비옷,0
비우,0
비율,0
비추기,0
비치는,0
비탈길,0
비틀다,0
비행,0
비행기,0
빈대떡,0
빈자리,0
빗방울,0
빛깔,0
빛깔의빛,0
빛깔의소리,0
빛깔이,0
빛나,0
빛나는,0
빠루,0
빠르다,0
빨래,0
뿌리,0
사계,0
사계절,0
사고,0
사과,0
사과나무,0
사귐,0
사금파리,0
사기그릇,0
사냥,0
사냥꾼,0
사다리,0
사라,0
사라비,0
사라사,0
사라지다,0
사라질,0
사라짐,0
사람,0
사람들,0
사람살이,0
사랑,0
사랑가득,0
사랑꽃,0
사랑나무,0
사랑둥이,0
사랑방,0
사랑새,0
사랑스러운,0
사랑스러움,0
사랑스럽다,0
사랑의,0
사려,0
사막,0
사막여우,0
사물,0
사상,0
사소하다,0
사슴,0
사슴벌레,0
사시나무,0
사연,0
사와,0
사월,0
사위,0
사위다,0
사유,0
사이,0
사이비,0
사이좋게,0
사이좋다,0
사이좋은,0
사자,0
사전,0
사찰,0
사철나무,0
사촌,0
사춘기,0
사치,0
사탕,0
사탕수수,0
사흘,0
산,0
산들,0
산들바람,0
산딸기,0
산모,0
산벚꽃,0
산비탈,0
산사,0
산사태,0
산새,0
산성,0
산세,0
산소,0
산수,0
산양,0
산울림,0
산책,0
산책로,0
산호,0
산호색,0
산호수,0
산호초,0
살구,0
살랑살랑,0
살림,0
살림집,0
살아가다,0
살아있다,0
살피다,0
삶의질,0
삼각형,0
삼나무,0
삼촌,0
상관,0
상대,0
상반기,0
상반신,0
상사,0
상사나무,0
상사리,0
상사화,0
상상,0
상상력,0
상상속,0
상상하다,0
상수리,0
상아리,0
상어,0
상업,0
상인,0
상자,0
상장,0
상점,0
상처,0
상추,0
상추밭,0
상큼,0
상큼하다,0
상큼한,0
상태,0
새가슴,0
새끼,0
새끼줄,0
새벽,0
새벽녘,0
새벽별,0
새벽빛,0
새소리,0
새순,0
새싹,0
새싹들,0
새우,0
새장,0
색깔,0
색시,0
색연필,0
샘물,0
샛길,0
샛별,0
생각,0
생강,0
생강나무,0
생기,0
생나무,0
생명,0
생명력,0
생명수,0
생선,0
생소하다,0
생일,0
생활,0
샤프,0
서늘하다,0
서랍,0
서랍장,0
서로,0
서리,0
서리꽃,0
서리태,0
서리풀,0
서울,0
서점,0
서쪽,0
석류,0
석양,0
섞음,0
선물,0
선바람,0
선비,0
선생,0
선인장,0
선택,0
선풍기,0
선한일,0
설거지,0
설계,0
설날,0
설렁탕,0
설레임,0
설렘,0
설명,0
설악산,0
설움,0
설탕,0
설화,0
섬광,0
섬돌,0
섬세하다,0
성격,0
성공하다,0
성냥,0
성장,0
성찰,0
세기,0
세대,0
세로,0
세모,0
세상,0
세상물정,0
세상사,0
세상살이,0
세수,0
세심하다,0
세월,0
세잎클로버,0
세탁,0
세탁기,0
소금,0
소금쟁이,0
소나기,0
소나무,0
소담,0
소라,0
소리,0
소리개,0
소리꽃,0
소리꾼,0
소리내다,0
소리바다,0
소리의,0
소리의빛,0
소리의빛깔,0
소리의향기,0
소리질러,0
소막,0
소망,0
소문,0
소백산,0
소소함,0
소슬하다,0
소식,0
소원,0
소음,0
소중,0
소중하다,0
소중한,0
소중함,0
소중히,0
소쿠리,0
소통,0
소통하다,0
소풍,0
소풍날,0
속삭임,0
손,0
손가락,0
손길,0
손님,0
손목,0
손목시계,0
손수건,0
손자,0
손톱,0
솔가시나무,0
솔개,0
솔나무,0
솔바람,0
솔방울,0
솔숲,0
솔잎,0
솔잎차,0
솔직하다,0
솔향기,0
솜사탕,0
솜털,0
솜털구름,0
송아지,0
송이,0
송이꽃,0
송편,0
솥,0
쇠고기,0
수건,0
수국,0
수달,0
수도,0
수돗물,0
수레,0
수레바퀴,0
수련,0
수리,0
수리부엉이,0
수많은,0
수면,0
수명,0
수박,0
수북,0
수선,0
수선화,0
수세미,0
수수께끼,0
수술,0
수양버들,0
수업,0
수영,0
수요일,0
수정,0
수족관,0
수채화,0
수첩,0
수풀,0
수풀이,0
수확,0
숙소,0
순간,0
순비기나무,0
숟가락,0
술잔,0
숨결,0
숫놈,0
숲,0
숲길,0
숲속,0
숲속길,0
쉼터,0
스러지다,0
스르르,0
스며들다,0
스무,0
스무살,0
스물,0
스물다섯,0
스스로,0
스승,0
스치다,0
스케치북,0
스킵,0
스팀,0
슬기,0
슬기롭다,0
슬래브,0
슬프게,0
슬프다,0
슬픈,0
슬픈눈,0
슬픔,0
시간,0
시계,0
시계꽃,0
시계바늘,0
시계탑,0
시골,0
시골길,0
시내,0
시내물,0
시냇가,0
시냇물,0
시래기,0
시선,0
시원,0
시원하다,0
시원함,0
시작,0
시작하다,0
시장,0
시점,0
시험,0
식물,0
식사,0
식초,0
식탁,0
신기,0
신기루,0
신기하다,0
신기한,0
신념,0
신록,0
신뢰,0
신발,0
신발끈,0
신밧드,0
신비,0
신비로움,0
신비롭다,0
신선,0
신선로,0
신선하다,0
신선한,0
신호,0
신호등,0
신혼,0
신화,0
실과,0
실내,0
실내화,0
실바늘,0
실바람,0
실밥,0
실비단,0
실수,0
실안개,0
실제,0
실천,0
실컷,0
실험,0
싫다,0
싫증,0
싫증나다,0
심연,0
심장,0
싸리,0
싸움,0
싹수,0
쌀,0
쌀밥,0
씨,0
씨앗,0
아가리,0
아가미,0
아가씨,0
아구,0
아기,0
아기곰,0
아기돼지,0
아기별,0
아기새,0
아기자기,0
아늑하다,0
아니라,0
아들,0
아라비카,0
아래,0
아래쪽,0
아래층,0
아래턱,0
아랫마을,0
아름,0
아름다운,0
아름다움,0
아름다워지다,0
아름답게,0
아름답다,0
아름드리,0
아리,0
아리랑,0
아리송하다,0
아버지,0
아빠,0
아쉬움,0
아이,0
아이들,0
아자,0
아주머니,0
아주버님,0
아지랑이,0
아지트,0
아침,0
아침노을,0
아침놀,0
아침밥,0
아침식사,0
아침이슬,0
아침해,0
아침햇살,0
아파트,0
아픔,0
악기,0
안개,0
안개꽃,0
안개바다,0
안개비,0
안개풀,0
안경,0
안구,0
안내,0
안녕,0
안락,0
안방,0
안부,0
안식,0
안식처,0
안심,0
안전,0
안전띠,0
안전망,0
안전벨트,0
안전지대,0
안전핀,0
안전하게,0
안전하다,0
안주,0
안쪽,0
안타깝다,0
안터지다,0
앉다,0
앉음,0
알갱이,0
알레르기,0
알록,0
알록달록,0
알룩,0
알리다,0
알림,0
알맹이,0
알몸,0
알밤,0
알싸하다,0
알약,0
알짜,0
알토란,0
암탉,0
압살,0
앙금,0
앙상블,0
앙증,0
앙증이,0
애기,0
애기꽃,0
애기똥풀,0
애기장대,0
애기장수,0
애벌레,0
애쓴,0
애완,0
애정,0
애착,0
액자,0
앵두,0
앵무새,0
야경,0
야구,0
야생,0
야생화,0
야옹이,0
야채,0
약속,0
약수터,0
얌전,0
얌전하다,0
양념,0
양말,0
양배추,0
양식,0
양심,0
양지,0
양쪽,0
양치,0
양치기,0
양파,0
얘기,0
얘기꽃,0
어깨,0
어깨춤,0
어둠,0
어디,0
어른,0
어름,0
어리,0
어리다,0
어리연,0
어린이,0
어머니,0
어색,0
어스름,0
어스름한,0
어울리,0
어울리다,0
어울림,0
어제,0
언덕,0
얼굴,0
얼굴빛,0
얼레지,0
얼룩,0
얼룩말,0
얼음,0
얼음꽃,0
얼음장,0
엄마,0
엄마손,0
엄지손가락,0
엉겅퀴,0
엉덩이,0
엉클어지다,0
엊그제,0
에메랄드,0
에어컨,0
여기,0
여름,0
여름나무,0
여름날,0
여름냇물,0
여름밤,0
여름비,0
여름의,0
여름의구름,0
여름의밤,0
여름의빛,0
여름의향기,0
여름철,0
여백,0
여왕,0
여우,0
여우비,0
여운,0
여울,0
여유,0
여유롭다,0
여유있다,0
여의도,0
여정,0
여행,0
여행가,0
여행지,0
역사,0
연가시,0
연결,0
연기,0
연꽃,0
연대,0
연두빛,0
연두색,0
연못,0
연못가,0
연습,0
연신,0
연어,0
연주,0
연필,0
열매,0
열쇠,0
열정,0
영롱,0
영수증,0
영원,0
영혼,0
영화,0
옆집,0
예쁘다,0
예쁜,0
예상,0
예술,0
옐로우,0
옛날,0
옛이야기,0
오늘,0
오두막,0
오래,0
오래기,0
오래된,0
오랜지,0
오르다,0
오르막,0
오름,0
오리,0
오리알,0
오색,0
오색빛,0
오솔길,0
오월,0
오이,0
오전,0
오지,0
오징어,0
오해,0
오후,0
옥상,0
옥수수,0
온갖,0
온기,0
온도,0
온도계,0
올가미,0
올갱이,0
올리다,0
올리브나무,0
올리지,0
올망,0
올망졸망,0
올벼,0
올빼미,0
올챙이,0
올해,0
옴폭,0
옷,0
옷감,0
옷걸이,0
옷고름,0
옷깃,0
옷자락,0
옷장,0
옷차림,0
옹기,0
옹달샘,0
와글와글,0
와당,0
와들와들,0
와룡산,0
와르르,0
완두,0
완두콩,0
완벽하다,0
왕고들빼기,0
왕골,0
왕국,0
왕꽃,0
왕눈이,0
왕뚜껑,0
왕버들,0
왕비,0
왕사슴,0
왕족,0
왜가리,0
외계,0
외로움,0
외롭다,0
외부,0
외톨이,0
왼쪽,0
요강,0
요리,0
요리솜씨,0
요술,0
요정,0
욕심,0
용기,0
우렁각시,0
우렁이,0
우리,0
우리집,0
우물,0
우산,0
우산꽃,0
우아,0
우아하다,0
우연,0
우유,0
우유빛,0
우정,0
우주,0
우주선,0
우체국,0
우편,0
우편물,0
우표,0
운동,0
운동화,0
운동회,0
운명,0
운치,0
울음,0
울음소리,0
울타리,0
움직이다,0
움직임,0
웃음,0
웃음꽃,0
원두,0
원두막,0
원앙,0
원주율,0
월급,0
월요일,0
위로,0
위성,0
위엄,0
위층,0
위치,0
위험,0
위험하다,0
윗집,0
유기농,0
유대,0
유리,0
유리병,0
유리알,0
유리창,0
유명,0
유연하다,0
유월,0
유자,0
유채,0
유채꽃,0
유치원,0
유혹,0
윷놀이,0
으스대다,0
으스스,0
으쌰,0
은빛,0
은하수,0
음성,0
음식,0
음악,0
응가,0
응원,0
의미,0
의식,0
의자,0
이끼,0
이른,0
이름,0
이름짓다,0
이마,0
이무기,0
이별,0
이불,0
이불보,0
이불솜,0
이사,0
이삭,0
이상,0
이상하다,0
이상한,0
이소,0
이슬,0
이슬방울,0
이슬비,0
이야기,0
이야기꽃,0
이야기꾼,0
이야기방,0
이웃,0
이웃집,0
이유,0
이음,0
이음새,0
이자,0
이정표,0
이제,0
이지,0
이치,0
이파리,0
이해,0
이해관계,0
이해되다,0
이해력,0
이해심,0
이해하기,0
이해하다,0
이해해주다,0
이혼,0
인기,0
인내,0
인디언,0
인사,0
인생,0
인연,0
인형,0
일,0
일기,0
일렁임,0
일몰,0
일상,0
일요일,0
일주일,0
일출,0
임금,0
임금님,0
임무,0
임신,0
입,0
입구,0
입김,0
입술,0
잇몸,0
잎,0
잎사귀,0
자갈,0
자갈밭,0
자귀,0
자귀나무,0
자기,0
자다,0
자동차,0
자두,0
자두나무,0
자랑,0
자랑스럽다,0
자랑하다,0
자르다,0
자를,0
자리,0
자리잡다,0
자몽,0
자물쇠,0
자석,0
자식,0
자신,0
자연,0
자연건강,0
자연별,0
자연빛,0
자연사,0
자연소리,0
자연수,0
자연스러운,0
자연스러움,0
자연스럽게,0
자연스럽다,0
자연스레,0
자연을,0
자연의,0
자엽,0
자원,0
자유,0
자유로움,0
자유롭다,0
자작나무,0
자장,0
자전거,0
자전거도로,0
자주,0
자주빛,0
자주색,0
자취,0
자투리,0
자판기,0
작다,0
작대기,0
작물,0
작별인사,0
작살,0
작업,0
작은,0
작은길,0
작은별,0
작은별빛,0
작은새,0
작은소리,0
작은술,0
작은숲,0
작은집,0
작품,0
잔디,0
잔디밭,0
잔치,0
잘난,0
잘못,0
잠자리,0
잡다,0
잡초,0
장갑,0
장구,0
장군,0
장기,0
장난,0
장난감,0
장단,0
장닭,0
장대비,0
장독,0
장마,0
장마비,0
장마철,0
장맛비,0
장미,0
장미꽃,0
장소,0
장수풍뎅이,0
장식,0
장작,0
장점,0
장화,0
재기,0
재능,0
재롱,0
재료,0
재미,0
재연,0
재잘재잘,0
재주,0
재주꾼,0
재주넘기,0
재첩,0
재활용,0
저글링,0
저녁,0
저녁노을,0
저녁별,0
저울,0
적막,0
전갈,0
전구,0
전구름,0
전국,0
전기,0
전기장판,0
전기톱,0
전깃줄,0
전나무,0
전달,0
전등,0
전망,0
전망대,0
전문,0
전복,0
전사,0
전선,0
전시,0
전원,0
전자기기,0
전쟁,0
전쟁터,0
전주,0
전주곡,0
전진,0
전통,0
전통가옥,0
전통장,0
전통적,0
전해,0
전화,0
전환,0
절구통,0
절기,0
절대,0
절벽,0
젊은,0
젊은이,0
젊음,0
점심,0
점점,0
점점이,0
접시,0
젓가락,0
정겨운,0
정겨움,0
정겹다,0
정리,0
정말,0
정사각형,0
정서,0
정성,0
정수기,0
정신,0
정원,0
정원사,0
정원수,0
정의,0
정자,0
정직,0
정확,0
젖병,0
젖소,0
젖줄,0
제기,0
제비,0
제비꽃,0
제사,0
제안,0
제자,0
제자리,0
제주도,0
제철,0
조각,0
조각배,0
조각보,0
조개,0
조개껍질,0
조그만,0
조그맣다,0
조금,0
조기,0
조랑말,0
조랑이,0
조롱박,0
조름,0
조리,0
조리개,0
조리도구,0
조리법,0
조명,0
조사,0
조약돌,0
조약돌길,0
조용,0
조용하다,0
조용한,0
조용해지다,0
조용히,0
조정,0
조화,0
조화로운,0
조화로움,0
조화롭게,0
조화롭다,0
족발,0
존재,0
존중,0
졸음,0
종소리,0
종이,0
종이배,0
좋다,0
좋아,0
좋은,0
좋음,0
주거지,0
주걱,0
주근깨,0
주기,0
주꾸미,0
주렁주렁,0
주름,0
주름살,0
주막,0
주말,0
주말나들이,0
주말농장,0
주말여행,0
주머니,0
주먹,0
주먹밥,0
주문,0
주방,0
주변,0
주사,0
주사위,0
주식,0
주요,0
주위,0
주유소,0
주인,0
주인공,0
주일,0
주전부리,0
주전자,0
주차,0
주택가,0
주황,0
주황빛,0
주황색,0
죽순,0
죽음,0
준비,0
줄기,0
줄넘기,0
줄다리기,0
줄무늬,0
줄사탕,0
중간,0
중고등학교,0
중독,0
중앙,0
쥐불놀이,0
즐거움,0
증거,0
증기,0
지구,0
지구별,0
지구본,0
지금,0
지금껏,0
지금의,0
지기,0
지나,0
지나가다,0
지느러미,0
지도,0
지렁이,0
지름길,0
지리산,0
지붕,0
지속,0
지식,0
지우개,0
지팡이,0
지평선,0
지푸라기,0
지하수,0
지향점,0
지혜,0
지혜로운,0
지혜롭다,0
직소,0
직수,0
직업,0
직장,0
진달래,0
진리,0
진실,0
진심,0
진정,0
진주,0
진주빛,0
진지,0
진짜,0
진흙,0
질경이,0
질문,0
질병,0
질서,0
집,0
집안,0
집장구,0
집중,0
짓궂,0
짓궂다,0
짓기,0
짓다,0
짓밟다,0
징검다리,0
징후,0
짚신,0
짧은,0
찔레꽃,0
찜질,0
차가,0
차가운,0
차가운바람,0
차가움,0
차가워지다,0
차갑다,0
차고,0
차기,0
차도,0
차돌,0
차돌박이,0
차량,0
차렷,0
차례,0
차림,0
차림새,0
차마,0
차별,0
차별화,0
차분,0
차분하다,0
차분해지다,0
차분히,0
차선,0
차양,0
차오르다,0
차원,0
차이,0
차이나,0
차츰,0
차표,0
찬란,0
찬란하다,0
찬란한,0
찬물,0
찬바람,0
찰나,0
참깨,0
참나무,0
참새,0
참숯,0
참여,0
참외,0
참외꽃,0
찹쌀,0
찻잔,0
창,0
창가,0
창끝,0
창문,0
창포,0
채소,0
채송화,0
책,0
책가방,0
책방,0
책상,0
책임,0
책자,0
책장,0
처음,0
천국,0
천둥,0
천리길,0
천막,0
천사,0
천천히,0
철새,0
철쭉,0
철학,0
첫눈,0
첫사랑,0
청개구리,0
청동기,0
청둥오리,0
청량,0
청량음료,0
청록색,0
청명,0
청명하다,0
청소,0
청소기,0
청어,0
청정하다,0
청춘,0
체력,0
체온,0
체크,0
체험,0
쳐다보다,0
초가집,0
초대,0
초록,0
초록빛,0
초롱,0
초롱꽃,0
초롱이,0
초롱초롱,0
초승달,0
초여름,0
초원,0
초코,0
초코렛,0
촌동네,0
촌이,0
촛불,0
총각,0
최고조,0
추구,0
추억,0
추억거리고,0
추운,0
추위,0
추적추적,0
축구,0
축제,0
춘곤증,0
치료,0
치료제,0
치마,0
치마꽃,0
치마폭,0
치아,0
치약,0
치유,0
치자,0
치자꽃,0
친구,0
친구같다,0
친절,0
친절하다,0
친환경,0
칠면조,0
칠판,0
칠판지우개,0
칠흑,0
칡넝쿨,0
침대,0
침묵,0
침실,0
칫솔,0
카네이션,0
카레,0
카페,0
칼,0
칼국수,0
칼날,0
칼라꽃,0
캄캄,0
캄캄하다,0
캐묻다,0
캔들,0
커다란,0
컵cake,0
컵받침,0
켜지다,0
코,0
코끼리,0
코스모스꽃,0
코스모스밭,0
콧물,0
콧수염,0
콩,0
콩깍지,0
콩나물,0
콩밭,0
콩알,0
콩잎,0
콩팥,0
퀘퀘한,0
퀴퀴,0
크기,0
크레용,0
크레파스,0
큰,0
큰나무,0
큰바위,0
큰소리,0
클레멘타인,0
키가작은꽃,0
키높이,0
키다리,0
키우다,0
키친,0
키토,0
킨달리,0
타고,0
타란툴라,0
타래,0
타래꽃,0
타래줄,0
타르,0
타오르다,0
타올,0
타운,0
타이르다,0
타이프,0
타인,0
타자기,0
타조,0
타조알,0
탁자,0
탄산,0
탈것,0
탐험,0
탑골,0
탑나무,0
탑돌이,0
탑동,0
탑밭,0
탑승,0
탑차,0
탑풀,0
탕수육,0
태양,0
태양빛,0
태풍,0
택배,0
탱자나무,0
터지다,0
턱밑,0
턱받이,0
털끝,0
털보,0
털실,0
텃밭,0
테두리,0
테라리움,0
토끼,0
토끼눈,0
토끼풀,0
토란,0
톱밥,0
통기타,0
통나무,0
통닭,0
통로,0
통일,0
통찰,0
통화,0
투명,0
툭툭,0
퉁소,0
튀김,0
특별,0
틀니,0
티끌,0
티브이,0
팀버,0
파도,0
파도소리,0
파란,0
파란색,0
파란하늘,0
파랑,0
파랑새,0
파랗다,0
파리,0
파프리카,0
팔각,0
팔자,0
팔팔,0
팥빙수,0
패랭이꽃,0
퍼주기,0
펜션,0
펴다,0
편리하다,0
편리함,0
편백나무,0
편안,0
편안하게,0
편안하다,0
편안한,0
편안함,0
편안히,0
편지,0
편지지,0
평화,0
포근하다,0
포근한,0
포근함,0
포도,0
폭포,0
폭풍,0
표정,0
푸른,0
푸른꿈,0
푸른물결,0
푸른바다,0
푸른별빛,0
푸른빛,0
푸른세상,0
푸른하늘,0
푸른하늘빛,0
푸른하늘의,0
푸른하늘의빛깔,0
푸른하늘의향기,0
푸름,0
풀,0
풀꽃,0
풀밭,0
풀숲,0
풀이,0
풀이삭,0
풀잎,0
풀잎새,0
품질,0
풋고추,0
풍경,0
풍선,0
풍차,0
프라이드,0
피리,0
피부,0
피어나다,0
하나,0
하늘,0
하늘거름,0
하늘거미,0
하늘길,0
하늘나라,0
하늘높이,0
하늘빛,0
하늘새,0
하늘색,0
하늘소,0
하늘에서,0
하늘연못,0
하늘음,0
하늘의,0
하늘의구름,0
하늘의빛,0
하늘의빛깔,0
하늘의색,0
하늘의소리,0
하늘의소리의향기,0
하늘의푸른빛,0
하늘의향기,0
하늘이,0
하늘하늘,0
하다,0
하루,0
하루살이,0
하루종일,0
하마,0
하모니,0
하수구,0
하수도,0
하얀,0
하얀구름,0
하얀구름의소리,0
하얀꽃,0
하얀눈,0
하얀비,0
하얀색,0
하얀하늘,0
하얏빛,0
하얗다,0
하온,0
하우스,0
하울,0
하울링,0
하음,0
하천,0
하체,0
하품,0
하회탈,0
학교,0
한가닥,0
한가득,0
한가로,0
한가운데,0
한가위,0
한가하게,0
한겨울,0
한결,0
한글,0
한기,0
한라봉,0
한라산,0
한림,0
한방울,0
한복,0
한송이,0
한숨,0
한숫자,0
한여름,0
한옥,0
한자락,0
한정,0
한정하다,0
한줄기,0
한지,0
한쪽,0
한참,0
할머니,0
할미꽃,0
할아버지,0
함께,0
함박눈,0
합창,0
항상,0
해,0
해가,0
해가림,0
해결,0
해결하다,0
해내다,0
해낼,0
해도,0
해돋이,0
해렴,0
해리,0
해마,0
해맑다,0
해무리,0
해물,0
해바라기,0
해바라기씨,0
해바래기,0
해변,0
해변가,0
해빙,0
해안,0
해안선,0
해양,0
해오라기,0
해와,0
해저,0
해적,0
해조,0
해조류,0
해조음,0
해질녘,0
해초,0
해파리,0
해풍,0
해프닝,0
해후,0
햇볕,0
햇빛,0
햇빛의,0
햇빛의길,0
햇빛의향기,0
햇살,0
햇살무리,0
햇살방울,0
햇살의빛,0
햇살의소리,0
햇살의소리의향기,0
햇살의하늘,0
햇살의향기,0
햇살이,0
행복,0
행복하게,0
행복하다,0
행복한,0
행복해,0
행사,0
행운,0
행위,0
행주,0
행진,0
향긋,0
향기,0
향나무,0
향연,0
향초,0
허공,0
허리,0
허브,0
험난,0
헛간,0
헤어짐,0
헤엄,0
혀끝,0
현관,0
현대,0
현무암,0
현미,0
현미경,0
현상,0
현실,0
협동,0
형,0
형광,0
형광등,0
형광빛,0
형상,0
형용사,0
형제,0
형체,0
형형색색,0
호기,0
호기심,0
호두,0
호두나무,0
호랑이,0
호박,0
호박꽃,0
호수,0
혹등고래,0
혹부리,0
혹시,0
혼자,0
혼합,0
홀로,0
홀씨,0
홍수,0
홍시,0
홍차,0
홍합,0
화려하다,0
화분,0
화사,0
화산,0
화살,0
화원,0
화장,0
화합,0
확신,0
환상,0
환영,0
환자,0
활기,0
활동,0
활짝,0
황금,0
황금색,0
황소,0
황톳길,0
황홀하다,0
홰나무,0
회색,0
회색빛,0
횟집,0
횡단보도,0
효과,0
효도,0
후라이팬,0
후렴,0
후리,0
후추,0
후회,0
훈련,0
휘파람,0
흐느낌,0
흐드러지,0
흐드러지다,0
흐드러짐,0
흐르는,0
흐르는구름,0
흐르는물소리,0
흐르는하늘,0
흐름,0
흐름의소리,0
흐리다,0
흐린날,0
흐린하늘,0
흐림,0
흐릿,0
흐릿하다,0
흐릿한,0
흐뭇하다,0
흑단,0
흑돼지,0
흑룡,0
흑백,0
흑백사진,0
흑산도,0
흑색,0
흑설탕,0
흑염소,0
흑진주,0
흔들,0
흔들다,0
흔들리는,0
흔들리다,0
흔들림,0
흔적,0
흘러가는,0
흘러가다,0
흙,0
흙길,0
흙내,0
흙내음,0
흙냄새,0
흙더미,0
흙덩이,0
흙돋움,0
흙먼지,0
흙무덤,0
흙바닥,0
흙밭,0
흙사람,0
흙산,0
흙속,0
흙손,0
흙수저,0
흙의,0
흙의냄새,0
흙의향기,0
흙장난,0
흙탕,0
흙탕물,0
흡수,0
흥미로운,0
흩어지다,0
희귀,0
희귀식물,0
희망,0
희망사항,0
희망을,0
희망을가다,0
희망을주다,0
희망이,0
희망적,0
희망적이다,0
희망찬,0
희망하다,0
희미하다,0
희한함,0
흰개미,0
흰구름,0
흰꽃,0
흰눈,0
흰둥이,0
흰색,0
흰종이,0
흰지팡이,0
흰찔레,0
히히,0
힐끔,0
힐끗하다,0
힘,0
힘겨움,0
힘줄,0
힘찬,0
-스,1
CD플레이어,1
DVD플레이어,1
D데이,1
LaTeX,1
MP3플레이어,1
MP4플레이어,1
V사인,1
X레이,1
가나,1
가닛,1
가돌리늄,1
가드,1
가솔린,1
가스,1
가스라이팅,1
가스레인지,1
가운,1
가이드,1
가자,1
가젤,1
가젯,1
가치사슬,1
가치척도,1
가치평가,1
가필드,1
갈리,1
개그,1
개그맨,1
개버딘,1
개스킷,1
갤러리,1
갤럭시,1
갤리,1
갤릭,1
갱,1
거즈,1
거터,1
걸그룹,1
걸프렌드,1
게스트,1
게스트하우스,1
게이,1
게이다,1
게이트,1
게이프라이드,1
게임,1
게임기,1
게임오버,1
고글,1
고비,1
고스트,1
골,1
골드,1
골드바,1
골든리트리버,1
골볼,1
골키퍼,1
골퍼,1
골프,1
괌,1
구글,1
구아니딘,1
구아바,1
그라운드,1
그라피티,1
그래놀라,1
그래프,1
그래픽,1
그래픽카드,1
그램,1
그런지,1
그레이,1
그레이비,1
그레이트데인,1
그레이트브리튼,1
그레이프프루트,1
그렐린,1
그루브,1
그룹,1
그리니치,1
그리드,1
그리스,1
그린,1
그릴,1
글라스,1
글라이더,1
글램핑,1
글로브박스,1
글리세롤,1
글리세린,1
글리프,1
기가바이트,1
기가비트,1
기가픽셀,1
기가헤르츠,1
기니,1
기니비사우,1
기니피그,1
기비바이트,1
기비비트,1
기자,1
기타,1
기타리스트,1
기프트,1
기프티콘,1
깅엄,1
껌,1
나사,1
나이스,1
나이오븀,1
나이지리아,1
나이트,1
나이트클럽,1
나이팅게일,1
나이프,1
나인,1
나일론,1
나일틸라피아,1
나치즘,1
나토,1
나프타,1
나프탈렌,1
나프티리딘,1
난센스,1
남포,1
내레이션,1
내비게이션,1
냅킨,1
너클볼,1
너트,1
넘버원,1
네바다,1
네브라스카,1
네브래스카,1
네비게이션,1
네비게이터,1
네오나치,1
네오디뮴,1
네온,1
네이밍,1
네이비,1
네일,1
네임,1
네트,1
네트워크,1
네트워킹,1
네티즌,1
넥타이,1
노네인,1
노드,1
노로바이러스,1
노바스코샤,1
노벨,1
노쇼,1
노스다코타,1
노스캐럴라이나,1
노스캐롤라이나,1
노코멘트,1
노크,1
노트북,1
노하우,1
녹아웃,1
논바이너리,1
누나부트,1
누난,1
누드,1
누들,1
뉴,1
뉴런,1
뉴멕시코,1
뉴브런즈윅,1
뉴비,1
뉴스,1
뉴욕,1
뉴잉글랜드,1
뉴저지,1
뉴질랜드,1
뉴캐슬,1
뉴캐슬어폰타인,1
뉴캐슬언더라임,1
뉴트리아,1
뉴펀들랜드,1
뉴햄프셔,1
니거,1
니들,1
니삭스,1
니오비움,1
니켈,1
니코틴,1
니코틴산,1
니콜라스,1
니트,1
니트릴,1
니하이삭스,1
니힐리즘,1
닉네임,1
닌텐도코어,1
다마스쿠스,1
다우존스,1
다운로드,1
다이너마이트,1
다이렉트,1
다이빙,1
다이아,1
다이아몬드,1
다이어그램,1
다이어리,1
다이어터,1
다이어트,1
다이얼,1
다이오드,1
다이제스트,1
다큐멘터리,1
다크넷,1
다크서클,1
다크웹,1
달러,1
달링,1
대시보드,1
대처,1
댄서,1
댄스,1
댐,1
더그아웃,1
더럼,1
더반,1
더블유,1
더빙,1
덕트,1
덕트테이프,1
덤프트럭,1
덤플링,1
덤핑,1
덩크,1
덩크슛,1
데니스,1
데니어,1
데님,1
데님자켓,1
데드볼,1
데모,1
데몬,1
데시벨,1
데오도란트,1
데이,1
데이터,1
데이터베이스,1
데이터웨어하우스,1
데이트,1
데케인,1
데타,1
덱스트린,1
덴마크,1
델라웨어,1
델러웨어,1
도,1
도넛,1
도란스,1
도메인,1
도미노,1
도큐먼트,1
도파민,1
도플갱어,1
독,1
독트린,1
돌핀,1
돌핀쇼츠,1
돌하우스,1
동글,1
두리안,1
듀스,1
듀엣,1
듀오,1
드라마,1
드라이버,1
드라이브,1
드라이브뜨루,1
드라이브스루,1
드라이아이스,1
드라이클리닝,1
드래건,1
드래곤,1
드러머,1
드럼,1
드럼스틱,1
드레스,1
드론,1
드리프트,1
드릴,1
드립,1
드링크,1
디,1
디렉션,1
디렉터,1
디렉터리,1
디렉토리,1
디멘션,1
디바이더,1
디바이스,1
디버그,1
디베이트,1
디벨로퍼,1
디비전,1
디쉬,1
디스카운트,1
디스커버리,1
디스커션,1
디스켓,1
디스코,1
디스크,1
디스플레이,1
디엔에이,1
디엠,1
디자이너,1
디자인,1
디저트,1
디제이,1
디즈니,1
디즈니랜드,1
디지털,1
디지털카메라,1
디지털화,1
디퍼런스,1
디폴트,1
디프테리아,1
디플레이션,1
딜,1
딜도,1
딥스로팅,1
딥웹,1
딥톡,1
땡큐,1
라,1
라고스,1
라놀린,1
라드,1
라디에이터,1
라디오,1
라디오컨트롤,1
라마,1
라벨,1
라식,1
라우터,1
라운드,1
라운지,1
라이벌,1
라이브,1
라이브러리,1
라이선스,1
라이스버거,1
라이치,1
라이터,1
라이트,1
라이트세이버,1
라이플,1
라인,1
라인업,1
라임,1
라자냐,1
라지오,1
라켓,1
라쿤,1
라텍,1
라트비아,1
락,1
락다운,1
란타넘,1
래브라도,1
래브라도리트리버,1
래퍼,1
랙돌,1
랜덤,1
랜섬웨어,1
랜턴,1
랠리,1
램,1
램프,1
랩,1
랩톱,1
랭킹,1
러닝타임,1
러레이도,1
러브호텔,1
러스크,1
러시아,1
러시안룰렛,1
러시안블루,1
럭비,1
런닝머신,1
런다운,1
런던,1
럼,1
레,1
레귤러,1
레그,1
레깅스,1
레드,1
레드카드,1
레드카펫,1
레드테이프,1
레모네이드,1
레몬,1
레몬그래스,1
레몬주스,1
레몬치킨,1
레벨,1
레벨링,1
레벨업,1
레슬러,1
레슬링,1
레알,1
레이다,1
레이블,1
레이서,1
레이션,1
레이스,1
레이아웃,1
레이어,1
레이저,1
레인지,1
레일,1
레전드,1
레조넌스,1
레즈비언,1
레코더,1
레코드,1
레트로,1
레티놀,1
레퍼런스,1
레퍼토리,1
레포트,1
레프러콘,1
렉,1
렌더링,1
렌즈,1
로고,1
로고타이프,1
로그,1
로그아웃,1
로그인,1
로드맵,1
로드아일랜드,1
로디지아,1
로딩,1
로리,1
로맨스,1
로보트,1
로봇,1
로비,1
로션,1
로스안젤스,1
로스앤젤레스,1
로얄플러시,1
로제,1
로직,1
로커룸,1
로케이션,1
로케트,1
로켓,1
로터리,1
로토,1
록,1
론,1
론칭,1
롤,1
롤러,1
롤러코스터,1
롤리,1
롤아웃,1
롤케이크,1
롱,1
롱링크,1
루마니아,1
루머,1
루멘,1
루비,1
루비듐,1
루스,1
루시퍼,1
루이스,1
루이지아나,1
루이지애나,1
루저,1
루키,1
루틴,1
루프,1
룩,1
룰,1
룰렛,1
룸,1
룸메이트,1
르완다,1
리그,1
리더,1
리더십,1
리드,1
리듬,1
리듬게임,1
리듬앤블루스,1
리딩,1
리모넨,1
리모델링,1
리모컨,1
리모트,1
리모트컨트롤,1
리무진,1
리미트,1
리믹스,1
리바이스,1
리버시,1
리버풀,1
리본,1
리볼버,1
리부트,1
리뷰,1
리뷰어,1
리비도,1
리비아,1
리빌딩,1
리빙,1
리사이클,1
리사이틀,1
리서치,1
리셉션,1
리셋,1
리소스,1
리스너,1
리스크,1
리스트,1
리스트업,1
리스폰스,1
리시트,1
리액션,1
리어카,1
리얼,1
리얼리티,1
리얼타임,1
리자이나,1
리조트,1
리추얼,1
리치,1
리콜,1
리퀘스트,1
리큐어,1
리크,1
리투아니아,1
리튬,1
리트머스,1
리파인,1
리퍼비쉬,1
리포지토리,1
리포트,1
리프,1
리프레시,1
리프트,1
리플,1
리플렉션,1
리플렛,1
리허빌리테이션,1
리허설,1
린스,1
린우드,1
릴,1
릴리스,1
릴스,1
립스틱,1
링,1
링크,1
마가린,1
마그네슘,1
마네킹,1
마니토바,1
마닐라,1
마더,1
마라톤,1
마리후아나,1
마마보이,1
마멀레이드,1
마멋,1
마모셋,1
마사지,1
마샤,1
마스카라,1
마스코트,1
마스크,1
마스킹테이프,1
마스터베이션,1
마시멜로,1
마싸지,1
마요네즈,1
마우스,1
마우스피스,1
마우스휠,1
마이너스,1
마이웨이,1
마이크,1
마이크로그램,1
마이크로버스,1
마이크로블로그,1
마이크로소프트,1
마이크로폰,1
마이크로프로세서,1
마인크래프트,1
마일,1
마임,1
마체테,1
마카오,1
마커,1
마커펜,1
마케팅,1
마켓,1
마크,1
마킹펜,1
마트,1
마포,1
만델라이펙트,1
말디브,1
말라리아,1
말레이,1
망가니즈,1
망고,1
망고주스,1
매너,1
매니저,1
매니지먼트,1
매니큐어,1
매니토바,1
매릴랜드,1
매머드,1
매사추세츠,1
매스미디어,1
매직,1
매치,1
매치포인트,1
매칭,1
매트리스,1
맥,1
맥도날드,1
맨션,1
맨스플레인,1
맨해튼,1
맬웨어,1
맵,1
맹크스,1
머스터드,1
머신,1
머플러,1
머피,1
머핀,1
메가바이트,1
메가비트,1
메가폰,1
메가픽셀,1
메가헤르츠,1
메뉴,1
메달,1
메달리스트,1
메디케어,1
메리크리스마스,1
메릴랜드,1
메모,1
메모리,1
메비바이트,1
메비비트,1
메소드,1
메시지,1
메신저,1
메이스,1
메이크업,1
메인,1
메인쿤,1
메인페이지,1
메일,1
메커니즘,1
메타,1
메타데이터,1
메타버스,1
메타픽션,1
메탐페타민,1
메터,1
메테인,1
멕시코,1
멘션,1
멘토,1
멘토링,1
멘티,1
멜로드라마,1
멜로디,1
멜론,1
멜버른,1
멜번,1
멤버,1
모노키니,1
모니터,1
모니터링,1
모델,1
모델링,1
모뎀,1
모듈,1
모듈화,1
모드,1
모로코,1
모르타르,1
모르폴린,1
모르핀,1
모멘텀,1
모바일,1
모바일폰,1
모션,1
모스크,1
모자이크,1
모터,1
모터보트,1
모터사이클,1
모터쇼,1
모터스포츠,1
모텔,1
모토,1
모토크로스,1
모티브,1
모티프,1
모페드,1
모폴로지,1
몬순,1
몬스터,1
몬타나,1
몬태나,1
몬테네그로,1
몬트리올,1
몰,1
몰디브,1
몰리브데넘,1
몰티즈,1
몽구스,1
무빙워크,1
무에타이,1
뮈슬리,1
뮤,1
뮤지컬,1
뮤직,1
뮤직비디오,1
미끼샤,1
미네소타,1
미니,1
미니골프,1
미니맥스,1
미니미터,1
미니바,1
미니밴,1
미니버스,1
미니스커트,1
미니시리즈,1
미니어처,1
미니카,1
미니카메라,1
미니컴퓨터,1
미들네임,1
미디어,1
미리견,1
미사일,1
미스,1
미스터,1
미스터리,1
미시간,1
미시건,1
미시사가,1
미시소가,1
미시소거,1
미시시피,1
미싸일,1
미아,1
미어캣,1
미주리,1
미키마우스,1
미터,1
미트,1
미트볼,1
미팅,1
믹서,1
민서,1
민트,1
민트초콜릿,1
민트초콜릿칩,1
밀레니엄,1
밀리리터,1
밀리미터,1
밀크,1
밀크셰이크,1
밀크티,1
밈,1
밍크,1
바,1
바겐세일,1
바나나,1
바나듐,1
바닐라,1
바륨,1
바바야가,1
바벨,1
바비큐,1
바스기타,1
바스스카프,1
바이너리,1
바이든,1
바이러스,1
바이블,1
바이스,1
바이슨,1
바이오,1
바이오폴리머,1
바이올리니스트,1
바이올린,1
바이트,1
바질,1
바코드,1
바텀,1
바텐더,1
바티스트,1
바티칸,1
박스,1
박테리아,1
반달리즘,1
발라드,1
발리니즈,1
발리볼,1
발리송,1
발코니,1
밧데리,1
방글라데슈,1
방글라데시,1
방콕,1
배너,1
배드민턴,1
배지,1
배터리,1
배트맨,1
백,1
백개먼,1
백그라운드,1
백도어,1
백보드,1
백신,1
백업,1
백파이프,1
백팩,1
밴,1
밴드,1
밴쿠버,1
밸런타인데이,1
밸브,1
뱀파이어,1
뱅킹,1
버거,1
버그,1
버니걸,1
버몬트,1
버미즈,1
버버리,1
버블검,1
버블티,1
버스,1
버저,1
버저비터,1
버전,1
버지니아,1
버추얼,1
버클,1
버클륨,1
버터,1
버터밀크,1
버튼,1
버팔로,1
번트,1
범퍼,1
범퍼카,1
베니스,1
베달,1
베두인,1
베란다,1
베레,1
베릴륨,1
베스트셀러,1
베스트프렌드,1
베어링,1
베오울프,1
베이글,1
베이루트,1
베이비,1
베이비시터,1
베이스,1
베이스기타,1
베이시스트,1
베이지,1
베이컨,1
베일,1
벡터,1
벡토르,1
벤치,1
벤치마크,1
벨,1
벨리댄스,1
벨리제,1
벨리즈,1
벨베틴,1
벨벳,1
벨뷰,1
벨트,1
벳남,1
보,1
보너스,1
보노보,1
보닛,1
보드,1
보드게임,1
보디가드,1
보디빌딩,1
보링,1
보스,1
보스전,1
보스턴,1
보이그룹,1
보이밴드,1
보이즈러브,1
보이콧,1
보이프렌드,1
보일러,1
보잉,1
보컬리스트,1
보트,1
복서,1
복싱,1
복싱데이,1
본디지,1
볼,1
볼러,1
볼런티어,1
볼륨,1
볼링,1
볼트,1
볼펜,1
봅슬레드,1
봅슬레이,1
봇,1
부르키니,1
부츠,1
북마크,1
북스타그래머,1
북스타그램,1
분젠버너,1
불가리아,1
불도저,1
불리,1
불펜,1
붐,1
뷰,1
뷰테인,1
뷰파인더,1
브라,1
브라더,1
브라우니,1
브라우저,1
브라운,1
브래지어,1
브랜드,1
브랜디,1
브랜딩,1
브러시,1
브레이크,1
브레인,1
브레인스토밍,1
브로맨스,1
브로민,1
브로셔,1
브로치,1
브로커,1
브로콜리,1
브리지,1
브리텐,1
브리튼,1
브리티시쇼트헤어,1
브리티시컬럼비아,1
브리핑,1
브이,1
브이사인,1
브이피엔,1
블라우스,1
블라인드,1
블랙,1
블랙리스트,1
블랙잭,1
블랙커피,1
블랙코미디,1
블랙크리스마스,1
블랙프라이데이,1
블랙홀,1
블러셔,1
블렌더,1
블렌드,1
블로거,1
블로그,1
블록,1
블록버스터,1
블루,1
블루레이,1
블루베리,1
블루스,1
블루진,1
블루투스,1
블링블링,1
비건,1
비글,1
비날론,1
비네거,1
비니,1
비닐,1
비디오,1
비디오게임,1
비디오카메라,1
비디오테이프,1
비버,1
비숍,1
비스킷,1
비어,1
비엔나,1
비엔나소시지,1
비자,1
비주얼,1
비즈니스,1
비즈니스맨,1
비즈니스모델,1
비치발리볼,1
비치볼,1
비커,1
비키니,1
비타민,1
비타민A,1
비타민B,1
비타민C,1
비타민D,1
비타민E,1
비타민K,1
비트,1
비트맵,1
비트박스,1
비트코인,1
비틀스,1
빅맥,1
빅뱅,1
빅토리아,1
빈볼,1
빈지워칭,1
빌딩,1
빌라,1
빌런,1
빔,1
빙고,1
빠이빠이,1
뻐스,1
뻐큐,1
삘,1
사르코파구스,1
사리,1
사린,1
사마륨,1
사마리아,1
사바나,1
사스,1
사우나,1
사우디아라비아,1
사우스다코타,1
사우스캐럴라이나,1
사우스캐롤라이나,1
사운드,1
사운드이펙트,1
사운드트랙,1
사워크림,1
사이다,1
사이드,1
사이드바,1
사이렌,1
사이버불링,1
사이보그,1
사이스,1
사이언스,1
사이언스픽션,1
사이언티스트,1
사이즈,1
사이클,1
사이클론,1
사이클링,1
사이트,1
사이펀,1
사이폰,1
사이하이삭스,1
사인,1
사인오브더혼스,1
사파리,1
산타,1
산타클로스,1
살루키,1
살사,1
새너토리엄,1
색소폰,1
샌드박스,1
샌드백,1
샌드위치,1
샌들,1
샌프란시스코,1
샐러드,1
샐러리,1
샘플,1
샤먼,1
샤워,1
샤타,1
샬럿,1
샬럿타운,1
샴페인,1
샴푸,1
샷,1
샷건,1
서밋,1
서버,1
서버리스,1
서벌,1
서베이,1
서브,1
서브루틴,1
서브메뉴,1
서브스크립션,1
서브스턴스,1
서브젝트,1
서브컬처,1
서비스,1
서비스맨,1
서스캐처원,1
서스펜스,1
서커스,1
서클,1
서퍼,1
서포터,1
서포트,1
서프라이즈,1
서프보드,1
서플라이,1
서핑,1
선글라스,1
선루프,1
선크림,1
설폰,1
섬네일,1
세그먼트,1
세륨,1
세르비아,1
세리머니,1
세멘트,1
세미나,1
세미콜론,1
세부,1
세븐,1
세션,1
세슘,1
세이브,1
세이프,1
세인트존스,1
세인트피터즈버그,1
세일,1
세트,1
섹션,1
섹스,1
섹시,1
섹트,1
센서,1
센터,1
센트,1
센티미터,1
셀러리,1
셀레나,1
셀레늄,1
셀렉션,1
셀로테이프,1
셀룰러폰,1
셀룰로이드,1
셀카,1
셔츠,1
셔터,1
셔틀,1
셰이크,1
셸,1
소셜,1
소셜미디어,1
소셜저스티스워리어,1
소스,1
소스코드,1
소시지,1
소켓,1
소파,1
소프트볼,1
소프트웨어,1
소프트커버,1
솔,1
솔로,1
솔로몬,1
솔루션,1
쇼,1
쇼라인,1
쇼룸,1
쇼비니즘,1
쇼어라인,1
쇼윈도,1
쇼츠,1
쇼케이스,1
쇼크,1
쇼트,1
쇼트닝,1
쇼트트랙,1
쇼트트랙스피드스케이팅,1
쇼핑,1
쇼핑몰,1
쇼핑센터,1
숏텐츠,1
숏팬츠,1
수트,1
수프,1
쉘,1
쉬메일,1
쉿,1
슈트,1
슈트케이스,1
슈퍼,1
슈퍼대디,1
슈퍼마켓,1
슈퍼맘,1
슈퍼맨,1
슈퍼모델,1
슈퍼문,1
슈퍼스타,1
슈퍼우먼,1
슈퍼컴퓨터,1
슛,1
스내치,1
스냅,1
스냅샷,1
스노보드,1
스노우글로브,1
스노클,1
스노클링,1
스니커즈,1
스리섬,1
스릴러,1
스마일,1
스마트,1
스마트워치,1
스마트폰,1
스마트폰좀비,1
스모그,1
스무디,1
스와질란드,1
스워질랜드,1
스웨덴,1
스웨터,1
스웨트셔츠,1
스위치,1
스윙,1
스카,1
스카우트,1
스카이,1
스카이다이빙,1
스카치테이프,1
스카프,1
스칸듐,1
스칼라,1
스캐너,1
스캔,1
스캔들,1
스커트,1
스컹크,1
스케이트,1
스케이트보드,1
스케일,1
스케일링,1
스케주얼,1
스케줄,1
스케줄러,1
스케줄링,1
스케치,1
스케트,1
스켈레톤,1
스코어,1
스코어보드,1
스코틀랜드,1
스코프,1
스쿠버다이빙,1
스쿠터,1
스쿨버스,1
스쿼시,1
스퀴즈,1
스크랩,1
스크롤,1
스크롤링,1
스크롤바,1
스크롤휠,1
스크린,1
스크린도어,1
스크린샷,1
스크린세이버,1
스크립트,1
스키,1
스키니진,1
스키어,1
스킨,1
스킬,1
스킬셋,1
스킴,1
스타,1
스타디오,1
스타디움,1
스타벅스,1
스타일,1
스타일러스,1
스타일링,1
스타일시트,1
스타킹,1
스타트업,1
스탑워치,1
스태프,1
스택,1
스탠다드,1
스탠더드,1
스탠드,1
스탠스,1
스탭,1
스터킹,1
스턴트맨,1
스테로이드,1
스테이션,1
스테이지,1
스테이징,1
스테이크,1
스테이터스,1
스테이플러,1
스테퍼,1
스텝,1
스토리,1
스토리보드,1
스토브,1
스토커,1
스토킹,1
스톤,1
스톤헨지,1
스톱워치,1
스툴,1
스튜,1
스튜던트,1
스튜디오,1
스튜어디스,1
스트라이크,1
스트라이크존,1
스트레스,1
스트레스볼,1
스트레이트,1
스트레이트플러시,1
스트레치,1
스트레칭,1
스트로,1
스트로우,1
스트론튬,1
스트리머,1
스트리밍,1
스트리크닌,1
스티어링휠,1
스티커,1
스틱,1
스틸,1
스틸턴,1
스파게티,1
스파이,1
스파이웨어,1
스파크,1
스판덱스,1
스패너,1
스팸,1
스팸메일,1
스팽킹,1
스펀지,1
스페셜,1
스페어,1
스페이드,1
스페이스,1
스페이스바,1
스페인,1
스페인워터도그,1
스펙,1
스펙트럼,1
스펙트레이터,1
스포일러,1
스포츠,1
스포츠스태킹,1
스포츠웨어,1
스포츠카,1
스포캔,1
스포트라이트,1
스폰,1
스폰서,1
스푼,1
스풀,1
스프,1
스프레드,1
스프레드시트,1
스프레이,1
스프린트,1
스프링,1
스프링클러,1
스플리터,1
스플릿,1
스피드,1
스피드스케이팅,1
스피커,1
스핑크스,1
슬라브,1
슬라이더,1
슬라이드,1
슬라임,1
슬래시,1
슬랙,1
슬랩스틱,1
슬러시,1
슬레지해머,1
슬로건,1
슬로바키아,1
슬리퍼,1
슬리핑백,1
시그널,1
시나고그,1
시나리오,1
시나몬,1
시냅스,1
시너지,1
시드니,1
시디,1
시럽,1
시리얼,1
시리즈,1
시멘트,1
시뮬레이션,1
시뮬레이터,1
시뮬레이트,1
시베리아,1
시베리안,1
시소,1
시스터,1
시스템,1
시아노코발라민,1
시아이에이,1
시애틀,1
시즌,1
시카고,1
시퀀스,1
시트,1
시티걸,1
시티보이,1
시폰,1
시프트,1
시프트키,1
식스,1
신,1
신놀린,1
신데렐라,1
신디케이트,1
신시사이저,1
실,1
실로폰,1
실리콘,1
실린더,1
실버,1
실크로드,1
심벌즈,1
심포지엄,1
싱가포르,1
싱글,1
싱어,1
싱어송라이터,1
싱커,1
싱크,1
싱크탱크,1
쎈터,1
쓰리,1
쓰리오브어카인드,1
씸,1
아가,1
아나운서,1
아나키즘,1
아날로그,1
아드레날린,1
아랍,1
아르곤,1
아르마딜로,1
아리조나,1
아마존,1
아마추어,1
아말감,1
아메리카,1
아몬드,1
아미노,1
아미딘,1
아민,1
아보카도,1
아비시니안,1
아서,1
아세나프텐,1
아세안,1
아스키,1
아스텍,1
아스파라거스,1
아스팔트,1
아시아,1
아웃,1
아웃사이더,1
아웃소싱,1
아이다호,1
아이돌,1
아이디,1
아이디어,1
아이러니,1
아이쇼핑,1
아이스,1
아이스댄싱,1
아이스박스,1
아이스캔디,1
아이스커피,1
아이스크림,1
아이스하키,1
아이슬란드,1
아이싱,1
아이오딘,1
아이오와,1
아이콘,1
아이콘택트,1
아이큐,1
아이템,1
아이티,1
아이폰,1
아제티딘,1
아줄렌,1
아즈텍,1
아치,1
아카데미,1
아카시아,1
아카이브,1
아칸소,1
아케이드,1
아케이드게임,1
아코디언,1
아크리딘,1
아크릴,1
아키텍처,1
아트,1
아트워크,1
아트웍,1
아티스트,1
아티초크,1
아티피셜인텔리전스,1
아포스트로피,1
아프리카,1
악센트,1
안드로메다,1
안드로이드,1
안초비,1
안테나,1
안트라센,1
안티,1
안티모니,1
알,1
알고리듬,1
알고리즘,1
알데하이드,1
알라바마,1
알라배마,1
알람,1
알래스카,1
알레고리,1
알렉산더,1
알루미늄,1
알리바이,1
알리움,1
알버타,1
알부민,1
알앤비,1
알카인,1
알칸,1
알칼리,1
알케인,1
알켄,1
알코올,1
알콜,1
알킨,1
알트키,1
알파벳,1
알파카,1
암릿,1
암모나이트,1
암모니아,1
암페어,1
애너그램,1
애널리스트,1
애널리시스,1
애널리틱스,1
애니메이션,1
애니메이터,1
애드,1
애드리브,1
애드벌룬,1
애드벤처,1
애드웨어,1
애리조나,1
애스터리스크,1
애프터,1
애플,1
애플리케이션,1
애피타이저,1
액세서리,1
액세스,1
액션,1
액티비티,1
앤,1
앨라바마,1
앨라배마,1
앨러바마,1
앨러배마,1
앨리게이터,1
앨리스,1
앨버타,1
앨범,1
앨빈,1
앰뷸런스,1
앰프,1
앱,1
앵글로색슨,1
앵커,1
앵커리지,1
야드,1
양키,1
어댑터,1
어드바이스,1
어드바이저,1
어드밴스,1
어드벤처,1
어셈블러,1
어셈블리,1
어시스트,1
어워드,1
어젠다,1
어카운트,1
어플리케이션,1
어필,1
언박싱,1
언팔로우,1
언팔로워,1
얼터너티브록,1
업그레이드,1
업데이트,1
업로드,1
에너지,1
에너지바,1
에드먼턴,1
에러,1
에르고칼시페롤,1
에뮤,1
에미리트,1
에세이,1
에스,1
에스에스디,1
에스컬레이터,1
에스케이프,1
에스케이프키,1
에스키모,1
에스터,1
에스테르,1
에스페란토,1
에어로젤,1
에어로졸,1
에어백,1
에어쇼,1
에어컨디셔너,1
에어쿠션,1
에어프라이어,1
에이,1
에이스,1
에이아이,1
에이즈,1
에이치,1
에이커,1
에일리언,1
에잇,1
에코,1
에터,1
에테르,1
에테인,1
에티오피아,1
에티튜드,1
에프,1
에피네프린,1
에피소드,1
엑사바이트,1
엑사비트,1
엑스,1
엑스레이,1
엑스비바이트,1
엑스비비트,1
엑토플라즘,1
엔,1
엔딩,1
엔지니어링,1
엔진,1
엔진오더텔레그래프,1
엔터테인먼트,1
엘,1
엘리자베스,1
엘리트,1
엘에이,1
엘지비티,1
엠,1
예멘,1
예일,1
옐로,1
옐로나이프,1
옐로카드,1
오,1
오거,1
오건디,1
오늄,1
오델로,1
오드아이,1
오디오,1
오디오북,1
오레건,1
오레오,1
오렌지,1
오렌지에이드,1
오렌지주스,1
오리건,1
오리엔테이션,1
오리지널,1
오리지널캐릭터,1
오만,1
오바마케어,1
오버클럭,1
오버타임,1
오벨리스크,1
오브젝트,1
오븐,1
오사존,1
오세아니아,1
오스뮴,1
오스트리아,1
오스틴,1
오아시스,1
오케스트라,1
오케이,1
오크,1
오크라,1
오클라호마,1
오타와,1
오토만,1
오토메이션,1
오토바이,1
오트밀,1
오페라,1
오페레타,1
오프닝,1
오프라인,1
오픈북,1
오피스,1
오하이오,1
옥사졸,1
옥션,1
옥시토신,1
옥심,1
옥테인,1
온라인,1
온타리오,1
올드미스,1
올리고,1
올리브,1
올림픽,1
올스타,1
옵션,1
와셔,1
와우,1
와이,1
와이오밍,1
와이파이,1
와이퍼,1
와이프,1
와인,1
와트,1
왈츠,1
요가,1
요거트,1
요비바이트,1
요비비트,1
요요,1
요크셔,1
요크셔테리어,1
요타바이트,1
요타비트,1
요트,1
요하네스버그,1
요하네스뷔르그,1
우먼,1
우스터셔소스,1
울,1
울버린,1
워드마크,1
워라밸,1
워싱턴,1
워싱톤,1
워크벤치,1
워크숍,1
워크스테이션,1
워크스페이스,1
워크앤라이프밸런스,1
워키토키,1
워터도그,1
워터파크,1
원,1
원더랜드,1
원더우먼,1
원샷,1
원치,1
원페어,1
원피스,1
월드시리즈,1
월드컵,1
웜뱃,1
웜홀,1
웨딩드레스,1
웨브페지,1
웨스턴,1
웨스트버지니아,1
웨이블릿,1
웨이터,1
웨이트리스,1
웨일스,1
웰시코기,1
웹,1
웹디자이너,1
웹디자인,1
웹브라우저,1
웹코믹,1
웹툰,1
웹페이지,1
위구르,1
위니펙,1
위스컨신,1
위스콘신,1
위스키,1
위키,1
위키마크업,1
위키텍스트,1
위키프로젝트,1
위키피디아,1
윅셔너리,1
윈도쇼핑,1
윈도우키,1
윌리엄,1
윙크,1
유,1
유니스,1
유니언잭,1
유니코드,1
유니콘,1
유니폼,1
유로비트,1
유로퓸,1
유머,1
유스호스텔,1
유심,1
유에프오,1
유엔,1
유저박스,1
유저인터페이스,1
유콘,1
유타,1
유턴,1
유토피아,1
유튜버,1
유튜브,1
이,1
이구아나,1
이글루,1
이노시톨,1
이닝,1
이리듐,1
이메일,1
이모,1
이모지,1
이미다졸,1
이미지,1
이벤트,1
이북,1
이브,1
이소니트릴,1
이소시아니드,1
이스터에그,1
이스트,1
이어링,1
이어폰,1
이집트,1
이칼루이트,1
이트륨,1
인공지능,1
인덱스,1
인덴,1
인도네시아,1
인도차이나,1
인돌,1
인듐,1
인디비주얼,1
인디아,1
인디아나,1
인디애나,1
인디케이션,1
인디케이터,1
인모션,1
인바운드,1
인벤토리,1
인사이트,1
인스타그래머,1
인스타그램,1
인스턴스,1
인스턴트,1
인스톨,1
인스트럭션,1
인스펙션,1
인스프레이션,1
인치,1
인터네트,1
인터넷,1
인터랙션,1
인터뷰,1
인터페이스,1
인턴,1
인턴십,1
인테리어,1
인포그래픽,1
인포메이션,1
인프라,1
인프라스트럭처,1
인플레이션,1
인플루언서,1
인플루엔자,1
인필드플라이,1
일러스트,1
일러스트레이션,1
일레븐,1
일렉트로닉스,1
일리노이,1
임팔라,1
임팩트,1
입스,1
잉글랜드,1
잉크,1
자메이카,1
자바스크립트,1
자바애플,1
자칼,1
자켓,1
잔탄검,1
잔텐,1
재규어,1
재즈,1
재킷,1
잭,1
잭프루트,1
잼,1
쟈바,1
저널리스트,1
저널리즘,1
저마늄,1
저크,1
점프,1
정글,1
정크메일,1
정크푸드,1
제논,1
제니,1
제드,1
제로,1
제로섬게임,1
제비바이트,1
제비비트,1
제스처,1
제이,1
제인,1
제타바이트,1
제타비트,1
제트,1
젠더,1
젤,1
젤리,1
져메이커,1
조깅,1
조로아스터,1
조이스틱,1
조지,1
조지아,1
조커,1
존,1
좀비,1
죠지아,1
주노,1
주롱이스트,1
주스,1
주크박스,1
줄,1
줌바,1
줌아웃,1
줌인,1
쥐,1
지,1
지갑,1
지구라트,1
지르코늄,1
지퍼,1
지하철,1
진,1
진토닉,1
짐바브웨,1
집시,1
징크스,1
차이나타운,1
차이니스,1
차임,1
차터,1
차트,1
찬스,1
찰스,1
채널,1
채팅,1
채플,1
챌린지,1
챔피언,1
챗봇,1
챗지피티,1
청바지,1
체르노빌,1
체리,1
체스,1
체인,1
체커,1
체커플래그,1
체크박스,1
첼로,1
첼리스트,1
초콜렛,1
초콜릿,1
추리닝,1
츄잉껌,1
치어리더,1
치어리딩,1
치즈,1
치즈버거,1
치커리,1
치킨,1
치킨너겟,1
치킨버거,1
치타,1
칠리,1
칠리소스,1
침팬지,1
칩,1
카,1
카니발,1
카다몸,1
카드,1
카드뮴,1
카디건,1
카라긴,1
카라멜,1
카라멜애플,1
카라반,1
카라칼,1
카란,1
카르볼린,1
카르빌아민,1
카르텔,1
카메라,1
카메라맨,1
카메라폰,1
카멜레온,1
카바졸,1
카브,1
카세트,1
카약,1
카우걸,1
카우보이,1
카우치,1
카운터,1
카이로,1
카이만,1
카키,1
카탈로그,1
카테킨,1
카투사,1
카트,1
카페인,1
카펫,1
카플,1
카피바라,1
칵테일,1
칼라,1
칼럼,1
칼로리,1
칼슘,1
칼시움,1
캄보디아,1
캄판,1
캐나다,1
캐나다달러,1
캐나디안풋볼,1
캐넌,1
캐러멜,1
캐럿,1
캐릭터,1
캐비어,1
캐빈,1
캐서린,1
캐스팅,1
캐시,1
캐치프레이즈,1
캔,1
캔디,1
캔디애플,1
캔디케인,1
캔버라,1
캔버스,1
캔사스,1
캔자스,1
캘가리,1
캘거리,1
캘리포니아,1
캘린더,1
캠,1
캠퍼스,1
캠페인,1
캠프,1
캠프파이어,1
캠핑,1
캡,1
캡사이신,1
캡슐,1
캡스턴,1
캣휠,1
캥거루,1
캬라멜,1
커넥션,1
커넥트,1
커리,1
커리큘럼,1
커맨드,1
커맨드라인,1
커먼,1
커먼마모셋,1
커뮤니케,1
커뮤니케이션,1
커뮤니티,1
커미션,1
커밋,1
커밍아웃,1
커버,1
커브,1
커브볼,1
커스터마이징,1
커터,1
커튼,1
커프스,1
커플,1
커피,1
커피메이커,1
커피숍,1
커피포트,1
컨디션,1
컨버터블,1
컨베이어,1
컨설팅,1
컨셉,1
컨텐츠,1
컨트롤,1
컨트롤키,1
컨퍼런스,1
컬래버레이션,1
컬러,1
컬러텔레비전,1
컬럼,1
컬렉션,1
컬링,1
컬트,1
컴싸,1
컴파운드,1
컴퍼니,1
컴포넌트,1
컴퓨터,1
컴퓨터게임,1
컴플라이언스,1
컴플렉스,1
컵,1
컵케이크,1
컷,1
케냐,1
케니아,1
케밥,1
케블,1
케이,1
케이블,1
케이블카,1
케이지비,1
케이크,1
케이터링,1
케이트,1
케첩,1
케톤,1
켄터키,1
켄트,1
켈빈,1
코기,1
코너,1
코너킥,1
코네티컷,1
코듀로이,1
코드,1
코드네임,1
코디네이터,1
코딩,1
코란,1
코로나,1
코로나바이러스,1
코리아,1
코리아게이트,1
코리안,1
코린,1
코멘트,1
코미디,1
코미디언,1
코믹스,1
코발트,1
코브라,1
코스,1
코스모스,1
코스튬,1
코알라,1
코어,1
코인,1
코치,1
코칭,1
코카인,1
코카콜라,1
코코넛,1
코코아,1
코트,1
코튼,1
코퓰러,1
콘,1
콘도그,1
콘도미니엄,1
콘돔,1
콘드비프,1
콘랭,1
콘리,1
콘비프,1
콘서트,1
콘셉트,1
콘크리트,1
콘택트,1
콘택트렌즈,1
콘테스트,1
콘텐츠,1
콘플레이크,1
콜,1
콜라,1
콜라보,1
콜라보레이션,1
콜레라,1
콜레스테롤,1
콜로라도,1
콜론,1
콜린,1
콜옵션,1
콤마,1
콤바인,1
콤비네이션,1
콤퓨터,1
콤플렉스,1
콩글리시,1
쿠겔,1
쿠션,1
쿠키,1
쿠폰,1
쿼드,1
쿼리,1
쿼크,1
쿼터,1
쿼티,1
퀄리티,1
퀘벡,1
퀘스트,1
퀴나졸린,1
퀴녹살린,1
퀴논,1
퀴놀린,1
퀴즈,1
퀸,1
큐,1
큐레이션,1
큐브,1
크라우드펀딩,1
크래시,1
크래커,1
크래프트,1
크랜베리,1
크랜베리주스,1
크레디트,1
크레디트카드,1
크레딧,1
크레이트,1
크레인,1
크로넛,1
크로마키,1
크로뮴,1
크로스,1
크로스드레싱,1
크롭탑,1
크루즈,1
크리스,1
크리스마스,1
크리스마스이브,1
크리스마스케이크,1
크리스마스쿠키,1
크리스마스트리,1
크리스마스푸딩,1
크리스천,1
크리에이션,1
크리에이터,1
크리에이티브,1
크리켓,1
크리틱,1
크리틱스,1
크림,1
크립톤,1
크산텐,1
클라리넷,1
클라우드,1
클라이맥스,1
클라이언트,1
클래스,1
클래스메이트,1
클래식,1
클랜,1
클램프,1
클러스터,1
클러치,1
클럽,1
클로버,1
클리닉,1
클리닝,1
클리어,1
클리토리스,1
클리프행어,1
클릭,1
클린,1
클린앤저크,1
클립,1
키,1
키로메터,1
키로와트,1
키링,1
키보드,1
키비바이트,1
키비비트,1
키슈,1
키스,1
키신저,1
키싱구라미,1
키오스크,1
키워드,1
키위,1
키체인,1
키치,1
키트,1
키퍼,1
킥,1
킥복서,1
킥복싱,1
킥볼,1
킥오프,1
킬러,1
킬로,1
킬로그람,1
킬로그램,1
킬로미터,1
킬로바이트,1
킬로볼트,1
킬로비트,1
킬로칼로리,1
킬로헤르츠,1
킬트,1
킹,1
킹코브라,1
타겟,1
타겟팅,1
타깃,1
타우마타와카탕이항아코아우아우오타마테아투리푸카카피키마웅아호로누쿠포카이웨누아키타나타후,1
타워,1
타월,1
타이레놀,1
타이머,1
타이밍,1
타이어,1
타이타늄,1
타이틀,1
타이페이,1
타이포그래피,1
타이프라이터,1
타일,1
타임,1
타임라인,1
타임머신,1
타임스탬프,1
타임아웃,1
타임존,1
타입,1
타코마,1
타키온,1
타투,1
타프,1
타피르,1
타피오카펄,1
탐폰,1
탑,1
탑재,1
태그,1
태블릿,1
태피터,1
택,1
택시,1
택시미터,1
탠,1
탭,1
탱고,1
탱커,1
탱크,1
탱키니,1
터널,1
터더킨,1
터미널,1
터부,1
터븀,1
터빈,1
터치스크린,1
터치패널,1
터치패드,1
터치폰,1
터키,1
터키시반,1
터키시앙고라,1
테네시,1
테니스,1
테니스코트,1
테니시,1
테디베어,1
테라바이트,1
테라비트,1
테러,1
테러리스트,1
테러리즘,1
테마,1
테비바이트,1
테비비트,1
테스트,1
테이블,1
테이크아웃,1
테이프,1
테이프레코더,1
테크네튬,1
테크놀로지,1
테크닉,1
텍사스,1
텍스트,1
텍스트북,1
텐,1
텐션,1
텐트,1
텔레비전,1
텔레비전네트워크,1
텔레비전채널,1
텔레타이프,1
텔레파시,1
텔레포테이션,1
텔레포트,1
텔루륨,1
텔펜,1
템플렛,1
템플릿,1
토너먼트,1
토네이도,1
토닉워터,1
토론토,1
토마토,1
토마토주스,1
토스,1
토스터,1
토스트,1
토익,1
토치,1
토코페롤,1
토큰,1
토터셸,1
토트넘,1
토트백,1
토파즈,1
토피애플,1
토픽,1
토핑,1
톤,1
투,1
투명성,1
투어,1
투탕카멘,1
투톤,1
투페어,1
투피스,1
툴,1
툴팁,1
튜브,1
튜브탑,1
튜토리얼,1
튤립,1
트라이앵글,1
트래블,1
트래커,1
트래킹,1
트래픽,1
트랙,1
트랙터,1
트랜스,1
트랜스미터,1
트랜스젠더,1
트랜스포트,1
트랜잭션,1
트랜지스터,1
트램,1
트램펄린,1
트러스트,1
트럭,1
트럼펫,1
트럼프,1
트렁크,1
트레이,1
트레이너,1
트레이닝,1
트렌드,1
트렌딩,1
트렌치,1
트로프,1
트로피,1
트로필륨,1
트롤,1
트롤리,1
트롤리버스,1
트리,1
트리거,1
트리트먼트,1
트위터,1
트윗,1
티,1
티백,1
티베트,1
티뷔,1
티비,1
티셔츠,1
티슈,1
티스푼,1
티아졸,1
티아진,1
티오펜,1
티켓,1
티타늄,1
틱,1
틱택토,1
틱톡,1
틱톡커,1
틴에이저,1
팀,1
팀워크,1
팀플레이,1
팁,1
파고다,1
파노라마,1
파라노이아,1
파라다이스,1
파라다임,1
파라미터,1
파라오,1
파라핀,1
파스닙,1
파스타,1
파슬리,1
파시스트,1
파시즘,1
파우더,1
파운데이션,1
파운드,1
파울,1
파이,1
파이내플,1
파이널,1
파이브,1
파이팅,1
파이프,1
파이프라인,1
파이프오르간,1
파인더,1
파인애플,1
파인애플주스,1
파일,1
파일럿,1
파일시스템,1
파트너,1
파트너쉽,1
파트너십,1
파트타임,1
파티,1
판다,1
판타지,1
팔라듐,1
팔레스타인,1
팔레트,1
팔로우,1
팔로워,1
팔로잉,1
팝송,1
팝업,1
팝콘,1
팟캐스트,1
패널,1
패러다임,1
패러독스,1
패러디,1
패럴림픽,1
패션,1
패션쇼,1
패션프루츠,1
패스,1
패스워드,1
패스트볼,1
패스트푸드,1
패스포트,1
패싱,1
패치,1
패키지,1
패키징,1
패킷,1
패턴,1
패티,1
팩,1
팩스,1
팩시밀리,1
팩토리,1
팩트,1
팬,1
팬덤,1
팬데믹,1
팬아트,1
팬츠,1
팬케이크,1
팬클럽,1
팬터마임,1
팬티,1
팬픽,1
팬픽션,1
팸플릿,1
퍼레이드,1
퍼브,1
퍼블리시티,1
퍼센트,1
퍼센티지,1
퍼즐,1
퍼즐게임,1
퍼티,1
퍼팅그린,1
퍼펙트,1
퍼펙트게임,1
퍼포먼스,1
퍼플,1
퍽,1
펀드,1
펀치,1
펄,1
펄사,1
펌,1
펌웨어,1
펌프,1
펑고,1
펑크,1
펑크록,1
페나진,1
페난트렌,1
페난트리딘,1
페널티킥,1
페놀,1
페니,1
페달,1
페더럴웨이,1
페도미터,1
페럿,1
페르시안,1
페미니스트,1
페미니즘,1
페비바이트,1
페비비트,1
페스티벌,1
페어,1
페어리,1
페이먼트,1
페이스북,1
페이즈,1
페이지,1
페이징,1
페이퍼,1
페이퍼백,1
페인트,1
페키니즈,1
페타바이트,1
페타비트,1
페티시즘,1
페퍼로니,1
펜,1
펜스,1
펜실베니아,1
펜실베이니아,1
펜싱,1
펜치,1
펜타곤,1
펜테인,1
펜팔,1
펠라티오,1
펠리컨,1
펠트,1
펠트펜,1
펩시,1
펩시콜라,1
펩타이드,1
펩티드,1
펭귄,1
포,1
포니테일,1
포럼,1
포르노그래피,1
포르투갈워터도그,1
포르피린,1
포르핀,1
포름알데히드,1
포리지,1
포마드,1
포스터,1
포스터컬러,1
포스트잇,1
포오브어카인드,1
포인세티아,1
포인터,1
포인트,1
포일,1
포즈,1
포춘쿠키,1
포치,1
포커,1
포켓,1
포켓볼,1
포크,1
포크볼,1
포탈,1
포털,1
포토,1
포토그래프,1
포토레지스트,1
포트,1
포트폴리오,1
포플러,1
폰,1
폴댄스,1
폴더,1
폴란드,1
폴로,1
폴로늄,1
폴리머,1
폴리프로필렌,1
폴터가이스트,1
폽,1
푸딩,1
푸시하다,1
풀네임,1
풀버전,1
풀오버,1
풀카운트,1
풀파워,1
풀하우스,1
풋볼,1
풋옵션,1
풋잡,1
퓨라잔,1
퓨란,1
퓨린,1
퓸,1
프라세오디뮴,1
프라이,1
프라이버시,1
프라이팬,1
프래깅,1
프랜차이즈,1
프러포즈,1
프런트,1
프레더릭턴,1
프레딕션,1
프레리도그,1
프레임,1
프레임워크,1
프레젠스,1
프레젠터,1
프레젠테이션,1
프레지던트,1
프렌즈,1
프렌치프라이,1
프로,1
프로그람,1
프로그래머,1
프로그래밍,1
프로그램,1
프로그레스,1
프로그레시브,1
프로덕트,1
프로듀서,1
프로드러그,1
프로메튬,1
프로모션,1
프로세서,1
프로세스,1
프로젝터,1
프로젝트,1
프로테스탄트,1
프로토콜,1
프로토타입,1
프로틴,1
프로파길,1
프로파일,1
프로페인,1
프로펠러,1
프로필,1
프로필렌,1
프롯,1
프리랜서,1
프리메이슨,1
프리미엄,1
프리셋,1
프리스로,1
프리스타일스키,1
프리젠테이션,1
프리즘,1
프리지어,1
프리퀄,1
프린세스,1
프린스에드워드아일랜드,1
프린스턴,1
프린터,1
프린트,1
프탈라진,1
프탈레인,1
프테리딘,1
프테린,1
플라네타륨,1
플라스마,1
플라스크,1
플라스티신,1
플라스틱,1
플라이어,1
플라이휠,1
플란넬,1
플랑크길이,1
플랑크톤,1
플래그,1
플래그십,1
플래너,1
플래닛,1
플래시,1
플래시몹,1
플래시픽션,1
플래카드,1
플래폼,1
플랜,1
플랜B,1
플랜테이션,1
플랫폼,1
플러그,1
플러그인,1
플러쉬,1
플러스,1
플레이,1
플레이리스트,1
플레이어,1
플레이오프,1
플레이트,1
플레인,1
플레잉카드,1
플로리다,1
플로우,1
플로팅,1
플로피디스크,1
플롯,1
플루오렌,1
플루오린,1
플리스,1
플립플롭,1
피,1
피그미,1
피그미마모셋,1
피그테일,1
피넨,1
피드,1
피드백,1
피라미드,1
피라졸,1
피라진,1
피란,1
피롤,1
피리다진,1
피리딘,1
피리미딘,1
피센,1
피스타치오,1
피스톨,1
피시,1
피아노,1
피아니스트,1
피어,1
피어싱,1
피자,1
피자세이버,1
피젯스피너,1
피지컬,1
피처,1
피처폰,1
피쳐,1
피치,1
피케이,1
피크,1
피크닉,1
피트,1
피트니스,1
피페라진,1
피페리딘,1
피플,1
픽션,1
픽업,1
핀란드,1
핀치,1
핀터레스트,1
필드,1
필드하키,1
필라테스,1
필름,1
필리버스터,1
필림,1
필립,1
필터,1
핏,1
핑크,1
핑킹,1
핑퐁,1
하드,1
하드디스크,1
하드웨어,1
하드커버,1
하드코어,1
하마스,1
하모니카,1
하버드,1
하와이,1
하이드라존,1
하이드라진,1
하이드록실아민,1
하이라이트,1
하이삭스,1
하이에나,1
하이카드,1
하이킹,1
하이퍼,1
하이퍼링크,1
하이픈,1
하이힐,1
하키,1
하트,1
하프,1
하플로그룹,1
할로윈,1
할리우드,1
핫,1
핫도그,1
핫라인,1
핫소스,1
핫스팟,1
핫초콜릿,1
핫케이크,1
핫팬츠,1
해머,1
해시태그,1
해커,1
해킹,1
해트트릭,1
핵,1
핸드드라이어,1
핸드백,1
핸드볼,1
핸드잡,1
핸들,1
핼리팩스,1
햄,1
햄버거,1
햄버그스테이크,1
햄스터,1
행어,1
향수,1
허니문,1
허들,1
허리케인,1
허브티,1
헌팅,1
헝가리,1
헤드드레스,1
헤드라인,1
헤드샷,1
헤드셋,1
헤드폰,1
헤딩,1
헤로인,1
헤어,1
헤어드라이어,1
헤어밴드,1
헤어스타일,1
헥세인,1
헥토르,1
헨리,1
헨타이,1
헬,1
헬레나,1
헬리콥터,1
헬멧,1
헬스,1
헬스케어,1
헬스클럽,1
헵테인,1
호러,1
호르몬,1
호모포비아,1
호버크라프트,1
호스,1
호스텔,1
호스트패밀리,1
호스팅,1
호치민,1
호텔,1
호프,1
호핑,1
홀,1
홀더,1
홀딩스,1
홀스터,1
홈,1
홈그라운드,1
홈런,1
홈베이스,1
홈페이지,1
홈페지,1
홍콩,1
화이트,1
화이트데이,1
화이트보드,1
화이트초콜릿,1
화이트크리스마스,1
화이트호스,1
확스,1
환타,1
후드,1
훌리건,1
훼드럴웨이,1
휀,1
휘슬,1
휘핑크림,1
휠체어,1
휴머노이드,1
휴스턴,1
흄,1
히드라,1
히드록소코발라민,1
히말라얀,1
히어로,1
히터,1
히트,1
히프,1
힌트,1
힐링,1
힙플라스크,1
힙합,1
가격에,0
가격은,0
가격을,0
가고,0
가까워진,0
가까이서는,0
가까이에,0
가꾸기,0
가꾸기는,0
가꾸는,0
가능성과,0
가능성에,0
가능성으로,0
가능성은,0
가능성을,0
가능하게,0
가능한,0
가득하죠,0
가득합니다,0
가득했고,0
가득했다,0
가로지르는,0
가로지르며,0
가르는,0
가르며,0
가르쳐줍니다,0
가르칠,0
가르칩니다,0
가리는,0
가며,0
가뭄과,0
가쁜,0
가상,0
가설과,0
가설을,0
가속화되는,0
가속화된,0
가속화하여,0
가수들이,0
가시는,0
가연성,0
가운이,1
가을의,0
가장자리가,0
가장자리는,0
가정에,0
가정에서,0
가정에서의,0
가져갔습니다,0
가져다주기,0
가져오는,0
가족과,0
가족과의,0
가족들에게,0
가족들은,0
가족이,0
가족이나,0
가지고,0
가지에는,0
가진,0
가축을,0
가치를,0
가하며,0
각,0
각각,0
각각의,0
각국의,0
각기,0
각인되었다,0
각자,0
각자의,0
간,0
간간이,0
간단하면서도,0
간단한,0
간단할,0
간소화할,0
간식을,0
간의,0
간주가,0
간주와,0
간지럽히며,0
간직한,0
간직해야,0
간호사,0
갇혀,0
갇힌,0
갈,0
갈고닦아,0
갈등합니다,0
갈망이,0
갈망이라는,0
갈망하는,0
감각,0
감각을,0
감각이,0
감각적,0
감각적인,0
감도는,0
감독은,0
감돌고,0
감돌았고,0
감동을,0
감동적으로,0
감동적인,0
감면과,0
감미로운,0
감상하는,0
감상할,0
감성을,0
감싸고,0
감싸는,0
감싸인,0
감싸줍니다,0
감싼다,0
감쌉니다,0
감쌌다,0
감정과,0
감정으로,0
감정을,0
감정의,0
감정이,0
감정입니다,0
감정적,0
감지하게,0
감추고,0
감히,0
갑니다,0
갑작스러운,0
갑판은,0
갓,0
갔다,0
갔습니다,0
갔어요,0
강도가,0
강도를,0
강력한,0
강력해지고,0
강렬하게,0
강렬한,0
강사는,0
강사의,0
강수량이,0
강우량을,0
강인한,0
강조되며,0
강조하는,0
강조합니다,0
강철,0
강풍,0
강하고,0
강화시켜,0
강화하고,0
강화하는,0
강화할,0
강화합니다,0
갖게,0
갖고,0
갖추고,0
갖춘,0
갖춰야,0
같습니다,0
같았다,0
같으며,0
같은,0
개,0
개개인의,0
개개인이,0
개념과,0
개념은,0
개념적,0
개는,0
개발하는,0
개발하면서,0
개발합니다,0
개선과,0
개선하고자,0
개성뿐,0
개성을,0
개와,0
개월에,0
개의,0
개인,0
개인은,0
개인의,0
개인이,0
개인적,0
개인적인,0
개인정보,0
개입이,0
개최,0
개최되며,0
개최하여,0
객실은,0
객차,0
거니는,0
거닐기에,0
거닐다,0
거대,0
거대한,0
거듭나며,0
거듭납니다,0
거듭합니다,0
거래,0
거래되는,0
거래의,0
거리가,0
거리는,0
거리에,0
거리와,0
거미줄로,0
거장들의,0
거장들이,0
거장인,0
거주자들의,0
거주지를,0
거쳐,0
건,0
건강검진은,0
건강과,0
건강에,0
건강을,0
건강이란,0
건강하게,0
건강한,0
건물로,0
건반,0
건설하고자,0
건전한,0
건조하고,0
건조한,0
건축물은,0
건축물이,0
건축물일,0
걷는,0
걸고,0
걸려,0
걸리자,0
걸어옵니다,0
걸음은,0
걸작들로,0
걸쳐,0
걸친,0
검사에,0
검사합니다,0
검색,0
검색대를,0
검증의,0
검진하고,0
검토가,0
검투사들의,0
것,0
것과,0
것도,0
것들을,0
것만으로도,0
것만이,0
것뿐만,0
것에서,0
것으로,0
것은,0
것을,0
것의,0
것이,0
것이었다,0
것입니다,0
것처럼,0
겉껍질의,0
겉보기에는,0
겉으로,0
겉은,0
게다가,0
게임과,1
게임도,1
게임을,1
게임의,1
게임입니다,1
게임플레이,1
겨루는,0
겨울의,0
격동의,0
격동적인,0
격려하는,0
격렬한,0
격변을,0
격언을,0
격차는,0
겪고,0
겪은,0
견과류부터,0
견과류와,0
결과를,0
결과에,0
결과인,0
결국,0
결론적으로,0
결의로,0
결의와,0
결정을,0
결정의,0
결정이,0
결투를,0
결합되어,0
결합을,0
결합하여,0
결합한,0
결혼식은,0
겸손함을,0
겹겹이,0
겹치면서,0
경각심을,0
경계가,0
경계는,0
경계를,0
경계와,0
경고로,0
경관을,0
경관이,0
경광등이,0
경기,0
경기가,0
경기까지,0
경기는,0
경기로,0
경기를,0
경기에서,0
경기의,0
경기이며,0
경기입니다,0
경기장,0
경기장에,0
경기장에서,0
경기장은,0
경기장을,0
경기장의,0
경력,0
경력에,0
경연,0
경외감과,0
경외감을,0
경외심을,0
경우,0
경우가,0
경우도,0
경우에는,0
경의를,0
경이로운,0
경이로움과,0
경이로움을,0
경이로움일,0
경작하고,0
경쟁,0
경쟁력을,0
경쟁을,0
경쟁의,0
경쟁이,0
경쟁하는,0
경쟁합니다,0
경제,0
경제에서,0
경종을,0
경주입니다,0
경찰관은,0
경찰관의,0
경향이,0
경험,0
경험들이,0
경험에,0
경험으로,0
경험은,0
경험을,0
경험의,0
경험이,0
경험이라는,0
경험이었고,0
경험이었습니다,0
경험입니다,0
경험적,0
경험하기,0
경험하며,0
경험할,0
경험합니다,0
곁에서,0
계곡은,0
계곡을,0
계기가,0
계란과,0
계산대,0
계산된,0
계속,0
계속해서,0
계승하는,0
계약을,0
계절마다,0
계절을,0
계절이,0
계층,0
계층의,0
계획,0
계획을,0
계획이,0
계획하기도,0
계획해야,0
고객,0
고객들의,0
고객의,0
고객이,0
고객층이,0
고급,0
고급스러운,0
고기와,0
고난,0
고난과,0
고난에,0
고뇌,0
고대,0
고대사는,0
고대사를,0
고도의,0
고독감을,0
고독과,0
고동치는,0
고된,0
고래에,0
고려하여,0
고르며,0
고른,0
고를,0
고립이,0
고목의,0
고무하는,0
고민을,0
고스란히,0
고양이는,0
고양이와,0
고요의,0
고요함과,0
고요함은,0
고요함을,0
고요함의,0
고요함이,0
고용,0
고용주와,0
고유한,0
고장은,0
고조시킵니다,0
고찰을,0
고찰하게,0
고취를,0
고취시키는,0
고취시킨다,0
고취시킵니다,0
고취하고,0
고취하는,0
고통스러운,0
고품질,0
고풍스러운,0
고화질,0
곡물,0
곡을,0
곤충들이,0
곧,0
골대를,0
골대에,0
골목길에서든,0
골은,1
골을,1
골키퍼를,1
곳곳에,0
곳곳을,0
곳곳의,0
곳들을,0
곳에,0
곳에서,0
곳에서는,0
곳에서의,0
곳으로,0
곳을,0
곳이다,0
곳입니다,0
공간,0
공간뿐,0
공간에,0
공간에서,0
공간으로,0
공간은,0
공간을,0
공간의,0
공간이,0
공간입니다,0
공감을,0
공감하며,0
공개적으로,0
공격과,0
공공,0
공과,0
공급,0
공급에,0
공급하고,0
공급해주기,0
공기가,0
공기는,0
공기로,0
공기를,0
공기에,0
공기와,0
공동,0
공동의,0
공동체,0
공동체의,0
공동체적,0
공부하는,0
공생,0
공생의,0
공연가들의,0
공연과,0
공연으로,0
공연을,0
공연의,0
공연입니다,0
공연자들과,0
공연장은,0
공연장이든,0
공연하고,0
공연하는,0
공원에는,0
공원에서,0
공원은,0
공원을,0
공원이나,0
공유된,0
공유하고,0
공유하는,0
공유하며,0
공유할,0
공유함으로써,0
공은,0
공을,0
공전하는,0
공제나,0
공존을,0
공존하는,0
공중에,0
공터부터,0
공통된,0
공포가,0
공포에,0
공포와,0
공학,0
공학과,0
공학의,0
공항에,0
공항은,0
과거로부터,0
과거와,0
과거의,0
과도하게,0
과속하는,0
과일처럼,0
과자로,0
과자를,0
과정에서,0
과정으로,0
과정은,0
과정을,0
과정의,0
과정이므로,0
과정입니다,0
과제를,0
과학,0
과학의,0
과학자들은,0
과학자들이,0
과학적,0
관객들과,0
관객들은,0
관객들을,0
관객들의,0
관객을,0
관계가,0
관계를,0
관계에,0
관계와,0
관계의,0
관념에,0
관람,0
관람객을,0
관람객의,0
관람은,0
관리,0
관리가,0
관리라는,0
관리로,0
관리를,0
관리의,0
관리하는,0
관목을,0
관습에,0
관습을,0
관심사와,0
관심을,0
관용구와,0
관점과,0
관점들이,0
관점의,0
관중들은,0
관중들을,0
관중들의,0
관중들이,0
관중을,0
관찰력과,0
관찰자,0
관찰합니다,0
관한,0
관행과,0
광경,0
광경을,0
광대함은,0
광물,0
광범위한,0
광신적인,0
광적인,0
광채를,0
굉음은,0
굉음을,0
교감과,0
교감을,0
교감하고,0
교감하는,0
교감하며,0
교란을,0
교류를,0
교류와,0
교류의,0
교류하기,0
교사,0
교수법에,0
교실에,0
교외,0
교외에서든,0
교육,0
교육자,0
교육적,0
교육적인,0
교정에서,0
교차하는,0
교통,0
교통사고는,0
교통수단을,0
교통수단이,0
교향곡,0
교향곡으로,0
교향곡을,0
교향곡이,0
교향곡처럼,0
교환은,0
교환을,0
교회,0
교훈을,0
구강,0
구겨진,0
구경하면서,0
구경할,0
구동되는,0
구름들이,0
구름이,0
구릉과,0
구릉의,0
구매,0
구매가,0
구매자에게,0
구매하는,0
구매할,0
구매해야,0
구불구불한,0
구사력을,0
구사했다,0
구사했습니다,0
구석구석과,0
구석구석은,0
구석에서,0
구성되어,0
구성된,0
구성됩니다,0
구성에,0
구성원,0
구성원들은,0
구성원들이,0
구성은,0
구운,0
구워,0
구워지는,0
구워진,0
구원,0
구원을,0
구원의,0
구이,0
구입할,0
구조는,0
구조대원들의,0
구조를,0
구조물입니다,0
구직,0
구직자,0
구직자가,0
구직자는,0
구축하고,0
구축하는,0
구축합니다,0
구하기,0
구할,0
구현하고,0
구현하는,0
구현하며,0
구현합니다,0
국가,0
국가적,0
국립공원으로,0
국방부가,0
국제,0
군침,0
굳건한,0
굳건히,0
굴러가는,0
굽기는,0
굽는,0
굽은,0
굽이마다,0
궁극적으로,0
궁금한,0
권,0
권력과,0
권력에는,0
권위,0
권위와,0
권위적이면서도,0
권은,0
권장,0
귀중한,0
규명하는,0
규모의,0
규범과,0
규율을,0
규정하는,0
규제와,0
규칙을,0
규칙적인,0
균형,0
균형과,0
균형에,0
균형을,0
균형이,0
균형이라는,0
그,0
그것들에,0
그것은,0
그곳에서,0
그곳에서의,0
그날,0
그는,0
그대로,0
그동안,0
그들은,0
그들을,0
그들의,0
그들이,0
그랜드,1
그랜드마스터까지,1
그랜드마스터들을,1
그러나,0
그러므로,0
그렇게,0
그려내는,0
그려냅니다,0
그려냈다,0
그룹입니다,1
그릇이,0
그리고,0
그리스의,1
그리하여,0
그림과,0
그림들만이,0
그림들은,0
그림에서,0
그림으로,0
그림을,0
그림자가,0
그림자를,0
그림자와,0
그림자의,0
그림처럼,0
그물망을,0
그에,0
그을린,0
그의,0
그중,0
그치지,0
극단적인,0
극대화하는,0
극적인,0
극지방의,0
극한까지,0
근력,0
근력과,0
근력을,0
근본적인,0
근원적인,0
근처,0
근처에,0
근황을,0
글로벌,1
글뿐,0
글자가,0
금성,0
금속과,0
금융에,0
급격히,0
급성장하는,0
급속도로,0
긍정적인,0
기간을,0
기계를,0
기계에,0
기계음과,0
기계의,0
기계입니다,0
기계적,0
기계화,0
기계화된,0
기관차가,0
기괴한,0
기교가,0
기교와,0
기구들이,0
기구를,0
기금을,0
기기,0
기기를,0
기기입니다,0
기념비이며,0
기념일에,0
기념하는,0
기능을,0
기다리고,0
기다리면,0
기다립니다,0
기대감으로,0
기대감은,0
기대감이,0
기대고,0
기대를,0
기대에,0
기대와,0
기대치를,0
기둥은,0
기량과,0
기량뿐,0
기량뿐만,0
기량으로,0
기량을,0
기량의,0
기량이,0
기록된,0
기록물은,0
기록을,0
기록자들은,0
기록하는,0
기르는,0
기를,0
기리는,0
기묘하게,0
기묘한,0
기반,0
기반을,0
기반이,0
기발하게,0
기법,0
기법의,0
기복이,0
기본,0
기본적인,0
기분을,0
기분이,0
기뻐해주는,0
기쁨과,0
기쁨에,0
기쁨은,0
기쁨을,0
기쁨이,0
기사나,0
기사를,0
기세는,0
기세로,0
기술과,0
기술은,0
기술을,0
기술의,0
기술이,0
기술입니다,0
기술적,0
기술적인,0
기억될,0
기억에,0
기억의,0
기억하고,0
기억하세요,0
기억했습니다,0
기업,0
기업가,0
기업들은,0
기업들의,0
기업은,0
기업을,0
기업의,0
기업이,0
기업입니다,0
기여하고,0
기여하도록,0
기여합니다,0
기온과,0
기온이,0
기운이,0
기울여,0
기원을,0
기자는,0
기자의,0
기존,0
기존의,0
기지개를,0
기차는,0
기차의,0
기체,0
기초를,0
기항지마다,0
기회가,0
기회를,0
기회의,0
기회이기도,0
기회이며,0
기회입니다,0
기획된,0
기후,0
기후는,0
기후를,0
기후와,0
기후의,0
긴박함과,0
긴장감과,0
긴장감에,0
긴장감으로,0
긴장감을,0
긴장감이,0
긴장을,0
긴장하는,0
길들여지지,0
길러준다,0
길러줍니다,0
길에,0
길에서,0
길을,0
깃든,0
깊이는,0
깊이를,0
까다로운,0
깎아내고,0
깔고,0
깜빡이는,0
깜짝할,0
깨끗하게,0
깨끗한,0
깨는,0
깨닫게,0
깨닫고,0
깨달음까지,0
깨달음을,0
깨달음이었습니다,0
깨뜨리겠다는,0
깨뜨리는,0
깨뜨리자,0
깨뜨립니다,0
깨진,0
깨질,0
꺾는,0
꺾이지,0
꼼꼼하게,0
꼼꼼한,0
꼼꼼히,0
꽃과,0
꽃들,0
꽃들이,0
꽃은,0
꽃처럼,0
꽃피우며,0
꽃필,0
꾸며진,0
꾸준한,0
꿈결,0
꿈을,0
꿈이,0
끄는,0
끈기를,0
끈끈한,0
끈질긴,0
끊이지,0
끊임없는,0
끊임없이,0
끌어들이며,0
끌어들인다,0
끌어올리며,0
끓기,0
끓인,0
끔찍한,0
끝까지,0
끝난,0
끝날,0
끝없는,0
끝을,0
끼,0
나가기도,0
나가는,0
나갑니다,0
나누고,0
나누는,0
나누며,0
나누면서,0
나누었다,0
나누었어요,0
나눌,0
나눠,0
나는,0
나들이는,0
나라가,0
나른하게,0
나른한,0
나무들,0
나무들과,0
나무들은,0
나무로,0
나무와,0
나뭇잎의,0
나서,0
나서면서,0
나아가,0
나아가게,0
나아가는,0
나아가도록,0
나아갈수록,0
나아지도록,0
나오는,0
나오자마자,0
나지막한,0
나타납니다,0
나타내는,0
나타냅니다,0
낙원의,0
낙타와,0
낚시를,0
낚시의,0
낚싯대와,0
낚싯줄을,0
낚였을,0
난,0
난공불락의,0
난로로,0
난제인,0
난해한,0
날,0
날숨을,0
날씨가,0
날씨에,0
날을,0
날의,0
날이,0
날입니다,0
낡은,0
남겼다,0
남겼습니다,0
남기고,0
남기는,0
남긴,0
남길,0
남길지도,0
남녀노소,0
남는,0
남습니다,0
남을,0
남획과,0
남획으로,0
낭독회,0
낮에는,0
내,0
내고,0
내년에,0
내는,0
내레이터의,1
내려앉아,0
내려오는데,0
내려온,0
내리고,0
내리는,0
내리며,0
내릴,0
내며,0
내면에,0
내면을,0
내면의,0
내어,0
내에,0
내에서의,0
내연기관,0
내용까지,0
내의,0
내재된,0
내재적,0
내재적인,0
내포하고,0
내행성인,0
냄비,0
냄비에,0
냄비처럼,0
냄새가,0
냄새는,0
냄새로,0
냄새와,0
냄새입니다,0
너머로,0
너무나,0
넓은,0
넓혀줍니다,0
넓힐,0
넘기는,0
넘나드는,0
넘나들며,0
넘나들면서도,0
넘는,0
넘어,0
넘어갈,0
넘어선,0
넘어섭니다,0
넘쳤던,0
넘치고,0
넘치는,0
넣고,0
넣기,0
넣는,0
넣어,0
넣으려고,0
넣으면,0
넣으세요,0
네온사인과,1
네트워크는,1
네트워크들이,1
네트워크인,1
년경,0
년대,0
년대에,0
년마다,0
년의,0
노는지,0
노동력의,0
노래하고,0
노랫소리와,0
노력과,0
노력에도,0
노력을,0
노력의,0
노력이,0
노력하는,0
노력합니다,0
노련한,0
노을이,0
노점들은,0
노트북을,1
노트북이,1
노후화,0
녹은,0
녹음과,0
녹지,0
논의가,0
논의를,0
논쟁을,0
논평과,0
논하거나,0
놀고,0
놀라운,0
놀라울,0
놀랍도록,0
놀이공원,0
놀이기구,0
놀이기구는,0
농구,0
농구는,0
농도의,0
농부는,0
농부들은,0
농산물,0
농업,0
농업의,0
농장마다,0
농장에서는,0
농장은,0
농장을,0
농촌,0
농촌의,0
높아지고,0
높아질,0
높여주고,0
높여줍니다,0
높은,0
높이,0
높이고,0
놓습니다,0
놓았고,0
놓았습니다,0
놓친,0
뇌우가,0
뇌우는,0
누가,0
누구나,0
누구에게나,0
누군가의,0
누릴,0
누비는,0
누비며,0
누워,0
눈물은,0
눈보라는,0
눈보라란,0
눈부시게,0
눈사람도,0
눈사람을,0
눈송이가,0
눈송이들은,0
눈송이를,0
눈앞에,0
눈에,0
눈으로,0
눈이,0
뉘앙스,0
뉘앙스는,0
뉴스를,1
느긋하게,0
느긋하며,0
느껴지는,0
느끼게,0
느끼도록,0
느낄,0
느낌을,0
느낍니다,0
는,0
늘어서,0
늘어서서,0
늘어선,0
능력과,0
능력을,0
능력이,0
능력이나,0
능숙하게,0
다가올,0
다가왔다,0
다니며,0
다듬어진,0
다루는,0
다루며,0
다룰,0
다른,0
다리라는,0
다면성을,0
다면적인,0
다스리고,0
다시는,0
다양성을,0
다양성의,0
다양하여,0
다양한,0
다이내믹의,1
다재다능한,0
다져진,0
다중,0
다지는,0
다채로운,0
다채롭고,0
다큐멘터리는,1
다크,1
다합니다,0
다해,0
단계만,0
단계에서,0
단련하는,0
단색의,0
단조로움에서,0
단체를,0
달궜다,0
달궜습니다,0
달라붙지,0
달래려,0
달래줄,0
달려,0
달리고,0
달리는,0
달리다,0
달리든,0
달린,0
달성하고자,0
달을,0
달하는,0
달한,0
달합니다,0
닭,0
닳고,0
담겨,0
담고,0
담그고,0
담긴,0
담론에,0
담론의,0
담아,0
담아내며,0
담아내어,0
담아낸,0
담아냅니다,0
담요를,0
담은,0
담쟁이덩굴과,0
답답한,0
답변을,0
당대의,0
당시,0
당시의,0
당장의,0
당하거나,0
당혹감을,0
대가인,0
대개,0
대격변에,0
대결에서,0
대규모,0
대기권에,0
대기를,0
대기와,0
대기학적,0
대담한,0
대대로,0
대도시,0
대두되며,0
대륙,0
대면,0
대본을,0
대비를,0
대비시켜,0
대안입니다,0
대어에,0
대어의,0
대응하며,0
대의,0
대인,0
대자연,0
대자연을,0
대장정이,0
대적점이라는,0
대접받는,0
대조를,0
대중에게,0
대중의,0
대중화하는,0
대지의,0
대지이며,0
대처하는,1
대처하려면,1
대체,0
대체하는,0
대체할,0
대표적인,0
대표하도록,0
대피와,0
대피하고,0
대한,0
대해,0
대형,0
대화가,0
대화를,0
대화와,0
대회는,0
대회입니다,0
더,0
더욱,0
더욱이,0
더하는,0
더한다,0
더할,0
더합니다,0
더해,0
더해줍니다,0
덕목을,0
덕분에,0
던지는,0
던지며,0
덜컹거리는,0
덥고,0
덥지만,0
덧없는,0
덧없음과,0
덧없음에,0
덧없음을,0
덧없이,0
덧없지만,0
덩어리는,0
덮고,0
덮어,0
덮인,0
데,0
데에는,0
데에도,0
데이터에,1
도가니,0
도구가,0
도구들을,0
도구입니다,0
도는,1
도덕적,0
도로,0
도로를,0
도로에서,0
도를,1
도모하도록,0
도모합니다,0
도모해야,0
도서관은,0
도서관의,0
도섭씨,0
도시는,0
도시들을,0
도시를,0
도시에,0
도시의,0
도심,0
도와주고,0
도와주는,0
도와줄,0
도와줍니다,0
도우와,0
도움을,0
도움이,0
도입되면서,0
도입이,0
도전에,0
도전으로,0
도전적인,0
도전하는,0
도전합니다,0
도전했던,0
도착,0
도착을,0
도착해야,0
도착했습니다,0
도피를,0
독립적이고,0
독방에서,0
독보적인,0
독수리의,0
독자들은,0
독자들의,0
독자들이,0
독자와,0
독창성을,0
독창적인,0
독특하게,0
독특한,0
돈독해지고,0
돈독해지면서,0
돈뿐,0
돋보이게,0
돋보입니다,0
돋우는,0
돋우며,0
돌릴,0
돌보기,0
돌보는,0
돌봄,0
돌아와,0
돌이킬,0
돕기,0
돕는,0
돕습니다,0
동계,0
동기까지,0
동네를,0
동네의,0
동료,0
동료들,0
동료들과,0
동료애가,0
동료애는,0
동료애로,0
동료애를,0
동료애와,0
동물과,0
동물들로,0
동물들을,0
동물들이,0
동물원에서는,0
동물원은,0
동물의,0
동물입니다,0
동반자,0
동반자가,0
동반하는,0
동시에,0
동식물과,0
동식물들이,0
동식물이,0
동안,0
동참할,0
동행자들과의,0
동화되는,0
되고,0
되는,0
되돌아보게,0
되며,0
되면,0
되면서,0
되살리는,0
되살리면서도,0
되새기게,0
되어,0
되어줍니다,0
되었고,0
되었다,0
되었습니다,0
되찾아야,0
되찾아주는,0
되찾으면서,0
된,0
된다,0
된다는,0
될,0
될지도,0
됩니다,0
두,0
두는,0
두려움과,0
두려움을,0
두려움이,0
두족류,0
둔,0
둘러보고,0
둘러싸인,0
둘러싼,0
둘러앉아,0
뒤덮고,0
뒤덮는,0
뒤덮인,0
뒤섞여,0
뒤섞이는,0
뒤섞인,0
뒤섞입니다,0
뒤이은,0
듀럼,1
드넓은,0
드는,0
드라마는,1
드라마라고,1
드라마를,1
드라마에,1
드러나는,0
드러납니다,0
드러내고,0
드러내며,0
드러냅니다,0
드리우고,0
드리우든,0
드리우면,0
드리운,0
드리웁니다,0
드리워지는,0
드리워지자,0
드리워진,0
드문,0
드물다,0
득점을,0
든든하게,0
든든한,0
듣는,0
들고,0
들려오는,0
들려와,0
들려줍니다,0
들숨과,0
들어,0
들어서는,0
들어서면,0
들어오면,0
들어주고,0
들여놓는,0
들을,0
들판에서,0
듯,0
듯한,0
듯합니다,0
듯했고,0
듯했다,0
듯했습니다,0
등,0
등록비,0
등반,0
등불로,0
등불이,0
등산객들은,0
등산로를,0
등을,0
등의,0
등이,0
등장,0
등장과,0
등장으로,0
등장은,0
등장인물들에게,0
등장인물들의,0
등장하여,0
등장했습니다,0
등장했을,0
디뎠다,0
디자이너는,1
디자인되어,1
디자인에,1
디자인은,1
디자인의,1
디젤,1
디테일은,1
따기,0
따끈한,0
따뜻하고,0
따뜻한,0
따뜻함과,0
따뜻함을,0
따뜻함이,0
따뜻해지는,0
따라가는,0
따라서,0
따르는,0
따른다는,0
따릅니다,0
따스하게,0
땀을,0
땅과의,0
땅에,0
땅은,0
땅을,0
땅의,0
땅입니다,0
때,0
때까지,0
때까지의,0
때는,0
때때로,0
때로는,0
때마다,0
때문에,0
때문입니다,0
떠나는,0
떠납니다,0
떠다니며,0
떠오릅니다,0
떠올라,0
떠올리게,0
떠올리고,0
떠올리며,0
떨어져,0
떨어지는,0
떨어지며,0
떨어지면서,0
뗄,0
뗄래야,0
또,0
또는,0
또한,0
뚜껑을,0
뚜렷한,0
뛰어난,0
뛰어납니다,0
뛰어넘는,0
뛰어넘도록,0
뛰어넘어,0
뛰어노는,0
뛰어놀,0
뛰어놀고,0
뛰어다니는,0
뛰어드는,0
뛰어들고,0
뜨겁게,0
뜨겁습니다,0
뜯으며,0
뜻밖의,0
띄는,0
라구,0
라이벌이,1
럭셔리와,1
레스토랑과,1
레스토랑부터,1
레스토랑에서는,1
레스토랑은,1
레슨,1
레슨에서,1
레슨을,1
레슨이,1
레크리에이션,1
로드,1
로드트립은,1
로마,1
로마와,1
로버를,1
로봇도,1
로봇들은,1
로봇은,1
로봇의,1
로비는,1
로즈마리,1
록부터,1
록앤롤이라는,1
롤러코스터를,1
롤러코스터부터,1
루틴은,1
루틴을,1
리더십의,1
리드미컬하게,1
리드미컬한,1
리듬과,1
리듬에,1
리듬은,1
리듬을,1
리프가,1
리허설은,1
마감,0
마그마,0
마라톤에,1
마라톤에는,1
마라톤은,1
마련되어,0
마련한,0
마루와,0
마룻바닥,0
마르게리타부터,1
마무리되며,0
마무리되었고,0
마무리됩니다,0
마무리하는,0
마법에,0
마법을,0
마사지를,1
마사지부터,1
마술까지,0
마시고,0
마시멜로를,1
마시며,0
마을에서는,0
마을은,0
마을의,0
마음가짐과,0
마음까지,0
마음속에,0
마음에,0
마음을,0
마음의,0
마음입니다,0
마음챙김과,0
마음챙김을,0
마음챙김이라는,0
마이크를,1
마일약,0
마일을,1
마주하는,0
마지막,0
마지막에,0
마지막으로,0
마쳤습니다,0
마치,0
마침내,0
막는,0
막으려면,0
막히는,0
막힐,0
만개한,0
만끽하는,0
만끽하라는,0
만끽하면,0
만끽할,0
만끽합니다,0
만나,0
만나게,0
만나고,0
만나기,0
만나는,0
만나면서,0
만남에,0
만남은,0
만남을,0
만드는,0
만든,0
만들,0
만들거나,0
만들고,0
만들기,0
만들기도,0
만들도록,0
만들며,0
만들어,0
만들어가고,0
만들어가는,0
만들어내는,0
만들어내며,0
만들어내야,0
만들어내어,0
만들어낸다,0
만들어낼,0
만들어냅니다,0
만들어냈다,0
만들어냈습니다,0
만들어야,0
만들어주는,0
만들어주며,0
만들어지는,0
만들어진,0
만들죠,0
만듭니다,0
만만치,0
만발한,0
만약,0
만연한,0
만족감을,0
만족스러운,0
만족시키는,0
만족시킬,0
만족할,0
만찬으로,0
만큼,0
만한,0
만화경,0
만화경을,0
만화경처럼,0
많고,0
많기,0
많습니다,0
많아,0
많으며,0
많은,0
말들이,0
말려,0
말없이,0
말을,0
말입니다,0
말합니다,0
맑게,0
맑은,0
맛볼,0
맛을,0
맛의,0
맛있게,0
맞는,0
맞서,0
맞서는,0
맞서도록,0
맞설,0
맞이하는,0
맞이할지도,0
맞이합니다,0
맞추는,0
맞춘,0
맞춤,0
맞춤형,0
맞춰,0
맡기거나,0
맡기게,0
맡은,0
매,0
매개,0
매개체가,0
매끄럽게,0
매력과,0
매력은,0
매력을,0
매력이,0
매력적인,0
매력적입니다,0
매료되어,0
매료되었다,0
매료시킵니다,0
매매되는,0
매서운,0
매연이나,0
매우,0
매일매일,0
매장에서,0
매장에서는,0
매장은,0
매진합니다,0
매캐한,0
매혹시키는,0
매혹이,0
매혹적이면서도,0
매혹적인,0
맥락에서,0
맴도는,0
맹렬한,0
맹렬함은,0
맹렬함이,0
맺고,0
맺어,0
맺어주는,0
머나먼,0
머릿속,0
머무는,0
먹거리로,0
먹고,0
먹는,0
먼,0
먼저,0
멀리,0
멀리서,0
멀어져,0
멀쩡했던,0
멀티미디어,1
멀티태스킹,1
멈추게,0
멈추고,0
멈추지만,0
멈춘,0
멋지고,0
메뉴는,1
메달을,1
메마른,0
메소포타미아의,1
메시지를,1
메아리쳤습니다,0
메아리치며,0
멜로디와,1
멜로디의,1
멤버는,1
며칠에,0
면모를,0
면밀한,0
면접,0
면접관들은,0
면접관에게,0
면접관의,0
면접은,0
면접을,0
면접이라는,0
멸망할,0
멸종,0
명,0
명료함을,0
명망,0
명상을,0
명상의,0
명상적으로,0
명상처럼,0
명성의,0
명소가,0
명소입니다,0
명암으로,0
명암의,0
명왕성과,0
명의,0
명확하게,0
명확한,0
몇,0
모금하는,0
모닥불의,0
모두가,0
모두는,0
모두를,0
모두에게,0
모두에서,0
모두와,0
모두의,0
모래가,0
모래사장은,0
모래성을,0
모르는,0
모르타르로,1
모른다는,0
모릅니다,0
모서리가,0
모습뿐,0
모습에,0
모습에서,0
모습으로,0
모습은,0
모습을,0
모습이,0
모아,0
모아온,0
모양과,0
모여,0
모여들면서,0
모여들어,0
모을,0
모이는,0
모이면서,0
모인,0
모임과,0
모임은,0
모임을,0
모임입니다,0
모자이크를,1
모자이크와,1
모험과,0
모험에,0
모험으로,0
모험은,0
모험을,0
모험의,0
모험이,0
모험입니다,0
모호함의,0
모호해지고,0
목가적인,0
목격자들은,0
목격하고자,0
목격하려는,0
목격한,0
목성,0
목성은,0
목소리는,0
목소리를,0
목소리의,0
목적의식으로,0
목적지,0
목적지로,0
목적지보다,0
목적지에,0
목적지에서,0
목표로,0
목표를,0
몰고,0
몰두하면서,0
몰아치는,0
몰입감,0
몰입하게,0
몰입하면서,0
몰입형,0
몸과,0
몸을,0
못지않게,0
못한,0
못할,0
몽환적인,0
무게를,0
무궁무진해,0
무균,0
무대,0
무대가,0
무대는,0
무대로,0
무대에서,0
무더운,0
무덤의,0
무렵,0
무사하기를,0
무서울,0
무섭기도,0
무성하게,0
무성한,0
무수히,0
무심코,0
무엇보다,0
무역,0
무자비한,0
무장한,0
무지갯빛,0
무질서를,0
무질서한,0
무한한,0
묶는,0
묶여,0
문명의,0
문명이,0
문법에,0
문법을,0
문자를,0
문제,0
문제가,0
문제는,0
문제들을,0
문제들이,0
문제로는,0
문제를,0
문제에,0
문제와,0
문제의,0
문제점도,0
문제점들을,0
문학,0
문화,0
문화가,0
문화권,0
문화를,0
문화와,0
문화유산을,0
문화유산의,0
문화의,0
문화적,0
묻어나는,0
물건들로,0
물건을,0
물건이,0
물결치고,0
물결치는,0
물고기가,0
물고기를,0
물고기에,0
물기를,0
물들어,0
물들여,0
물들이는,0
물론,0
물리적,0
물리적인,0
물에,0
물웅덩이가,0
물웅덩이를,0
물웅덩이에,0
물을,0
물이,0
물질을,0
물질의,0
물질적,0
뭉클한,0
미각과,0
미각을,0
미국,0
미끄러지듯,0
미끼를,0
미덕을,0
미디어가,1
미디어는,1
미디어의,1
미라지,1
미라지는,1
미래로,0
미래를,0
미래에,0
미래의,0
미로,0
미로를,0
미로의,0
미로처럼,0
미묘한,0
미묘함과,0
미세한,0
미소를,0
미술관들은,0
미술관은,0
미스터리를,1
미식,0
미식가들에게,0
미식가들이,0
미식가와,0
미식가처럼,0
미식의,0
미신이,0
미적,0
미지의,0
미치는,0
미치며,0
미칠,0
미칩니다,0
미학과,0
민간,0
민속에,0
민주,0
민주적,0
민주주의와,0
민첩성,0
민첩성과,0
믿으며,0
믿음을,0
밀,0
밀가루,0
밀려오는,0
밀밭은,0
및,0
바가,1
바게트,1
바구니에,0
바깥세상은,0
바꾸는,0
바꾸어,0
바꿀,0
바꿔놓습니다,0
바뀌면서,0
바다는,0
바다를,0
바다에서,0
바닥에,0
바닥을,0
바닷물의,0
바닷바람에,0
바둑판,0
바라며,0
바라보는,0
바라보면,0
바라봅니다,0
바람은,0
바람의,0
바랍니다,0
바랜,0
바로,1
바삭하게,0
바삭하고,0
바삭한,0
바스락거리는,0
바퀴가,0
바퀴의,0
바탕으로,0
바탕이,0
박동의,0
박람회는,0
박람회에서,0
박수갈채는,0
박수를,0
박식한,0
박진감,0
밖,0
밖에서,0
반,0
반대로,0
반려동물은,0
반려동물을,0
반려동물의,0
반려동물이,0
반려동물입니다,0
반면,0
반사한다,0
반영하는,0
반영하며,0
반영합니다,0
반응을,0
반죽에,0
반짝이고,0
반짝이는,0
받고,0
받는,0
받습니다,0
받으며,0
받을,0
받지,0
발걸음과,0
발걸음을,0
발견되기를,0
발견들을,0
발견으로,0
발견을,0
발견의,0
발견이,0
발견하는,0
발견할,0
발굴해냈습니다,0
발달로,0
발레를,0
발레와,0
발레처럼,0
발로,0
발밑에서,0
발산하며,0
발산합니다,0
발생하고,0
발생하는,0
발생하지,0
발생할,0
발생합니다,0
발생했고,0
발을,0
발전과,0
발전시키는,0
발전에,0
발전은,0
발전이,0
발전하도록,0
발전하며,0
발전하여,0
발전함에,0
발전합니다,0
발전했습니다,0
발현을,0
발휘하여,0
발휘할,0
밝고,0
밝은,0
밝혀낸,0
밝혀낼,0
밝혀주고,0
밝혀주는,0
밝혀줍니다,0
밝혔습니다,0
밝히고,0
밝히는데,0
밟는,0
밟았던,0
밟히는,0
밤과,0
밤에는,0
밤하늘을,0
방과,0
방대한,0
방문객들은,0
방문객들을,0
방문객들이,0
방문은,0
방문하는,0
방문하여,0
방문합니다,0
방법과,0
방법론을,0
방법에,0
방법으로,0
방법을,0
방법이자,0
방법입니다,0
방송용,0
방송은,0
방송하는,0
방식과,0
방식에,0
방식으로,0
방식을,0
방식의,0
방심한,0
방어막,0
방영된,0
방정식의,0
방학은,0
방향을,0
방화복을,0
배경으로,0
배경을,0
배기가스가,0
배는,0
배들은,0
배로,0
배를,0
배송,0
배송받을,0
배신,0
배어든,0
배에,0
배우거나,0
배우고,0
배우는,0
배우도록,0
배우들의,0
배우면서,0
배울,0
배웁니다,0
배입니다,0
배출과,0
배출하지,0
배치된,0
배터리는,1
배터리로,1
배터리를,1
배회합니다,0
백화점들이,0
밴드는,1
밴드와,1
뱅쇼의,0
버너의,1
버리면서,0
버린,0
버무려,0
버팀목이,0
번갈아,0
번개는,0
번개와,0
번성하는,0
번씩,0
번의,0
번잡한,0
번잡함에서,0
번질,0
번쩍이며,0
번화한,0
벌채와,0
벌채의,0
범죄를,0
법과,0
법을,0
벗어나,0
벗어나는,0
벗어날,0
베테랑과,1
벤처,1
벤치는,1
벽돌과,0
벽에,0
벽을,0
변덕스러운,0
변덕스럽게,0
변덕에,0
변덕을,0
변동할,0
변모하고,0
변모하며,0
변모합니다,0
변신하면서,0
변하는,0
변하며,0
변함없는,0
변혁의,0
변혁적,0
변혁적인,0
변형되면서,0
변형할,0
변화가,0
변화나,0
변화는,0
변화란,0
변화로,0
변화를,0
변화무쌍한,0
변화시켜,0
변화시키지,0
변화시킬,0
변화에,0
변화의,0
변화하는,0
별들의,0
별로,0
병실,0
병실이나,0
병원에,0
병원을,0
병의,0
보고,0
보고라,0
보고이며,0
보고인,0
보고입니다,0
보기,0
보내거나,0
보내기,0
보내기에,0
보내기에도,0
보내는,0
보내든,0
보내며,0
보내면,0
보내면서,0
보낸,0
보낼,0
보냅니다,0
보냈는지,0
보냈죠,0
보는,0
보도에,0
보도에는,0
보도하는,0
보도하여,0
보라색으로,0
보람차질,0
보루로,0
보루로서,0
보루를,0
보며,0
보면,0
보면서,0
보살펴야,0
보살핌과,0
보살핌은,0
보석처럼,0
보안,0
보여야,0
보여주는,0
보여주는데,0
보여주며,0
보여주었습니다,0
보여줍니다,0
보여줘야,0
보이기도,0
보이는,0
보이며,0
보이지,0
보이지만,0
보일지라도,0
보장하기,0
보장합니다,0
보장해야,0
보존,0
보존과,0
보존되어,0
보존의,0
보존하는,0
보존해야,0
보편성이,0
보편적인,0
보호,0
보호받을,0
보호에,0
보호의,0
보호자이자,0
보호하고,0
보호하기,0
보호하는,0
보호해야,0
복도를,0
복도의,0
복원의,0
복잡성에,0
복잡성을,0
복잡하게,0
복잡한,0
복잡할,0
복합적인,0
본능을,0
본능적인,0
본연의,0
본질,0
본질과,0
본질까지,0
본질에,0
본질을,0
본질이,0
본질적으로,0
본질적인,0
볼거리도,0
볼거리를,0
봄의,0
봉우리와,0
부담스러울,0
부담이,0
부드러워질,0
부드럽고,0
부딪히는,0
부딪힐,0
부름받은,0
부부의,0
부분을,0
부분이며,0
부분입니다,0
부상,0
부상은,0
부상을,0
부상하는,0
부여받았으며,0
부여하는,0
부유한,0
부응하는,0
부정적인,0
부주의,0
부주의로,0
부주의에,0
부주의한,0
부지런한,0
부치고,0
부티크와,1
북적였습니다,0
북적이는,0
분광기는,0
분류의,0
분말을,0
분명하게,0
분석과,0
분석구,0
분석을,0
분야는,0
분야에,0
분야에서,0
분야의,0
분야입니다,0
분위기가,0
분위기까지,0
분위기는,0
분위기로,0
분위기를,0
분자,0
분젠,1
분주하게,0
분주한,0
분주함,0
분출,0
분출될,0
분출은,0
분출하는,0
불가능한,0
불가분의,0
불가분하게,0
불가사의의,0
불가사의하게,0
불가사의한,0
불가피하게,0
불구하고,0
불굴의,0
불길,0
불길에,0
불길을,0
불길의,0
불길한,0
불꽃놀이는,0
불꽃이,0
불꽃이나,0
불능,0
불량,0
불러일으켰다,0
불러일으켰습니다,0
불러일으키고,0
불러일으키는,0
불러일으키며,0
불러일으킵니다,0
불리는,0
불리면,0
불립니다,0
불빛을,0
불빛이,0
불씨처럼,0
불안,0
불안감과,0
불안감까지,0
불안감을,0
불안감이,0
불안감이나,0
불안정하게,0
불안정한,0
불어넣고,0
불어넣는,0
불어넣습니다,0
불어오는,0
불이,0
불편함에서,0
불평등을,0
불필요하게,0
불행이,0
불행한,0
불협화음의,0
불협화음이,0
불협화음처럼,0
불화로,0
불확실성,0
붐비지만,0
붓질한,0
붕괴를,0
블렌드로,1
비가,0
비교하고,0
비교할,0
비극,0
비극과,0
비동기적,0
비를,0
비만,0
비밀을,0
비상등,0
비서부터,0
비소설,0
비슷한,0
비옥한,0
비용,0
비전을,1
비추는,0
비추며,0
비추었고,0
비춰질,0
비치발리볼을,1
비커를,1
비판적,0
비판적으로,0
비할,0
비행기를,0
비행기에,0
빈도와,0
빈틈을,0
빌리지를,1
빗물을,0
빗방울의,0
빗방울이,0
빙하,0
빙하가,0
빛,0
빛과,0
빛바랜,0
빛을,0
빛의,0
빛이,0
빛줄기,0
빛줄기가,0
빠르게,0
빠져,0
빠져드는,0
빠져들,0
빠져들게,0
빠져들고,0
빠져들었고,0
빠져들었다,0
빠졌다,0
빵,0
빵과,0
빵은,0
빵의,0
빵집에서는,0
빵집은,0
빵집을,0
빼고,0
뻗어오는,0
뼈아프게,0
뽐내는,0
뿌리내린,0
뿌리를,0
뿐,0
뿐만,0
뿐이며,0
뿜어낼,0
뿜어져,0
삐걱거리는,0
사건들을,0
사고가,0
사고는,0
사고력을,0
사고를,0
사고파는,0
사고하고,0
사귀고,0
사귀는,0
사기를,0
사냥이,0
사냥하고,0
사는,0
사라져,0
사라지는,0
사라지자,0
사라진,0
사라집니다,0
사람들과,0
사람들로,0
사람들에게,0
사람들은,0
사람들을,0
사람들의,0
사람들이,0
사람에게,0
사람으로서,0
사람의,0
사람이,0
사람입니다,0
사랑과,0
사랑받는,0
사랑을,0
사랑이,0
사랑하겠다고,0
사로잡고,0
사로잡는,0
사로잡습니다,0
사로잡았습니다,0
사로잡을,0
사막은,0
사막의,0
사면,0
사방으로,0
사색,0
사색과,0
사색에,0
사색을,0
사색이,0
사색적인,0
사생활,0
사서,0
사소한,0
사실,0
사실과,0
사실을,0
사실의,0
사업,0
사업일,0
사용에,0
사용은,0
사용자들은,0
사용자들이,0
사용하거나,0
사용하며,0
사용하면,0
사용하여,0
사운드를,1
사운드의,1
사워도우,0
사이렌처럼,1
사이로,0
사이를,0
사이에,0
사이에는,0
사이에서,0
사이에서는,0
사이의,0
사이트에서,1
사인회,0
사진,0
사진들을,0
사진에,0
사진은,0
사진을,0
사진이,0
사치스러움,0
사치의,0
사회,0
사회가,0
사회경제적,0
사회문화적,0
사회성과,0
사회에,0
사회에서,0
사회에서의,0
사회의,0
사회적,0
삭막한,0
산들바람에,0
산들은,0
산산조각,0
산소를,0
산업,0
산업에,0
산에서의,0
산으로,0
산으로의,0
산을,0
산이나,0
산입니다,0
산책로는,0
산책로를,0
산책로에서부터,0
산호색과,0
살,0
살거나,0
살고,0
살든,0
살랑이는,0
살려줍니다,0
살릴,0
살며,0
살면서,0
살아가는,0
살아갈,0
살아갑니다,0
살아남았습니다,0
살아있는,0
살아있다는,0
살펴보고,0
살펴보며,0
살핍니다,0
삶,0
삶기는,0
삶는,0
삶에,0
삶에도,0
삶에서,0
삶을,0
삶의,0
삶이,0
삶이라는,0
삼가하는,0
삼림,0
삽화를,0
상거래의,0
상관없이,0
상당수는,0
상당한,0
상대를,0
상대방에,0
상사는,0
상사와,0
상상력까지,0
상상력을,0
상상력이,0
상상하며,0
상승,0
상승하면서,0
상승하여,0
상실의,0
상아,0
상업과,0
상업의,0
상을,0
상점도,0
상징으로,0
상징적인,0
상징하는,0
상징하며,0
상징합니다,0
상쾌한,0
상태가,0
상태로,0
상태를,0
상태에,0
상태의,0
상품을,0
상형문자는,0
상호,0
상호의존의,0
상호작용,0
상호작용은,0
상호작용을,0
상호작용의,0
상호작용이,0
상호작용할지,0
상황,0
상황과,0
상황에,0
상황에서도,0
상황을,0
상황이,0
상황일,0
새,0
새것으로,0
새겨준다,0
새겨지는,0
새겨질,0
새들의,0
새로운,0
새롭게,0
새롭고,0
색과,0
색상,0
색의,0
색이,0
색조까지,0
색조의,0
색채부터,0
색채와,0
색채의,0
샌드위치나,1
생각과,0
생각보다,0
생각에,0
생각을,0
생각하게,0
생계,0
생기를,0
생기지만,0
생긴,0
생깁니다,0
생동감,0
생리,0
생명력을,0
생명력이,0
생명을,0
생명의,0
생명이,0
생명체가,0
생명체들은,0
생명체로,0
생명체의,0
생물,0
생물들을,0
생물들의,0
생물들이,0
생물학적,0
생산되고,0
생산되는지,0
생산물을,0
생산성을,0
생산하기,0
생생하게,0
생생한,0
생성,0
생존,0
생존과,0
생존을,0
생태계,0
생태계는,0
생태계에,0
생태계에서,0
생태계와,0
생태적,0
생태적으로,0
생태학이,0
생활용품을,0
생활은,0
생활의,0
샹들리에는,1
샹들리에와,1
서,0
서가를,0
서곡,0
서곡처럼,0
서기,0
서늘한,0
서두르고,0
서로를,0
서로마,0
서로에게,0
서로의,0
서브와,1
서비스를,1
서비스에,1
서사,0
서사시와,0
서식지,0
서식지가,0
서식지를,0
서식지에서,0
서식하고,0
서식하는,0
서약은,0
서울의,0
서점에,0
서점에는,0
서점에서는,0
서점은,0
서핑과,1
석양빛이,0
석양을,0
섞어,0
섞었을,0
섞은,0
섞인,0
선구적인,0
선례가,0
선명한,0
선물을,0
선별된,0
선보이고,0
선보이는,0
선보이며,0
선보일,0
선보입니다,0
선사하는,0
선사하며,0
선사합니다,0
선사했고,0
선생님과,0
선생님은,0
선수,0
선수들로,0
선수들에게,0
선수들은,0
선수들을,0
선수들의,0
선수들이,0
선수로,0
선수부터,0
선율,0
선율을,0
선율이,0
선인장은,0
선인장이나,0
선조들의,0
선택에,0
선택은,0
선택의,0
선택이지만,0
선택지가,0
선택지를,0
선택하는,0
선택하는데,0
선택한,0
선호합니다,0
설계된,0
설득력,0
설렘과,0
설렘으로,0
설렘은,0
설렘을,0
설렘이,0
설립된,0
설명은,0
설명하고,0
설명하며,0
설명했다,0
설치된,0
설화에는,0
섬과,0
섬뜩한,0
섬세하게,0
섬세하고,0
섬세한,0
섭리가,0
섭취를,0
섭취만을,0
성격으로,0
성공에,0
성공을,0
성공적인,0
성공하고자,0
성공하기,0
성공하는,0
성능을,0
성소가,0
성역을,0
성역입니다,0
성을,0
성장과,0
성장기를,0
성장기에,0
성장에,0
성장을,0
성장의,0
성장하도록,0
성전이자,0
성지로,0
성찰과,0
성찰까지,0
성찰로,0
성찰을,0
성찰의,0
성찰하게,0
성찰하도록,0
성취감과,0
성취감뿐,0
성취감을,0
성취를,0
성층,0
세계,0
세계로,0
세계로의,0
세계를,0
세계에,0
세계와,0
세계의,0
세계적으로,0
세계적인,0
세금,0
세대가,0
세대를,0
세대의,0
세련된,0
세몰리나는,1
세몰리나입니다,1
세상에,0
세상에서,0
세상은,0
세상을,0
세상의,0
세상이,0
세심하게,0
세심한,0
세웁니다,0
세월을,0
세월의,0
세척이라는,0
세척할,0
세트를,1
센서와,1
셰프들은,1
셰프들이,1
소,0
소규모,0
소금기와,0
소금물을,0
소금은,0
소금을,0
소독약과,0
소독약의,0
소란스러운,0
소리가,0
소리까지,0
소리는,0
소리를,0
소리만이,0
소리와,0
소박한,0
소방관들은,0
소비에,0
소비의,0
소비자,0
소비자들에게,0
소비자들은,0
소비자들이,0
소비자를,0
소비자층의,0
소설,0
소설을,0
소속감과,0
소속감을,0
소스든,1
소스든의,1
소스에,1
소스와,1
소스진한,0
소용돌이에,0
소용돌이치는,0
소유를,0
소유의,0
소유하게,0
소음부터,0
소음에,0
소음에서,0
소음을,0
소음이,0
소재가,0
소재들이,0
소중하며,0
소중하면서도,0
소중함을,0
소크라테스와,0
소통과,0
소통을,0
소통의,0
소통하고,0
소통하죠,0
소통할,0
소통했는지에,0
소행성,0
소화,0
소화기를,0
속,0
속도에,0
속박에서,0
속삭이고,0
속삭이는,0
속삭이듯,0
속삭임과,0
속삭임에,0
속삭임은,0
속삭임을,0
속삭임이,0
속삭입니다,0
속살을,0
속에,0
속에는,0
속에서,0
속에서도,0
속으로,0
속은,0
속을,0
속의,0
손길로,0
손길처럼,0
손꼽아,0
손님들을,0
손님들의,0
손님들이,0
손님이,0
손상,0
손쉽게,0
손아귀,0
손에,0
손으로,0
솔루션을,1
솔향기에,0
솟구치는,0
솟아오르는,0
솟은,0
쇼핑객들이,1
쇼핑객에게,1
쇼핑몰에서,1
쇼핑몰에서의,1
쇼핑은,1
쇼핑을,1
쇼핑하는,1
수,0
수개월에,0
수공예,0
수공예로,0
수놓고,0
수놓는,0
수놓아진,0
수놓으며,0
수단으로,0
수단을,0
수단인,0
수련법으로,0
수련법의,0
수련은,0
수련입니다,0
수련자들은,0
수련자의,0
수련하며,0
수령하거나,0
수를,0
수리를,0
수목,0
수백만,0
수분,0
수비에서,0
수사하여,0
수상,0
수상이나,0
수성,0
수세기에,0
수수께끼에,0
수업에,0
수업은,0
수업을,0
수업의,0
수영이나,0
수영장,0
수영장에서,0
수영하고,0
수익을,0
수정처럼,0
수제,0
수준의,0
수중,0
수집하고,0
수천,0
수칙에,0
수하물,0
수행을,0
수행하는,0
수행하도록,0
수행할,0
수호자들은,0
수호자로,0
수호자로서,0
수확으로,0
숙달하면,0
숙련된,0
숙박,0
숙박을,0
숙제,0
순간들과,0
순간들로,0
순간들은,0
순간들을,0
순간들의,0
순간들이,0
순간에,0
순간에도,0
순간으로,0
순간은,0
순간을,0
순간의,0
순간이었다,0
순간이었습니다,0
순간입니다,0
순간적인,0
순례가,0
순례입니다,0
순발력을,0
순상,0
순수한,0
순수함과,0
순식간에,0
순찰하고,0
순환계인,0
순환은,0
순환을,0
순환적,0
숨,0
숨겨져,0
숨겨진,0
숨기고,0
숨어,0
숨을,0
숨죽이고,0
숨죽인,0
숭고한,0
숭고함을,0
숭배를,0
숲을,0
쉬거나,0
쉬운,0
쉬워요,0
쉬워집니다,0
쉴,0
쉽게,0
스노슈잉이나,1
스릴,1
스릴을,1
스마트폰은,1
스마트폰을,1
스며드는,0
스며든,0
스며들어,0
스스로를,0
스치는,0
스치며,0
스치면서,0
스크린으로,1
스타일을,1
스타일의,1
스타트업은,1
스터디룸,1
스토리와,1
스토리텔링,1
스토리텔링과,1
스튜디오에는,1
스트레스를,1
스트레칭하고,1
스트리밍을,1
스파,1
스파가,1
스파를,1
스파에,1
스파에서,1
스파에서의,1
스포츠를,1
스포츠맨십과,1
스포츠와,1
스포츠의,1
스포츠인,1
슬램덩크,1
슬펐습니다,0
슬픔과,0
습관을,0
습기로,0
습득하는,0
습득해,0
습한,0
승객들은,0
승객들을,0
승객들이,0
승리,0
승리를,0
승리에,0
승리와,0
승리의,0
승리하는,0
승화되어,0
승화됩니다,0
승화시키는,0
승화시키려는,0
승화시킵니다,0
시,0
시각을,0
시각적,0
시각화를,0
시간과,0
시간들은,0
시간에,0
시간으로,0
시간은,0
시간을,0
시간의,0
시간이,0
시간입니다,0
시간적,0
시계의,0
시급한,0
시기의,0
시끄럽고,0
시너지를,1
시대,0
시대를,0
시대에,0
시대에는,0
시대의,0
시대정신을,0
시동이,0
시련과,0
시련의,0
시리와,0
시민,0
시민과의,0
시민들을,0
시민들이,0
시사,0
시사하는,0
시선으로,0
시설,0
시설도,0
시설은,0
시술을,0
시스템에,1
시스템으로,1
시스템은,1
시스템을,1
시시각각,0
시약의,0
시연으로,0
시원합니다,0
시의적절한,0
시작되기,0
시작되기도,0
시작되었습니다,0
시작된,0
시작될,0
시작을,0
시작하는,0
시작하면,0
시작합니다,0
시장은,0
시장을,0
시장의,0
시장이자,0
시절의,0
시절이,0
시점부터,0
시즌에는,1
시집,0
시청자들을,0
시청자를,0
시청하는,0
시험관과,0
시험받습니다,0
시험은,0
시험하고,0
시험하는,0
식감을,0
식감의,0
식감이,0
식기,0
식당과,0
식량,0
식량을,0
식료품,0
식료품을,0
식료품점에서는,0
식료품점은,0
식문화의,0
식물과,0
식물들은,0
식물에,0
식물을,0
식물이,0
식민지화라는,0
식별하며,0
식사는,0
식사를,0
식생을,0
식욕을,0
식재료와,0
식탁에,0
식품과,0
신경가소성을,0
신고에,0
신나게,0
신나는,0
신났어요,0
신념과,0
신랑,0
신뢰감을,0
신뢰와,0
신부는,0
신부에게서,0
신비로운,0
신비를,0
신생,0
신성한,0
신속하게,0
신속한,0
신의,0
신입이었던,0
신정,0
신중하게,0
신중한,0
신중함,0
신체,0
신체와,0
신체적,0
실내에서,0
실려,0
실려오는,0
실력을,0
실로,1
실어,0
실용성을,0
실용적인,0
실적,0
실제로,0
실존적,0
실증적,0
실천하는,0
실타래가,0
실타래로,0
실험복을,0
실험실,0
실험실은,0
실험을,0
실험이,0
실험해,0
실현되고,0
실현되는,0
실현하고,0
실현해야,0
심각한,0
심도,0
심리,0
심리가,0
심리적,0
심박수와,0
심사위원단은,0
심사위원들과,0
심사위원들은,0
심신,0
심신과,0
심어줍니다,0
심오하게,0
심오한,0
심지어,0
심층적인,0
심판의,0
심한,0
심해에,0
심해의,0
심화시켜,0
심화시킬,0
십대,0
싶어지는,0
싶은,0
싸서,0
싸여,0
싸움을,0
싹트고,0
싹틀,0
쌓거나,0
쌓고,0
쌓는,0
쌓습니다,0
쌓을,0
써서,0
썰매를,0
쏟아내는,0
쏟아져,0
쏟아지는,0
쏟아지며,0
쐐기문자,0
쓰기,0
쓸쓸한,0
씨름하는,0
아기를,0
아끼는,0
아늑한,0
아니면,0
아니었습니다,0
아닙니다,0
아담한,0
아래로,0
아래서,0
아래에는,0
아래에서,0
아래에서는,0
아레나든,1
아르테미스,1
아름다움과,0
아름다움을,0
아름다움의,0
아름답지만,0
아리스토텔레스의,1
아리아부터,1
아바타로,1
아방가르드적,0
아방가르드한,0
아빠는,0
아사나의,0
아수라장이,0
아스팔트를,1
아슬아슬했던,0
아예,0
아우르는,0
아이들은,0
아이들을,0
아이들의,0
아이들이,0
아이디어가,1
아이디어를,1
아주,0
아찔한,0
아침에,0
아티스트들은,1
아티스트들이,1
아티스트를,1
아티스트의,1
아픈,0
아플,0
악보,0
악취가,0
악화시키고,0
안,0
안개에,0
안고,0
안내하며,0
안내합니다,0
안도감,0
안목,0
안목으로,0
안무된,0
안보,0
안식처가,0
안식처로,0
안식처를,0
안식처에서,0
안식처와,0
안식처이자,0
안식처입니다,0
안에,0
안에는,0
안에서,0
안에서는,0
안은,0
안전과,0
안전성을,0
안전을,0
안전의,0
안전하고,0
안전하다고,0
안전한,0
앉아,0
않게,0
않고,0
않기,0
않는,0
않도록,0
않습니다,0
않아,0
않았습니다,0
않은,0
알갱이들은,0
알고,0
알고리즘으로,1
알고리즘은,1
알고리즘이,1
알덴테,1
알덴테로,1
알렉사,1
알려줍니다,0
알렸습니다,0
알리고,0
알리는,0
알립니다,0
알아볼,0
알프스의,1
암묵적인,0
암석,0
암석형,0
암시하고,0
암울한,0
압박,0
압박감과,0
앞두고,0
앞에서,0
앞으로,0
애가를,0
애썼다,0
애썼어요,0
애쓰는데,0
애씁니다,0
애절한,0
애정과,0
애정을,0
애정의,0
애틋하게,0
애틋하면서도,0
애호가들,0
애호가들에게,0
애호가들이,0
액세서리가,1
액체와,0
앨범이나,1
야기하고,0
야기하는,0
야기할,0
야망과,0
야망에,0
야생에서,0
야생을,0
야생화와,0
야생화의,0
야심찬,0
야외,0
야외에서,0
야외의,0
약,0
약간,0
약간의,0
약속하는,0
약속하며,0
약속합니다,0
양극화를,0
양면성은,0
양면성을,0
양분을,0
양상을,0
양심적인,0
양은,0
양의,0
양치질을,0
양피지의,0
어두운,0
어둑한,0
어둡고,0
어드벤처와,1
어디서든,0
어디에,0
어디에서,0
어떤,0
어떻게,0
어려울,0
어려움도,0
어려움을,0
어려움이,0
어려워지는,0
어렴풋이,0
어루만지면,0
어른들의,0
어린,0
어린이는,0
어머니가,0
어수선하게,0
어우러져,0
어우러지기,0
어우러지는,0
어우러지며,0
어우러지죠,0
어우러진,0
어우러진다,0
어우러집니다,0
어울리는,0
어쩌면,0
어트랙션,1
어휘를,0
어휘와,0
억누를,0
언덕과,0
언덕들이,0
언덕을,0
언변과,0
언어,0
언어가,0
언어를,0
언어적,0
언제나,0
얻게,0
얻고,0
얻기,0
얻는,0
얻도록,0
얻을,0
얼굴들이,0
얼굴에는,0
얼굴을,0
얼마나,0
얽매어들,0
얽매여,0
얽혀,0
얽혀들어갔습니다,0
얽히고,0
얽히고설킨,0
얽히는지에,0
얽히며,0
얽힌,0
엄격한,0
엄격함과,0
엄선된,0
엄숙한,0
엄청난,0
업계,0
업계에,0
업계의,0
업무는,0
업무를,0
업무에,0
없게,0
없는,0
없습니다,0
없어서는,0
없을지도,0
없이,0
에,0
에나멜,1
에너지는,1
에너지로,1
에너지를,1
에너지와,1
에너지원으로,0
에너지의,1
에센셜,1
엔터테인먼트까지,1
엔터테인먼트입니다,1
여가,0
여겨지는,0
여관은,0
여기고,0
여기에는,0
여깁니다,0
여러,0
여름휴가는,0
여명을,0
여부를,0
여전히,0
여정에,0
여정에는,0
여정으로,0
여정은,0
여정을,0
여정의,0
여정이라는,0
여정이며,0
여정이었고,0
여정입니다,0
여파는,0
여파에,0
여행객들은,0
여행객들을,0
여행길에는,0
여행은,0
여행을,0
여행의,0
여행입니다,0
여행자를,0
여행지는,0
여행하고,0
여행하기,0
역경,0
역경에,0
역동성을,0
역동적인,0
역량과,0
역량의,0
역사는,0
역사를,0
역사에서,0
역사와,0
역사의,0
역사적,0
역설을,0
역설적이게도,0
역시,0
역학,0
역학을,0
역할과,0
역할에,0
역할은,0
역할을,0
엮어,0
엮어낸다,0
엮이는,0
엮인,0
연간,0
연결고리,0
연결고리를,0
연결성,0
연결성과,0
연결성을,0
연결을,0
연결하고,0
연결하는,0
연결하여,0
연관성을,0
연구,0
연구와,0
연구원들이,0
연구하고,0
연구하는,0
연구하도록,0
연극은,0
연극이,0
연금술과,0
연금술을,0
연금술의,0
연금술적,0
연금술처럼,0
연기가,0
연기는,0
연기력을,0
연기부터,0
연기처럼,0
연기하는,0
연대감을,0
연령대와,0
연령대의,0
연료,0
연마하여,0
연보라색이,0
연상시키는,0
연소와,0
연속성을,0
연습을,0
연습이나,0
연습하는,0
연습할,0
연약한지를,0
연약함과,0
연장선,0
연주가,0
연주를,0
연주법을,0
연주자들을,0
연주자들의,0
연주하는,0
연중,0
연출하며,0
연출합니다,0
연회에,0
열광적인,0
열대림입니다,0
열대우림은,0
열띤,0
열렬한,0
열린,0
열립니다,0
열망과,0
열망으로,0
열망은,0
열망을,0
열망의,0
열망이,0
열심히,0
열어,0
열어주고,0
열에너지를,0
열정과,0
열정으로,0
열정은,0
열정을,0
열정이,0
열정적으로,0
열정적인,0
엿볼,0
영감을,0
영광스러운,0
영광을,0
영롱한,0
영상,0
영상미는,0
영상미와,0
영양,0
영양소가,0
영양학적,0
영역에는,0
영역에서,0
영역으로,0
영역을,0
영웅주의의,0
영원성을,0
영원한,0
영원함을,0
영원히,0
영향력을,0
영향에,0
영향은,0
영향을,0
영혼과,0
영혼들의,0
영혼들이,0
영혼에,0
영혼을,0
영혼의,0
영화관에서는,0
영화관은,0
영화는,0
영화를,0
옅은,0
예감이,0
예고하는,0
예고하며,0
예고합니다,0
예기치,0
예를,0
예리하게,0
예리한,0
예방,0
예방하기,0
예비,0
예상치,0
예술가와,0
예술계의,0
예술과,0
예술성과,0
예술성은,0
예술성을,0
예술을,0
예술의,0
예술이,0
예술적,0
예식의,0
예약하기,0
예의를,0
예의와,0
예측,0
예측을,0
예측할,0
옛,0
옛날의,0
오가게,0
오가는,0
오감을,0
오는,0
오늘날,0
오디세이처럼,1
오락,0
오락거리를,0
오락을,0
오락의,0
오래도록,0
오래전,0
오래전에,0
오랜,0
오랫동안,0
오를,0
오를수록,0
오븐에서,1
오싹한,0
오아시스로,1
오염,0
오염과,0
오염을,0
오용될,0
오일,0
오작동,0
오후를,0
오후의,0
옥수수밭을,0
온,0
온기는,0
온도와,0
온라인에서,1
온몸을,0
온수,0
올라가,0
올려놓은,0
올림픽과,1
올림픽은,1
옷도,0
옷을,0
옷차림의,0
와이너리의,1
와이드,1
완벽하게,0
완벽한,0
완성도를,0
완성도뿐,0
완성된,0
완성하는,0
완성하세요,0
완주하며,0
완화의,0
완화하는,0
완화할,0
완화함으로써,0
왔는지,0
왔습니다,0
왕국을,0
왕들의,0
왕조의,0
왜소행성의,0
외과,0
외관은,0
외국어,0
외딴,0
외딴곳처럼,0
외치는,0
외침이,0
외행성인,0
요가는,1
요가를,1
요가의,1
요구됩니다,0
요구에,0
요구하는,0
요구하며,0
요란한,0
요리는,0
요리를,0
요리의,0
요리하는,0
요새는,0
요새를,0
요새와,0
요소가,0
요소들을,0
요소를,0
요인에,0
요인이,0
요청하는,0
요청해야,0
욕망과,0
욕망이,0
욕조에서의,0
용감한,0
용광로,0
용광로가,0
용광로로서,0
용광로와,0
용광로이자,0
용기는,0
용기와,0
용암을,0
용암이,0
용어가,0
우뚝,0
우리가,0
우리는,0
우리로,0
우리를,0
우리에게,0
우리와,0
우리의,0
우박이나,0
우산은,0
우산을,0
우선시하는,0
우선시해야,0
우아하게,0
우아한,0
우아함처럼,0
우정은,0
우정을,0
우정의,0
우정이,0
우정이라는,0
우주라는,0
우주생물학,0
우주에,0
우주의,0
운동과,0
운동도,0
운동으로,0
운동을,0
운동의,0
운동이나,0
운동입니다,0
운동장,0
운동하는,0
운동하면,0
운명과,0
운명을,0
운명의,0
운전자와,0
운전하는,0
울려,0
울리려고,0
울리며,0
울릴,0
울림까지,0
울림을,0
울부짖는,0
울음소리는,0
울음소리를,0
울음소리부터,0
울음소리와,0
울창한,0
울타리가,0
움직였습니다,0
움직이는,0
움직이며,0
움직임에,0
움직임을,0
움직임의,0
웃고,0
웃기거나,0
웃으며,0
웃을,0
웃음과,0
웃음소리가,0
웃음소리는,0
웃음소리를,0
웃음소리와,0
웅장한,0
웅장함을,0
원래,0
원뿔형의,0
원숭이들을,0
원심분리기의,0
원예,0
원인입니다,0
원자,0
원초적인,0
원칙에,0
원칙을,0
원하는,0
월드,1
웨이트,1
웰빙을,1
웹사이트에서,1
웹의,1
위기에,0
위기의,0
위를,0
위생,0
위성과,0
위성들,0
위성들은,0
위스퍼스는,1
위안을,0
위압감을,0
위에,0
위에서,0
위치를,0
위치에,0
위태로운,0
위한,0
위해,0
위해서는,0
위험을,0
위험천만한,0
위험한,0
위협에,0
위협은,0
위협을,0
위협이,0
위협하고,0
위협하며,0
윙윙거리는,0
유구한,0
유대가,0
유대감과,0
유대감은,0
유대감을,0
유대를,0
유도하고,0
유도한다,0
유도합니다,0
유래한,0
유려한,0
유령과의,0
유령들이,0
유령의,0
유령이,0
유령처럼,0
유리병은,0
유망한,0
유명한,0
유물과,0
유물은,0
유물이며,0
유발하기도,0
유발할,0
유산소,0
유산에,0
유산은,0
유산을,0
유서,0
유연성,0
유연성과,0
유연성을,0
유용한,0
유익한,0
유적지에서는,0
유전적,0
유제품,0
유지될,0
유지를,0
유지시켜,0
유지에,0
유지하고,0
유지하는,0
유지하려면,0
유지함으로써,0
유지합니다,0
유지해야,0
유창성을,0
유포되는,0
유행을,0
유혹을,0
유혹하고,0
유혹하며,0
유혹합니다,0
육류,0
육상,0
육체와,0
육체적,0
육체적인,0
윤곽을,0
윤기,0
윤리와,0
윤리적,0
윤리적으로,0
융합되는,0
융합을,0
융합이,0
융합주의로,0
융해로,0
으스스한,0
으스스했다,0
은밀한,0
은유적으로,0
은유적인,0
은은하게,0
은은한,0
을,0
음료를,0
음미하는,0
음식과,0
음식도,0
음식들,0
음식물의,0
음식으로,0
음식을,0
음식이,0
음악가들의,0
음악가들이,0
음악계에서,0
음악성이,0
음악에,0
음악은,0
음악을,0
음악이,0
음악적,0
음운론과,0
음울한,0
음표,0
음표가,0
음표를,0
음향,0
음향의,0
응답합니다,0
응용,0
응원가가,0
응원하고,0
의,0
의견,0
의례적,0
의료,0
의료에,0
의료에서,0
의료진을,0
의료진의,0
의무는,0
의무를,0
의무에,0
의미를,0
의미에,0
의미합니다,0
의복을,0
의사,0
의사결정,0
의사는,0
의사소통,0
의사의,0
의사처럼,0
의상을,0
의식과,0
의식에,0
의식으로,0
의식을,0
의식의,0
의식이,0
의식적인,0
의존성을,0
의지,0
의지가,0
의지로,0
의지를,0
의지와,0
의학,0
의학의,0
의해,0
이곳에서,0
이곳에서는,0
이곳은,0
이곳의,0
이국적인,0
이끄는,0
이끈다,0
이끌고,0
이끌리는데,0
이끌며,0
이끌어갈,0
이끌어갑니다,0
이끌어냈다,0
이끌어준다는,0
이끌어줍니다,0
이끌었다,0
이끕니다,0
이는,0
이동,0
이동성의,0
이동을,0
이동하고,0
이동하는,0
이들에게,0
이들은,0
이들을,0
이들의,0
이들이,0
이때,0
이러한,0
이렇게,0
이력서뿐,0
이론을,0
이론적,0
이루는,0
이루며,0
이루어내는,0
이루어져,0
이루어졌습니다,0
이루어진,0
이루었습니다,0
이루지,0
이룰,0
이룹니다,0
이륙을,0
이르게,0
이르기까지,0
이르러,0
이를,0
이름을,0
이면에는,0
이미,0
이미지를,1
이변의,0
이산화탄소,0
이상을,0
이상의,0
이상적인,0
이야기가,0
이야기나,0
이야기들을,0
이야기들이,0
이야기로,0
이야기를,0
이야기부터,0
이야기에,0
이야기와,0
이야기입니다,0
이야기하는,0
이어갈,0
이어지고,0
이어지는,0
이어지며,0
이어질,0
이어집니다,0
이완,0
이용할,0
이용해,0
이의,0
이익에,0
이정표로,0
이제는,0
이중성,0
이중성을,0
이처럼,0
이탈리아,1
이터널,1
이해력을,0
이해로,0
이해를,0
이해뿐,0
이해하게,0
이해하고,0
이해하는,0
이해하려,0
이해하면,0
이해할,0
이후로,0
익숙한,0
익으면,0
익은,0
익히기에,0
익히면,0
익힘,0
인간,0
인간과,0
인간관계,0
인간관계에,0
인간관계의,0
인간로봇,0
인간의,0
인격적으로,0
인격체를,0
인공의,0
인공지능과,0
인공지능은,0
인공지능의,0
인근,0
인기를,0
인내력,0
인내력과,0
인내심,0
인내와,0
인더스,1
인도에서,0
인류,0
인류가,0
인류를,0
인류에게,0
인류의,0
인물은,0
인물입니다,0
인본주의적,0
인사들로,0
인사와,0
인상을,0
인생이라는,0
인센티브를,1
인스타그램이나,1
인식,0
인식과,0
인식을,0
인식이,0
인연을,0
인연의,0
인지,0
인지적,0
인지하고,0
인체,0
인치약,0
인터넷은,1
인터넷의,1
인터넷이,1
인터뷰를,1
인파가,0
인프라의,1
인플루언서들이,1
인한,0
인해,0
일과,0
일과는,0
일과의,0
일관된,0
일광욕을,0
일그러져,0
일깨우는,0
일깨워주는,0
일깨워주며,0
일깨워주었다,0
일깨워주었습니다,0
일깨워줍니다,0
일단,0
일들을,0
일렉트릭,1
일반,0
일반적으로,0
일반적인,0
일반적입니다,0
일부,0
일부를,0
일상생활,0
일상생활에,0
일상생활에서,0
일상생활을,0
일상에서,0
일상은,0
일상을,0
일상의,0
일상적인,0
일시적인,0
일어나,0
일어나는,0
일어나는지,0
일어나서,0
일어납니다,0
일으켜,0
일으키는,0
일으키며,0
일으킵니다,0
일을,0
일이,0
일이죠,0
일이지만,0
일자리를,0
일자리에,0
일찍,0
일하며,0
일화와,0
읽거나,0
읽고,0
읽는,0
읽어보면,0
읽어볼,0
읽히기를,0
임박한,0
임상적,0
입각한,0
입고,0
입는,0
입맛을,0
입안의,0
입에,0
입원은,0
입은,0
입이,0
잇몸을,0
있게,0
있고,0
있기,0
있는,0
있는데,0
있는지,0
있다,0
있다고,0
있다는,0
있다면,0
있던,0
있도록,0
있습니다,0
있어,0
있어도,0
있어요,0
있었고,0
있었다,0
있었습니다,0
있었지만,0
있으니까요,0
있으며,0
있으므로,0
있을,0
있음을,0
있잖아요,0
있죠,0
있지만,0
잊게,0
잊을,0
잊지,0
잊혀진,0
잊히지,0
잎사귀로,0
잎사귀와,0
자갈길에,0
자갈길에는,0
자격,0
자격과,0
자고,0
자국을,0
자극되었다,0
자극하고,0
자극하는,0
자극하며,0
자극합니다,0
자금,0
자금을,0
자긍심의,0
자기표현력과,0
자기표현에,0
자동으로,0
자동차가,0
자동차는,0
자동차로,0
자동차의,0
자동차입니다,0
자들을,0
자라게,0
자라고,0
자랑하는,0
자랑하며,0
자료를,0
자료에,0
자리로,0
자리를,0
자리매김하고,0
자리매김하며,0
자리매김합니다,0
자리일,0
자리입니다,0
자리하고,0
자본을,0
자부심을,0
자산을,0
자선,0
자세,0
자세를,0
자세히,0
자신감,0
자신감과,0
자신감을,0
자신들의,0
자신만의,0
자신을,0
자신의,0
자신이,0
자아,0
자아내는,0
자아내며,0
자아내지만,0
자아냅니다,0
자아를,0
자아실현을,0
자애로운,0
자연경관을,0
자연과,0
자연과의,0
자연어,0
자연이,0
자연적인,0
자원에,0
자원을,0
자유로움을,0
자유롭게,0
자유와,0
자유자재로,0
자율,0
자율성,0
자전거로,0
자전거를,0
자책감이,0
자체가,0
자체도,0
자체로,0
자체를,0
자체뿐만,0
자체에,0
자태,0
작가,0
작가와,0
작다면,0
작동,0
작동하는,0
작물을,0
작성합니다,0
작업을,0
작업이,0
작열하는,0
작용의,0
작용한다면,0
작용합니다,0
작품들은,0
작품들을,0
작품에,0
작품으로,0
작품을,0
작품처럼,0
잔디밭에,0
잔물결,0
잔이,0
잔잔한,0
잔해와,0
잘,0
잘못된,0
잠기거나,0
잠기게,0
잠기기도,0
잠기기에,0
잠기도록,0
잠길,0
잠들,0
잠시,0
잠식해감에,0
잠을,0
잠재된,0
잠재력에,0
잠재력을,0
잠재력의,0
잠재적,0
잠재적인,0
잡게,0
잡고,0
잡기,0
잡았습니다,0
잡은,0
잡음이,0
잡힌,0
장,0
장거리,0
장관으로,0
장기자랑에서는,0
장기자랑은,0
장기적으로,0
장난감도,0
장난감을,0
장난기,0
장대한,0
장래가,0
장려하고,0
장려합니다,0
장르를,0
장르의,0
장막에,0
장막으로,0
장막을,0
장면으로,0
장면은,0
장벽을,0
장비,0
장비는,0
장소가,0
장소들을,0
장소를,0
장소이기도,0
장소이며,0
장소입니다,0
장식과,0
장식된,0
장식으로,0
장식하는,0
장식하여,0
장식한,0
장식할,0
장신구와,0
장엄한,0
장엄함이,0
장에,0
장으로,0
장으로서,0
장은,0
장을,0
장이,0
장이기도,0
장인,0
장인들은,0
장인들의,0
장작불,0
장차,0
잦아들고,0
재고하게,0
재구성을,0
재난,0
재난을,0
재능과,0
재능들을,0
재능에,0
재능은,0
재능을,0
재능이,0
재단된,0
재료가,0
재료들이,0
재료로,0
재료를,0
재료와,0
재미있고,0
재미있는,0
재미있어요,0
재밌어요,0
재배를,0
재배하고,0
재배하는,0
재배하며,0
재생,0
재생의,0
재생이,0
재시작하거나,0
재우는,0
재정립하고,0
재정의를,0
재정의할,0
재정적,0
재충전과,0
재충전할,0
재편할,0
재평가가,0
재평가를,0
재평가하게,0
재활용이란,0
저녁의,0
저녁이,0
저는,0
저마다,0
저명한,0
저물,0
저물면,0
저어주고,0
저울추를,0
저음은,0
저하,0
저해할,0
적과의,0
적극적으로,0
적란운이,0
적란운이라고,0
적막을,0
적막한,0
적은,0
적응,0
적응력,0
적응력을,0
적응하고,0
적응하는,0
적응하여,0
적응형,0
적절한,0
적합한,0
적합한지,0
적힌,0
전,0
전개되면서,0
전개됨에,0
전기로,0
전기화로의,0
전능함을,0
전달되는,0
전달을,0
전달하기,0
전달하여,0
전달할,0
전략,0
전략과,0
전략을,0
전략이었고,0
전략적,0
전략적인,0
전례,0
전망도,0
전문가들로,0
전문가들이,0
전문가에게,0
전문가와,0
전문성,0
전문성과,0
전문으로,0
전문적인,0
전반에,0
전반의,0
전반적으로,0
전반적인,0
전수합니다,0
전술,0
전술에,0
전술을,0
전시는,0
전시물들이,0
전시물을,0
전시와,0
전시합니다,0
전에,0
전원적인,0
전위적인,0
전율,0
전인적,0
전자,0
전자상거래,0
전쟁터로,0
전조이자,0
전주곡과,0
전체를,0
전체에,0
전체의,0
전통과,0
전통에,0
전통은,0
전통을,0
전통의,0
전통적인,0
전파나,0
전해지고,0
전혀,0
전형이며,0
전형적인,0
전화나,0
전화를,0
전환에는,0
전환점이,0
전환하도록,0
절감을,0
절경과,0
절망부터,0
절망의,0
절묘하게,0
절박한,0
절벽으로,0
절벽이,0
절실한,0
절실합니다,0
절실히,0
절약하는,0
절정에,0
절제력의,0
젊음의,0
점슛을,1
점은,0
점을,0
점진적으로,0
점토판은,0
접근,0
접근법을,0
접근성을,0
접근성의,0
접근할,0
접속,0
접촉으로,0
접하게,0
접하고,0
접한,0
접할,0
정교하게,0
정교하고,0
정교한,0
정교함으로,0
정기적으로,0
정기적인,0
정도가,0
정도로,0
정도에,0
정밀,0
정밀한,0
정보,0
정보가,0
정보를,0
정보에,0
정보의,0
정부,0
정부가,0
정상적인,0
정서적,0
정서적인,0
정성껏,0
정수로,0
정수를,0
정수와,0
정수이자,0
정신력까지,0
정신력을,0
정신세계를,0
정신에,0
정신으로,0
정신을,0
정신의,0
정신이,0
정신이라는,0
정신적,0
정원사는,0
정원을,0
정원이,0
정의의,0
정적이,0
정전,0
정점을,0
정체성,0
정체성을,0
정확성에,0
정확성을,0
정확하고,0
정확한,0
정확히,0
젖곤,0
젖소들은,0
젖었지만,0
젖은,0
제거하기,0
제거하는,0
제공하고,0
제공하는,0
제공하며,0
제공하여,0
제공할,0
제공함으로써,0
제공합니다,0
제국들이,0
제국의,0
제국이,0
제기하고,0
제기합니다,0
제대로,0
제복을,0
제빵사들이,0
제시하고,0
제시하는,0
제시할,0
제시합니다,0
제약을,0
제자가,0
제자는,0
제자의,0
제작된,0
제작하는,0
제조된,0
제조부터,0
제조업부터,0
제품,0
제품을,0
제품이나,0
제휴를,0
조각은,0
조각해내며,0
조개껍데기를,0
조깅족까지,0
조달과,0
조달하고,0
조달하는,0
조류,0
조리하면,0
조명으로,0
조명은,0
조명의,0
조명이,0
조명하고,0
조명합니다,0
조사하며,0
조성하고,0
조성하기도,0
조성하여,0
조성합니다,0
조언으로,0
조언을,0
조절과,0
조절하는,0
조절하여,0
조절합니다,0
조직,0
조합은,0
조화는,0
조화를,0
조화시켜,0
조화시키는,0
조화시킨,0
조화에,0
조화의,0
존경받는,0
존재들은,0
존재들을,0
존재로,0
존재론적,0
존재를,0
존재의,0
존재이다,0
존재일,0
존재하는,0
존재한다는,0
존재합니다,0
존중을,0
존중이라는,0
존중하고,0
존중하는,0
졸졸,0
종,0
종들을,0
종들이,0
종류가,0
종류의,0
종목들은,0
종목에서,0
종소리처럼,0
종에게,0
종을,0
종이와,0
종이의,0
종일,0
종종,0
종합적으로,0
좋게,0
좋습니다,0
좋아지고,0
좋아하는,0
좋아하지만,0
좋아합니다,0
좌석과,0
좌석에,0
좌우하는,0
주,0
주고받는,0
주고받을,0
주기도,0
주는,0
주를,0
주말에는,0
주면서,0
주문하고,0
주민들은,0
주민들의,0
주방에서,0
주방은,0
주방을,0
주변을,0
주변의,0
주식을,0
주식이,0
주어,0
주어지는,0
주위를,0
주위에,0
주인공에게는,0
주인의,0
주자들은,0
주자들이,0
주제를,0
주제부터,0
주제에,0
주파수가,0
주파할,0
주행,0
주황색과,0
죽음과,0
죽음에,0
준,0
준다,0
준비가,0
준비는,0
준비된,0
준비를,0
준비의,0
준비하는,0
준비한,0
준비합니다,0
준수하고,0
줄과,1
줄기가,0
줄어들고,0
줄어들어,0
줄이고,0
줄이는,0
줍니다,0
중,0
중대한,0
중력과,0
중력에,0
중심에,0
중심에는,0
중심지가,0
중심축,0
중에,0
중에서,0
중요성과,0
중요성에,0
중요성을,0
중요한,0
중요한데,0
중요합니다,0
중재자로서,0
중추적인,0
쥐게,0
쥐고,0
즉,0
즉시,0
즉흥성과,0
즐거운,0
즐거움과,0
즐거움을,0
즐거움의,0
즐거움이,0
즐거워요,0
즐겁게,0
즐겁고,0
즐겨,0
즐기고,0
즐기는,0
즐기도록,0
즐기며,0
즐기면서,0
즐길,0
즐깁니다,0
증가는,0
증가로,0
증강,0
증거가,0
증거였다,0
증거이며,0
증거입니다,0
증명하는,0
증명하며,0
증명합니다,0
증명했고,0
증상에,0
증식할,0
증언합니다,0
증인입니다,0
증진,0
증진과,0
증진시키는,0
증진시킬,0
증진을,0
증진하고,0
증진하기,0
증진하는,0
증폭됩니다,0
증폭시키기도,0
지각,0
지각판,0
지갑은,0
지갑이,0
지고,0
지구는,0
지구력을,0
지구를,0
지구상,0
지구상의,0
지구와,0
지구의,0
지구형,0
지극히,0
지나가는,0
지나가지만,0
지나간,0
지나갈,0
지난,0
지남에,0
지는,1
지능이,0
지능적이고,0
지니고,0
지니는,0
지니며,0
지닌,0
지루하지,0
지르는,0
지리적,0
지면,0
지면서,0
지배하는,0
지분을,0
지붕들의,0
지상의,0
지성이,0
지속가능성과,0
지속가능성에,0
지속가능성을,0
지속될,0
지속적인,0
지식과,0
지식을,0
지식의,0
지식이,0
지식인들이,0
지역,0
지역사회에,0
지역에서,0
지역입니다,0
지울,0
지원자가,0
지원자들은,0
지원자의,0
지원하는,0
지원하며,0
지원합니다,0
지을,1
지적,0
지적이고,0
지적인,0
지점입니다,0
지지와,0
지지하는,0
지지해주고,0
지질학과,0
지질학적,0
지친,0
지켜본다,0
지켜줍니다,0
지키는,0
지탱해,0
지평선에,0
지평선은,0
지평선을,0
지형은,0
지형을,0
지혜가,0
지혜를,0
지휘자처럼,0
지휘합니다,0
직관력은,0
직면하고,0
직면할,0
직면합니다,0
직면해,0
직무에,0
직업에,0
직업을,0
직업적,0
직원들은,0
직원들을,0
직원들이,0
직장에서의,0
직장을,0
직접,0
직접적인,0
진단서를,0
진단의,0
진단이라는,0
진로,1
진료,0
진료를,0
진료실에,0
진리를,0
진보적인,0
진수가,0
진실성에,0
진실성이,0
진실을,0
진압할,0
진열대는,0
진정성의,0
진정시켜주고,0
진정한,0
진찰,0
진출이라는,0
진한,0
진행될수록,0
진행됨에,0
진행됩니다,0
진행자가,0
진행자는,0
진행자와,0
진행하고,0
진행합니다,0
진홍빛으로,0
진화가,0
진화를,0
진화의,0
진화하며,0
진화함에,0
진화합니다,0
진화해,0
진화했습니다,0
질,0
질감과,0
질감으로,0
질문들을,0
질문들이,0
질문을,0
질문하고,0
질문하는,0
질병과,0
질병뿐,0
질병이,0
질서의,0
질을,0
질주는,0
짐승이,0
짐을,0
집단,0
집들이,0
집에,0
집에서,0
집으로,0
집은,0
집이,0
집이든,0
집중력,0
집중력을,0
집중력이,0
집중하기,0
집중하여,0
집행하는,0
짓고,0
징후를,0
짙게,0
짜릿한,0
짜여진,0
짜여집니다,0
짜인,0
쫄깃한,0
쬐어도,0
찌그러진,0
찍을,0
차,0
차게,0
차량에서,0
차량으로,0
차를,0
차분하게,0
차분하고,0
차분하면서도,0
차분한,0
차서,0
차에,0
차오릅니다,0
차이들이,0
차이를,0
차지하게,0
차지하기,0
차지하기를,0
착용한,0
찬,0
찬란하게,0
찬양하고,0
찰나에,0
찰나의,0
찰나지만,0
참가자는,0
참가자들,0
참가자들은,0
참가자들의,0
참가자들이,0
참가자와,0
참가합니다,0
참기,0
참나무의,0
참석자들은,0
참석자들을,0
참신한,0
참여를,0
참여와,0
참여자들의,0
참여자와,0
참여하고,0
참여하는,0
참여하도록,0
참여하여,0
참여합니다,0
참혹한,0
찼고,0
찼습니다,0
창밖으로,0
창업진은,0
창의력과,0
창의력을,0
창의력의,0
창의력이,0
창의성과,0
창의성을,0
창의성의,0
창의성이,0
창의적으로,0
창의적이고,0
창의적인,0
창조의,0
창조자와,0
창출하고,0
창출할,0
창출했으며,0
창턱에,0
찾기,0
찾기를,0
찾는,0
찾든,0
찾아,0
찾아볼,0
찾아옵니다,0
찾으려,0
찾을,0
채,0
채소로,0
채소를,0
채우고,0
채우는,0
채우며,0
채우면서,0
채운,0
채울,0
채웁니다,0
채웠고,0
채취한,0
책꽂이들이,0
책꽂이에는,0
책들로,0
책에,0
책을,0
책임감,0
책임감을,0
책임성과,0
책임에,0
책임을,0
책임이,0
책임져야,0
책장과,0
책장을,0
챔피언의,1
챙겨,0
처리해야,0
처방전이나,0
처음부터,0
처음에는,0
처음의,0
처한,0
처해,0
척박한,0
천둥소리가,0
천둥소리는,0
천둥을,0
천상,0
천상의,0
천연,0
천왕성,0
천체,0
천체들의,0
천체들이,0
천체에,0
천체에서,0
천체와,0
철로를,0
철로의,0
철저한,0
철제,0
철학적,0
첨단,0
첨벙거립니다,0
첫,0
청각적,0
청결한,0
청렴성,0
청렴함을,0
청소기처럼,0
청소년기의,0
청소년들은,0
청소년들의,0
청소를,0
청중들에게,0
청중의,0
청취자,0
청취자들은,0
청취자들의,0
청취자를,0
청취자에게,0
체력과,0
체력을,0
체류는,0
체스에,1
체스판,1
체조,0
체조부터,0
체증,0
체크아웃,1
체크인,1
체크인과,1
체험을,0
체험하며,0
체험형,0
초,0
초가지붕과,0
초기,0
초대장,0
초대장에서부터,0
초래하기도,0
초래하여,0
초래할,0
초목이,0
초보자부터,0
초원에서,0
초월적인,0
초월하게,0
초월하는,0
초월하여,0
초월한,0
초월합니다,0
초자연적,0
초자연적인,0
초점을,0
초침,0
초콜릿과,1
초현실적인,0
촉각적,0
촉망되는,0
촉매제,0
촉매제이자,0
촉매제입니다,0
촉박한,0
촉진하고,0
촉진하여,0
촉진할,0
촉진합니다,0
촉진해,0
촉진했습니다,0
총체적인,0
최고급,0
최고를,0
최고봉이라,0
최고의,0
최고조로,0
최고조에,0
최근,0
최선을,0
최신,0
최적의,0
최첨단,0
최초의,0
추가할,0
추구가,0
추구는,0
추구라는,0
추구를,0
추구와,0
추구하는,0
추구하며,0
추구할,0
추구해,0
추는,0
추듯,0
추론과,0
추론을,0
추며,0
추상적,0
추억과,0
추억으로,0
추억을,0
추억이,0
추워지기도,0
추진,0
추천,0
추천과,0
추출,0
추출물과,0
축구에,0
축소판,0
축소판으로서,0
축소판을,0
축소판이,0
축소판이기도,0
축소판이라고,0
축소판입니다,0
축제는,0
축제로,0
축제에,0
축제의,0
축하는,0
축하하기,0
축하하는,0
축하합니다,0
출렁이는,0
출연자들을,0
출연진들이,0
춤,0
춤과,0
춤과도,0
춤까지,0
춤으로,0
춤을,0
춤추고,0
춤추는,0
춤추듯,0
춥니다,0
충격에,0
충격은,0
충격파는,0
충돌,0
충돌은,0
충돌의,0
충돌하는,0
충동과,0
충분한,0
충성심에,0
충성심이,0
충전,0
충전식,0
충전할,0
충치나,0
충치를,0
취미를,0
취미입니다,0
취약성,0
취약성과,0
취약점을,0
취약함의,0
취업,0
취하고,0
취하는,0
취할,0
취향을,0
측정된,0
층으로,0
층은,0
치고,0
치과,0
치과를,0
치과에,0
치과의,0
치과의사는,0
치료를,0
치밀하게,0
치석을,0
치아를,0
치아와,0
치열한,0
치열합니다,0
치유를,0
치유와,0
치태와,0
친구가,0
친구나,0
친구는,0
친구들,0
친구들과,0
친구들을,0
친구들의,0
친구들이,0
친구라고,0
친구를,0
친구와,0
친목을,0
친밀감을,0
친밀감이,0
친밀한,0
친절한,0
친척집,0
친환경적이고,0
칠,0
침구와,0
침낭에서,0
침낭을,0
침범이,0
침식,0
침착함을,0
칩이나,1
카다멈과,1
카리스마를,1
카리스마와,1
카타르시스적인,1
캐노피층과,1
캐릭터로,1
캐릭터를,1
캐릭터의,1
캔버스가,1
캔버스로,1
캔버스와,1
캔버스이며,1
캠핑과는,1
캠핑은,1
캠핑을,1
커져갔습니다,0
커지고,0
커지면,0
커튼과,1
컴퓨터나,1
컴퓨터를,1
케이크가,1
케이크도,1
케이크와,1
켜고,0
켜지지,0
코끝을,0
코너가,1
코드를,1
코스까지,1
코스를,1
코스의,1
코치는,1
코코아도,1
코코아를,1
코트는,1
코트에서,1
콘서트는,1
콘서트장과,1
콘서트홀은,1
콘텐츠를,1
콘텐츠의,1
쿠키가,1
쿠키는,1
쿠키를,1
크고,0
크기로,0
크기와,0
크로스오버,1
크루즈선,1
크루즈선에서는,1
크루즈선은,1
클라이맥스로,1
클릭만으로,1
키우고,0
키우는,0
키울,0
키워,0
타고난,0
타기,0
타기는,0
타러,0
타면,0
타악기,0
타오르는,0
타이밍과,1
타이어가,1
타임캡슐처럼,1
탁,0
탁월한,0
탁월함,0
탁월함과,0
탁월함에,0
탁월함을,0
탁월함의,0
탄,0
탄력,0
탄생시키고,0
탄생시킵니다,0
탄생은,0
탄생했습니다,0
탄소를,0
탈바꿈시키는,0
탈출구로,0
탐구,0
탐구로,0
탐구를,0
탐구와,0
탐구의,0
탐구하고,0
탐구하는,0
탐구하도록,0
탐구하면서,0
탐구한다,0
탐구할,0
탐구합니다,0
탐사는,0
탐사선과,0
탐사에,0
탐사와,0
탐사의,0
탐사하는,0
탐색이,0
탐색하고,0
탐색하도록,0
탐색할,0
탐색합니다,0
탐험가처럼,0
탐험과,0
탐험은,0
탐험의,0
탐험하거나,0
탐험하게,0
탐험하고,0
탐험하는,0
탐험하며,0
탐험할,0
탐험합니다,0
탑승구에서,0
탑승자에게,0
탑승하면,0
태블릿을,1
태양계,0
태양계는,0
태양계를,0
태양계에는,0
태양계의,0
태양과,0
태양광이나,0
태양은,0
태양의,0
태양이,0
태어난,0
태우고,0
태초의,0
태클은,1
태피스트리,1
태피스트리가,1
태피스트리를,1
태피스트리에,1
태피스트리와,1
태피스트리처럼,1
터져,0
테라피를,1
테마를,1
테마파크는,1
테마파크를,1
테마파크에는,1
테크닉의,1
텐트를,1
텐트에서,1
토끼도,0
토너먼트가,1
토너먼트는,1
토너먼트에서,1
토너먼트의,1
토너먼트장은,1
토대를,0
토론,0
토론에,0
토미와,1
토성,0
토성의,0
토양,0
토양에,0
토양을,0
토핑까지,1
토핑으로,1
통과의례가,0
통과하고,0
통로를,0
통로이자,0
통신,0
통신을,0
통제,0
통찰력과,0
통찰력으로,0
통찰력을,0
통치의,0
통합되는,0
통합을,0
통합하고,0
통합했습니다,0
통해,0
통화는,0
투명성의,1
투숙객에게,0
투숙객의,0
투자,0
투자는,0
투자자로부터,0
투자자에게,0
투자하기도,0
투쟁에,0
투지를,0
트럭들은,1
트렌드는,1
트렌드를,1
트렌드에,1
트렌드와,1
트렌드의,1
트로피를,1
트리트먼트가,1
트리트먼트까지,1
트리트먼트는,1
트리트먼트와,1
트립은,1
트위터와,1
트인,0
특가,0
특별한,0
특별함으로,0
특성,0
특성과,0
특성은,0
특정,0
특징들이,0
특징으로,0
특징을,0
특징입니다,0
특징지어지는,0
특히,0
튼튼한,0
틀,0
틀과,0
틀을,0
티미의,1
틱톡과,1
팀워크가,1
팀워크와,1
팀워크의,1
팀으로,1
팀은,1
팀을,1
팀의,1
팀이,1
파괴로,0
파괴를,0
파괴와,0
파괴의,0
파괴적인,0
파도가,0
파도를,0
파도에,0
파도의,0
파손,0
파손되기도,0
파수꾼,0
파수꾼처럼,0
파스타가,1
파스타를,1
파스타와,1
파스타의,1
파악하는,0
파티는,1
파티입니다,1
파편으로,0
파헤치고,0
판단력에,0
판단하기,0
판매하여,0
판타지나,1
팔로워들에게,1
팝콘을,1
팝콘이나,1
패기,0
패러다임에,1
패러다임으로,1
패러다임을,1
패러다임의,1
패션을,1
패스는,1
패턴에,1
패턴을,1
패턴이,1
팬들,1
팬들과,1
팬들의,1
팬들이,1
팽팽한,0
퍼뜨리고,0
퍼져,0
퍼졌고,0
퍼졌다,0
퍼졌습니다,0
퍼졌을,0
퍼지는,0
퍼지며,0
퍼지면서,0
페달을,1
페달의,1
페스토,1
페어플레이,1
페이셜,1
페이스트리,1
페이스트리는,1
페이스트리의,1
페이지를,1
편리한,0
편안하고,0
편안함과,0
편의를,0
편의성을,0
편의시설을,0
편향을,0
펼쳐,0
펼쳐져,0
펼쳐졌고,0
펼쳐졌다,0
펼쳐졌습니다,0
펼쳐지고,0
펼쳐지는,0
펼쳐지며,0
펼쳐지면서,0
펼쳐집니다,0
펼쳤고,0
펼치고,0
펼치기,0
펼치는,0
펼치며,0
펼칠,0
펼칩니다,0
평가합니다,0
평범한,0
평범함은,0
평범함을,0
평범함이,0
평생,0
평소,0
평온을,0
평온의,0
평온하게,0
평온하고,0
평온한,0
평온함과,0
평온함을,0
평온함의,0
평온해집니다,0
평판이,0
평화로운,0
평화로웠던,0
포메이션,1
포부를,0
포스터를,1
포식자들의,0
포옹으로,0
포용성을,0
포장,0
포장지에,0
포착된,0
포착하고,0
포착합니다,0
포함되기도,0
포함됩니다,0
포함하여,0
포함한,0
폭발은,0
폭발하면,0
폭발하여,0
폭발합니다,0
폭신폭신해지고,0
폭신한,0
폭우,0
폭우는,0
폭포처럼,0
폭풍우의,0
폭풍을,0
폭풍의,0
폭풍이,0
폭풍이나,0
표면,0
표면은,0
표면의,0
표면적인,0
표정과,0
표창이,0
표현되는,0
표현에,0
표현으로,0
표현을,0
표현의,0
표현하는,0
표현할,0
표현합니다,0
푸드,1
푸르른,0
푹,0
푹신한,0
풀고,0
풀기,0
풀어내고,0
풀어내어,0
풀어냅니다,0
풀어보도록,0
풀을,0
품격,0
품고,0
품속에,0
품속에서,0
품속으로,0
품에,0
품종을,0
품질이,0
풍겨오는,0
풍겼고,0
풍경과,0
풍경에,0
풍경으로,0
풍경은,0
풍경을,0
풍경의,0
풍경이,0
풍기며,0
풍력과,0
풍미,0
풍미를,0
풍미와,0
풍미의,0
풍부하고,0
풍부한,0
풍부해져서,0
풍선과,0
풍성하게,0
풍성한,0
풍성해집니다,0
풍습이며,0
풍요로움을,0
풍요로워집니다,0
풍요롭게,0
프레이징과,1
프로그램과,1
프로그램도,1
프로그램에서는,1
프로그램은,1
프로그램입니다,1
프로메테우스처럼,1
프로젝트들은,1
프로젝트들을,1
프로젝트에,1
프로젝트와,1
플랑크톤부터,1
플랫폼은,1
플랫폼을,1
플랫폼의,1
플랫폼입니다,1
플레이를,1
플레이어가,1
플레이와,1
피부를,0
피부에,0
피아노에서,1
피어나는,0
피어난다,0
피어오르고,0
피어오르는,0
피자는,1
피자를,1
피자집은,1
피조물의,0
피크닉에서,1
피크닉은,1
피크닉을,1
피펫과,1
피하죠,0
피할,0
필수,0
필수적이며,0
필수적인,0
필수적인데,0
필수적입니다,0
필수품이,0
필연적으로,0
필요로,0
필요를,0
필요성은,0
필요성을,0
필요성이,0
필요성이나,0
필요에,0
필요와,0
필요한,0
필요할,0
필요합니다,0
하객들은,0
하거나,0
하게,0
하계,0
하고,0
하기,0
하나가,0
하나는,0
하나로,0
하나의,0
하나일,0
하나입니다,0
하나하나가,0
하나하나는,0
하나하나를,0
하나하나에,0
하나하나에는,0
하는,0
하늘에,0
하늘은,0
하늘을,0
하든,0
하러,0
하려고,0
하루가,0
하루는,0
하루를,0
하루의,0
하며,0
하면서,0
하므로,0
하얗고,0
하여,0
하여금,0
하이킹을,1
하지만,0
하층,0
학계,0
학교생활에서,0
학교생활은,0
학교에,0
학기가,0
학문적,0
학생들에게,0
학생들은,0
학생들이,0
학생에게,0
학생은,0
학습,0
학습에는,0
학습이,0
학습자와,0
학습하고,0
학습할,0
학업,0
학업에,0
학업의,0
학업이나,0
학자들은,0
한,0
한가로운,0
한가롭게,0
한가운데서,0
한계를,0
한계와,0
한국,0
한국어와,0
한국에서,0
한국의,0
한다,0
한다는,0
한데,0
한때,0
한복판에,0
한자리에,0
한적한,0
한층,0
할,0
할인,0
할인과,0
함께하는,0
함께한,0
함께합니다,0
함성은,0
함성을,0
함성이,0
함양하고,0
함양하는,0
함양합니다,0
함의,0
함의는,0
함의를,0
함의에,0
합니다,0
합류하면서,0
합쳐지는,0
해결되는,0
해결로,0
해결책이,0
해결하거나,0
해결하기,0
해당,0
해독하는,0
해독하려,0
해로운,0
해류는,0
해방감이,0
해변에,0
해변에서,0
해변에서의,0
해부학,0
해산물,0
해산물과,0
해상,0
해석의,0
해소하고,0
해소하는,0
해수면,0
해수면이,0
해안선을,0
해안에,0
해안을,0
해양을,0
해왕성은,0
해주고,0
해주는,0
해주어,0
해줄,0
해줍니다,0
해진,0
해질녘이,0
핵심은,0
핵심이자,0
핵심입니다,0
햇볕을,0
햇살에,0
햇살은,0
햇살을,0
했다,0
했습니다,0
했지만,0
행동과,0
행동에서,0
행동을,0
행동이,0
행복감과,0
행복감을,0
행복을,0
행사로,0
행사를,0
행사입니다,0
행사장을,0
행성,0
행성들과,0
행성들은,0
행성들이,0
행성은,0
행성이,0
행성이고,0
행성입니다,0
행위나,0
행위는,0
행위를,0
행위입니다,0
행진은,0
향긋한,0
향기가,0
향기로,0
향기와,0
향상,0
향상된다는,0
향상시키기,0
향상시키는,0
향상시킵니다,0
향상에,0
향상을,0
향수가,0
향수를,0
향수에,0
향수와,0
향신료까지,0
향신료로,0
향신료와,0
향연으로,0
향연을,0
향연의,0
향연이,0
향연인,0
향연입니다,0
향이,0
향한,0
향해,0
허리케인과,1
허무는,0
허물고,0
허물어진,0
허브의,1
허파라고,0
헌신,0
헌신뿐,0
헌신뿐만,0
헌신을,0
험난한,0
험준한,0
헤쳐,0
헤쳐나가는,0
헤쳐나가려,0
헤쳐나가려면,0
헤쳐나가며,0
헤쳐나가면서,0
헤쳐나갈,0
헬스장,1
헬스장에서,1
혁명을,0
혁신,0
혁신가들이,0
혁신과,0
혁신에,0
혁신을,0
혁신의,0
혁신이,0
혁신적으로,0
혁신적인,0
현대의,0
현대인의,0
현대적인,0
현대판,0
현란한,0
현명한,0
현상에,0
현상을,0
현상이,0
현상입니다,0
현수막으로,0
현실과,0
현실에서,0
현실의,0
현장에,0
현지,0
혈압,0
협동심,0
협력을,0
협력적인,0
협력하는,0
협력하여,0
협업을,0
협응력과,0
형광등의,0
형상을,0
형성되는,0
형성된,0
형성될,0
형성됩니다,0
형성에,0
형성을,0
형성하게,0
형성하기도,0
형성하는,0
형성하여,0
형성한,0
형성합니다,0
형언할,0
형태로,0
형태를,0
형태의,0
형태인,0
형형색색의,0
혜성으로,0
호기심과,0
호기심도,0
호기심을,0
호사를,0
호소를,0
호수까지,0
호수로,0
호수에,0
호숫가,0
호숫가에서,0
호숫가처럼,0
호스를,1
호텔에,1
호텔은,1
호텔을,1
호화로운,0
호흡,0
호흡과,0
호흡법,0
호흡법프라나야마의,0
혹독한,0
혹은,0
혼돈,0
혼돈과,0
혼란스러운,0
혼란스러워집니다,0
혼란에,0
혼란의,0
혼신의,0
혼합하여,0
홀에는,1
홀에서,1
홍수와,0
화가가,0
화기애애한,0
화려하게,0
화려한,0
화려함의,0
화면,0
화면을,0
화산에는,0
화산은,0
화산이,0
화산재,0
화산재가,0
화산재로,0
화상으로,0
화석,0
화성은,0
화성이나,0
화성처럼,0
화씨,0
화염,0
화염의,0
화음이,0
화자의,0
화재,0
화재가,0
화재는,0
화재로,0
화재의,0
화학,0
화학과,0
화학량론의,0
화합과,0
확고한,0
확대하기,0
확산되는,0
확산은,0
확산을,0
확인하는,0
확인하며,0
확인하세요,0
확인할,0
확인해,0
확장,0
확장되고,0
확증,0
환경,0
환경에,0
환경에도,0
환경에서,0
환경으로부터,0
환경은,0
환경을,0
환경의,0
환경이,0
환경적,0
환상의,0
환상적인,0
환자가,0
환자는,0
환자들은,0
환자에게,0
환자의,0
환하게,0
환한,0
환호성은,0
환희가,0
환희에,0
활기가,0
활기와,0
활기차게,0
활기찬,0
활동과,0
활동들은,0
활동에,0
활동으로,0
활동은,0
활동을,0
활동의,0
활동이,0
활동입니다,0
활동하며,0
활력,0
활력을,0
활발하게,0
활발한,0
활용하는,0
활용하여,0
활용한,0
활용할,0
활활,0
황금빛,0
황금빛과,0
황량한,0
황량함과,0
황량해,0
황폐함과,0
황혼,0
황혼의,0
황혼이,0
황홀경,0
황홀경에,0
황홀한,0
회복과,0
회복력,0
회복력과,0
회복력을,0
회복력의,0
회복력이라는,0
회복뿐,0
회복으로,0
회복을,0
회사와,0
회사의,0
회전목마까지,0
회화,0
효과는,0
효과로,0
효과를,0
효과적으로,0
효과적입니다,0
효모를,0
효율성과,0
효율성을,0
후,0
후기를,0
후반,0
후세에,0
후에는,0
후에도,0
훈련과,0
훈련을,0
훌륭하게,0
훌륭한,0
훨씬,0
휘날리는,0
휘말리게,0
휘몰아치는,0
휘발유,0
휘발유나,0
휘슬이,1
휩싸여,0
휩싸였습니다,0
휩싸이게,0
휴가,0
휴가는,0
휴가를,0
휴대용,0
휴대폰을,1
휴면,0
휴식,0
휴식과,0
휴식을,0
휴식처를,0
휴식처와,0
휴식처입니다,0
흐름과,0
흐름을,0
흐름이,0
흐린,0
흔들리고,0
흔들립니다,0
흔적만을,0
흔적에,0
흔적을,0
흔적이,0
흔히,0
흘러나오는,0
흙냄새와,0
흙에서,0
흠뻑,0
흡수의,0
흡수하고,0
흥겨운,0
흥미로우면서도,0
흥미와,0
흥미진진한,0
흥분과,0
흥분으로,0
흥분을,0
흩어지는,0
흩어진,0
희귀한,0
희망과,0
희미한,0
희미해진,0
힘과,0
힘들,0
힘들게,0
힘에,0
힘을,0
힘이,0
힙합까지,1
가가대소,0
가감,0
가강수량,0
가격,0
가격대,0
가곡,0
가곡집,0
가공,0
가공품,0
가관,0
가극,0
가금,0
가내,0
가능,0
가능성,0
가독성,0
가동,0
가련,0
가령,0
가망,0
가면,0
가면극,0
가명,0
가무,0
가문,0
가미,0
가발,0
가배,0
가벌,0
가변,0
가보,0
가부좌,0
가분수,0
가불,0
가산,0
가석방,0
가설,0
가설법,0
가성비,0
가세,0
가소성,0
가소제,0
가속도,0
가수,0
가습기,0
가시화,0
가식,0
가애,0
가야,0
가언적,0
가업,0
가열기,0
가요,0
가정법,0
가정부,0
가제,0
가주,0
가차,0
가창,0
가책,0
가철,0
가체,0
가출,0
가해자,0
가혹,0
각가속도,0
각개,0
각골난망,0
각국,0
각도,0
각도기,0
각령,0
각막,0
각목,0
각본,0
각색,0
각선미,0
각설,0
각종,0
각주,0
각주구검,0
각지,0
각하,0
각혈,0
간간대소,0
간격,0
간계,0
간고분투,0
간곡,0
간과,0
간균,0
간극,0
간난,0
간단,0
간모,0
간병,0
간병인,0
간부,0
간부회,0
간사,0
간선,0
간성,0
간소,0
간신,0
간악,0
간염,0
간유,0
간음,0
간절,0
간절기,0
간접,0
간정맥,0
간주,0
간증,0
간질,0
간첩,0
간청,0
간체,0
간체자,0
간통,0
간파,0
간판,0
간편식,0
간편식품,0
간행,0
간행물,0
간헐천,0
간호,0
간호원,0
간혹,0
갈고,0
갈망,0
갈애,0
갈채,0
감개무량,0
감금,0
감당,0
감독,0
감람,0
감로,0
감명,0
감미,0
감미료,0
감방,0
감법,0
감색,0
감세,0
감소,0
감속,0
감송,0
감쇄기,0
감쇠기,0
감수,0
감숙,0
감시,0
감안,0
감염,0
감염증,0
감응,0
감전,0
감점,0
감정가,0
감지,0
감지기,0
감초,0
감치,0
감탄,0
감탄사,0
감태,0
갑,0
갑각,0
갑각류,0
갑산,0
갑상선종,0
갑술,0
갑신,0
갑오,0
갑인,0
갑자,0
갑진,0
갑충,0
갑판,0
강간,0
강경,0
강경증,0
강계,0
강국,0
강권,0
강남천자국,0
강녕,0
강단,0
강당,0
강대,0
강대국,0
강독,0
강렬,0
강령,0
강릉,0
강림,0
강문,0
강변,0
강사,0
강생,0
강서,0
강설,0
강세,0
강소,0
강속구,0
강수,0
강수량,0
강시,0
강신무,0
강압,0
강연,0
강요,0
강의,0
강점,0
강제,0
강제수용소,0
강조,0
강좌,0
강창,0
강청,0
강탈,0
강토,0
강판,0
강퍅,0
강하,0
강행,0
강화,0
강화도,0
강화유리,0
강활,0
강희자전,0
개가,0
개걸,0
개관식,0
개구기,0
개국,0
개도국,0
개량,0
개량주의,0
개막사,0
개막식,0
개명,0
개발도상국,0
개발자,0
개벽,0
개별자,0
개봉,0
개사,0
개사곡,0
개선문,0
개성,0
개수,0
개시,0
개신교,0
개역,0
개완,0
개요,0
개월,0
개인기,0
개인주의,0
개인화,0
개입,0
개장,0
개전,0
개정,0
개정판,0
개조,0
개창,0
개척자,0
개체,0
개통,0
개폐,0
개폐기,0
개학,0
개혁,0
개화,0
개화기,0
개화인,0
개회식,0
객가,0
객관,0
객관적,0
객사,0
객실,0
객지,0
객체,0
객혈,0
갱개,0
갱년기,0
갱도,0
갱지,0
갹출,0
거구,0
거년,0
거담제,0
거동,0
거두,0
거두절미,0
거래소,0
거래처,0
거류,0
거만,0
거문도,0
거물,0
거부,0
거부감,0
거성,0
거성불연삼,0
거세,0
거시경제학,0
거실,0
거액,0
거야,0
거역,0
거유,0
거인,0
거자필반,0
거절,0
거주,0
거주자,0
거치대,0
거해궁,0
건곤,0
건과,0
건국,0
건달,0
건답,0
건망증,0
건반악기,0
건발기,0
건배,0
건선,0
건설,0
건설업,0
건의,0
건전가요,0
건조,0
건조기,0
건초,0
건축,0
건축가,0
건축물,0
건축학,0
건포도,0
건필,0
걸개,0
걸신,0
걸인,0
걸작,0
검,0
검거,0
검도,0
검문소,0
검사,0
검사원,0
검술,0
검시,0
검역,0
검열,0
검증,0
검진,0
검찰,0
검찰청,0
검출,0
검토,0
겁,0
겁박,0
게시,0
게시판,0
게양,0
게재,0
격,0
격노,0
격렬,0
격리,0
격언,0
격자,0
격전,0
격주,0
격차,0
견,0
견문발검,0
견본,0
견성,0
견습생,0
견실,0
견유,0
견융,0
견장,0
견책,0
견해,0
결과적,0
결단,0
결렬,0
결론,0
결말,0
결명차,0
결빙,0
결사옹위,0
결석,0
결속,0
결승,0
결원,0
결의,0
결장,0
결절,0
결점,0
결정론,0
결정수,0
결정체,0
결정화,0
결투,0
결핍,0
결함,0
결합,0
결핵,0
겸,0
경,0
경각,0
경계,0
경계표,0
경고,0
경고표,0
경공업,0
경관,0
경구,0
경구개,0
경구개음,0
경기관,0
경기도,0
경단,0
경도,0
경락,0
경량,0
경련,0
경례,0
경로,0
경마,0
경마장,0
경매,0
경멸,0
경멸감,0
경멸적,0
경보,0
경보기,0
경복궁,0
경비,0
경비대,0
경비병,0
경비원,0
경사,0
경상남도,0
경상도,0
경상북도,0
경색,0
경성,0
경술,0
경시,0
경식,0
경신,0
경악,0
경어,0
경영,0
경영자,0
경오,0
경옥,0
경외,0
경운,0
경위,0
경유,0
경음기,0
경의,0
경의실,0
경이,0
경이원지,0
경인,0
경자,0
경작,0
경장근,0
경쟁력,0
경쟁자,0
경적,0
경제성장론,0
경제적,0
경제특구,0
경제학,0
경죄,0
경주,0
경지,0
경직,0
경직결장염,0
경직성,0
경진,0
경질,0
경찰,0
경찰견,0
경찰관,0
경찰서,0
경청,0
경청자,0
경축,0
경칭,0
경합,0
경향,0
경험론,0
경험치,0
경호원,0
경화수월,0
계간,0
계곡,0
계급,0
계급장,0
계급투쟁,0
계기,0
계기반,0
계기판,0
계단승강기,0
계단통,0
계란판,0
계략,0
계량,0
계량기,0
계렬,0
계림,0
계명,0
계모,0
계몽,0
계묘,0
계미,0
계보기,0
계부,0
계사,0
계산,0
계산기,0
계산서,0
계산원,0
계삼탕,0
계수,0
계승,0
계시,0
계약,0
계약서,0
계양,0
계엄,0
계열,0
계유,0
계율,0
계절적,0
계정,0
계좌,0
계철,0
계축,0
계통,0
계투,0
계피,0
계해,0
고가,0
고가교,0
고갈,0
고고학,0
고공,0
고관,0
고교,0
고국,0
고금,0
고금동서,0
고기후학,0
고단수,0
고도,0
고독,0
고독사,0
고동물학,0
고동색,0
고두,0
고등교육,0
고등학생,0
고량주,0
고려,0
고려약,0
고령,0
고리대금,0
고리대금업자,0
고립,0
고립어,0
고립주의,0
고립지,0
고막,0
고명,0
고모,0
고모부,0
고문,0
고문관,0
고물상,0
고발,0
고방,0
고별,0
고사,0
고사기,0
고사성어,0
고사포,0
고산,0
고살,0
고생물학,0
고생태학,0
고성,0
고소,0
고소인,0
고속,0
고시,0
고시원,0
고식물학,0
고아,0
고아원,0
고어,0
고열,0
고온,0
고원,0
고위,0
고유,0
고유명사,0
고유어,0
고음,0
고의,0
고이치아강,0
고인,0
고인류학,0
고저,0
고전,0
고전적,0
고정,0
고정문,0
고조,0
고조선,0
고지,0
고지리학,0
고지혈증,0
고질병,0
고참,0
고체,0
고체온,0
고취,0
고층,0
고통,0
고투,0
고풍,0
고해,0
고해실,0
고혈압,0
고환,0
곡,0
곡마단,0
곡사포,0
곡산,0
곡선,0
곡식,0
곡용,0
곡절,0
곡조,0
곡창,0
곡척,0
곡풍,0
곤경,0
곤난,0
곤란,0
곤명,0
곤전,0
곤충학,0
골관절염,0
골담초,0
골동,0
골반,0
골상학,0
골수,0
골자,0
골절,0
골탄,0
골패,0
공,0
공간도형,0
공갈,0
공강,0
공개,0
공격,0
공격수,0
공격전,0
공경,0
공고,0
공교,0
공구,0
공국,0
공군,0
공금,0
공급자,0
공기방석자동차,0
공기부양정,0
공기총,0
공덕,0
공략,0
공로,0
공론,0
공룡,0
공리,0
공리주의,0
공립,0
공매도,0
공모,0
공무,0
공무원,0
공문서,0
공물,0
공민,0
공민권,0
공방,0
공백,0
공범,0
공범자,0
공법,0
공보,0
공보원,0
공부자,0
공분,0
공사,0
공산,0
공산주의,0
공산주의자,0
공상,0
공성계,0
공성전,0
공세,0
공손,0
공수도,0
공수병,0
공수부대,0
공습,0
공식,0
공식적,0
공심채,0
공안,0
공약,0
공언,0
공업,0
공업화,0
공연,0
공영,0
공예,0
공용어,0
공익,0
공익광고,0
공인,0
공자,0
공작명왕,0
공장,0
공장장,0
공장주,0
공적,0
공정가,0
공정거래,0
공존,0
공주,0
공주병,0
공중,0
공중전화,0
공증인,0
공지,0
공직,0
공직자,0
공차,0
공창,0
공천,0
공칠과삼,0
공통,0
공통점,0
공판,0
공판정,0
공평,0
공포,0
공포영화,0
공포주의,0
공폭,0
공표,0
공핍,0
공해,0
공허,0
공헌,0
공화,0
공화당,0
공활,0
공황,0
공훈,0
공휴,0
공휴일,0
과,0
과객,0
과거,0
과거완료,0
과거형,0
과금,0
과냉각,0
과다,0
과도기,0
과두,0
과두제,0
과랭,0
과로,0
과로사,0
과립,0
과목,0
과물,0
과부,0
과세,0
과식,0
과실,0
과실주,0
과업,0
과연,0
과외,0
과욕,0
과잉수,0
과자,0
과장,0
과정류,0
과제,0
과즙,0
과피,0
과학관,0
과학기술,0
과학소설,0
과학실,0
과학자,0
관,0
관개,0
관건,0
관계자,0
관광,0
관광객,0
관광학,0
관군,0
관념,0
관념론,0
관능미,0
관동,0
관동팔경,0
관람차,0
관련,0
관련성,0
관례,0
관로,0
관료,0
관리소,0
관리인,0
관리자,0
관목,0
관문,0
관방학,0
관병,0
관병식,0
관복,0
관사,0
관성,0
관세,0
관습,0
관악기,0
관악산,0
관용구,0
관용어,0
관원,0
관음,0
관자,0
관장,0
관절염,0
관점,0
관중,0
관청,0
관측,0
관풍금,0
관할,0
관행,0
관현악단,0
관형사,0
관화,0
괄시,0
괄약근,0
괄호,0
광,0
광검,0
광견,0
광견병,0
광고,0
광고주,0
광구,0
광기,0
광년,0
광동,0
광동어,0
광란,0
광맥,0
광명,0
광명성절,0
광물학,0
광배근,0
광복절,0
광부,0
광산,0
광서,0
광석,0
광선,0
광신도,0
광신자,0
광양,0
광어,0
광업,0
광역시,0
광영,0
광우병,0
광원,0
광음사전,0
광인,0
광자,0
광자학,0
광장,0
광접,0
광주,0
광진,0
광천수,0
광초,0
광폭,0
광학,0
광합성,0
광호흡,0
광화문,0
광화학,0
괘,0
괘종시계,0
괴,0
괴담,0
괴뢰,0
괴리,0
괴멸,0
괴물,0
괴수,0
괴한,0
괴혈병,0
굉음,0
굉장,0
교,0
교가,0
교각,0
교거,0
교과서,0
교교,0
교구,0
교뇌,0
교대,0
교도,0
교도소,0
교두보,0
교란,0
교량,0
교류,0
교리,0
교만,0
교목,0
교묘,0
교미,0
교반,0
교복,0
교부,0
교부자,0
교섭,0
교성,0
교수,0
교수대,0
교신,0
교양,0
교언,0
교역,0
교원,0
교육학,0
교의,0
교인,0
교장,0
교재,0
교전,0
교점,0
교정,0
교조,0
교집합,0
교차위,0
교착,0
교착어,0
교체,0
교초,0
교탁,0
교통사고,0
교통요금,0
교파,0
교편,0
교포,0
교하질쉬,0
교화,0
교화소,0
교환,0
교환대,0
교황,0
교회론,0
교훈,0
구,0
구가,0
구각형,0
구간,0
구개,0
구개수음,0
구개음화,0
구걸,0
구결,0
구결자,0
구과,0
구국,0
구균,0
구급차,0
구기자,0
구기자차,0
구기차,0
구나,0
구난,0
구내,0
구내식당,0
구니,0
구당서,0
구독,0
구독료,0
구독자,0
구두법,0
구두점,0
구라파,0
구루병,0
구류,0
구릉,0
구마,0
구매력,0
구매자,0
구면각,0
구명,0
구명부표,0
구명부환,0
구명환,0
구문론,0
구미,0
구미호,0
구미화,0
구별,0
구보,0
구분,0
구분자,0
구사,0
구산팔해,0
구상,0
구세계,0
구세군,0
구세주,0
구속,0
구순,0
구습,0
구식,0
구십,0
구십년대,0
구안괘사,0
구안와사,0
구애,0
구애자,0
구약,0
구약성경,0
구어,0
구어체,0
구운몽,0
구월,0
구위,0
구인,0
구입,0
구입처,0
구장,0
구적,0
구전,0
구절,0
구절판,0
구정,0
구제,0
구제역,0
구종,0
구주,0
구청,0
구체,0
구체적,0
구축,0
구축함,0
구출,0
구취,0
구치소,0
구타,0
구토,0
구판,0
구풍금,0
구현,0
구협염,0
구호,0
구호금,0
구혼,0
구홍,0
구휼,0
국가사회주의,0
국가장,0
국경,0
국경경비대,0
국경일,0
국계,0
국고,0
국교,0
국군,0
국궁,0
국기,0
국내,0
국내선,0
국도,0
국련,0
국립,0
국면,0
국무경,0
국무총리,0
국무회의,0
국문,0
국민,0
국민당,0
국민사회주의,0
국민장,0
국민학교,0
국방,0
국번,0
국보,0
국보위,0
국비,0
국산,0
국새,0
국선,0
국수주의,0
국시,0
국악,0
국어사,0
국어사전,0
국어학,0
국영,0
국왕,0
국외,0
국유화,0
국자,0
국장,0
국적,0
국정원,0
국제가,0
국제법,0
국제보조어,0
국제어,0
국제적,0
국제화,0
국채,0
국책,0
국치,0
국토,0
국학,0
국한,0
국한문,0
국헌,0
국회,0
국회의원,0
군,0
군가,0
군관,0
군국주의,0
군단,0
군담,0
군대,0
군도,0
군령,0
군마,0
군무,0
군민,0
군번,0
군벌,0
군법회의,0
군복,0
군부,0
군비,0
군사,0
군사경찰,0
군사력,0
군사법원,0
군사화,0
군산복합체,0
군왕,0
군용기,0
군인,0
군자,0
군자지국,0
군종,0
군주,0
군주국,0
군주제,0
군중,0
군집,0
군체,0
군축,0
군포,0
군표,0
군함,0
군함조,0
군항,0
군화,0
굴,0
굴곡위,0
굴욕,0
굴욕감,0
굴절,0
굴종,0
굴착기,0
궁,0
궁궐,0
궁극적,0
궁녀,0
궁도,0
궁륭,0
궁리,0
궁성,0
궁수,0
궁술,0
궁시,0
궁전,0
궁정,0
궁중,0
궁창,0
궁핍,0
궁합,0
궁현,0
궁형,0
권고,0
권당,0
권력,0
권리,0
권말,0
권모술수,0
권법,0
권선징악,0
권설음,0
권세,0
권위주의,0
권총,0
권태,0
권태감,0
권태기,0
권투,0
권한,0
궐,0
궐기,0
궐녀,0
궐련,0
궐마,0
궤도,0
궤멸,0
궤변,0
궤양,0
귀감,0
귀결,0
귀곡,0
귀곡성,0
귀국,0
귀녀,0
귀두,0
귀루,0
귀부인,0
귀빈,0
귀순,0
귀접,0
귀족,0
귀족원,0
귀주,0
귀하,0
귀환,0
규률,0
규범,0
규산,0
규소,0
규소수지,0
규약,0
규율,0
규정,0
규제,0
규조토,0
규칙,0
규칙적,0
규탄,0
규폐증,0
균계,0
균락,0
균류,0
귤,0
귤락,0
귤색,0
극,0
극광,0
극권,0
극기,0
극단,0
극단주의,0
극동,0
극락,0
극복,0
극심,0
극악,0
극악무도,0
극작가,0
극장,0
극장판,0
극적,0
극중,0
극혐,0
극호,0
근거,0
근거리,0
근교,0
근대,0
근대국어,0
근대화,0
근동,0
근래,0
근로,0
근로자,0
근면,0
근무,0
근본,0
근본적,0
근본주의,0
근시,0
근원,0
근육,0
근일점,0
근자감,0
근절,0
근접,0
근친,0
근친교배,0
근혜,0
근황,0
금,0
금강산,0
금강앵무,0
금고,0
금관악기,0
금광,0
금괴,0
금귤,0
금기,0
금년,0
금문교,0
금발,0
금방,0
금번,0
금병매,0
금본위제,0
금색,0
금석학,0
금송,0
금수,0
금수강산,0
금식,0
금액,0
금연,0
금왕,0
금요,0
금욕,0
금우궁,0
금월,0
금융,0
금은,0
금의옥식,0
금일,0
금자탑,0
금잔화,0
금전,0
금조,0
금주,0
금지,0
금천,0
금혼식,0
금화,0
급,0
급격,0
급기야,0
급료,0
급박,0
급발진,0
급병,0
급속,0
급습,0
급여,0
급우,0
급진주의,0
급행,0
긍정,0
긍정적,0
기,0
기각,0
기간,0
기결수,0
기계공,0
기계단정,0
기계치,0
기계화보병,0
기공,0
기관,0
기관권총,0
기관단총,0
기관지염,0
기관차,0
기괴,0
기구,0
기금,0
기녀,0
기념관,0
기념물,0
기도,0
기도서,0
기독,0
기독교,0
기독교도,0
기동,0
기라성,0
기력,0
기록영화,0
기류,0
기린영양,0
기린초,0
기마,0
기만,0
기말고사,0
기망,0
기묘,0
기물,0
기미,0
기미상궁,0
기밀,0
기병,0
기보기,0
기본적,0
기부,0
기부금,0
기사,0
기사궁,0
기색,0
기생,0
기생물,0
기생충,0
기생충학,0
기선,0
기성,0
기소,0
기수,0
기수열외,0
기숙,0
기숙학교,0
기술자,0
기습,0
기승위,0
기시감,0
기악,0
기압계,0
기약,0
기업인,0
기여,0
기염,0
기왕증,0
기우,0
기유,0
기이,0
기일,0
기입,0
기자단,0
기자회견,0
기장,0
기저,0
기전,0
기절,0
기점,0
기제,0
기준,0
기증,0
기증자,0
기질,0
기창,0
기총,0
기축,0
기치,0
기판,0
기풍,0
기피,0
기하학,0
기하학적,0
기학,0
기한,0
기함,0
기합,0
기해,0
기회주의자,0
기후학,0
긴급체포,0
긴축,0
긴축재정,0
길경,0
길림,0
길몽,0
길운,0
김일성화,0
김정일화,0
김포,0
끽다,0
끽연,0
나각,0
나마,0
나무아미타불,0
나병,0
나상,0
나선,0
나선상,0
나선형,0
나성,0
나열,0
나전,0
나지,0
나찰,0
나체,0
나침반,0
나팔수,0
나포,0
나한,0
나한송,0
낙,0
낙관,0
낙농업,0
낙동강,0
낙망,0
낙양,0
낙원,0
낙인,0
낙제,0
낙천,0
낙천자,0
낙천주의,0
낙천주의자,0
낙태,0
낙하산,0
낙향,0
낙화생,0
난각,0
난감,0
난공불락,0
난관,0
난교,0
난대림,0
난도,0
난독증,0
난리,0
난무,0
난문,0
난민,0
난방기,0
난백,0
난소,0
난수,0
난시,0
난이,0
난이도,0
난자,0
난제,0
난치,0
난태생,0
난폭,0
난황,0
날조,0
남가주,0
남경,0
남고생,0
남과,0
남극,0
남극대륙,0
남극점,0
남극해,0
남근,0
남녀공학,0
남녕,0
남대생,0
남동,0
남동생,0
남로당,0
남루,0
남만,0
남미,0
남반구,0
남방,0
남배우,0
남벌,0
남부,0
남북,0
남빙양,0
남산,0
남색,0
남서,0
남서부,0
남성,0
남성적,0
남신,0
남양주,0
남용,0
남우,0
남원,0
남월,0
남자친구,0
남작,0
남장,0
남재,0
남조,0
남조선,0
남존여비,0
남중국해,0
남중생,0
남창,0
남체,0
남초,0
남측,0
남편,0
남평,0
남한,0
남해,0
남행,0
남향,0
납득,0
납량,0
납면,0
납북,0
납세,0
납세자,0
납치,0
납품,0
낭독,0
낭비,0
낭송,0
낭인,0
낭중,0
낭패,0
낭하,0
내강,0
내계,0
내과,0
내국인,0
내년,0
내독소,0
내란,0
내륙,0
내몽고,0
내무,0
내복사근,0
내부,0
내빈,0
내세,0
내수,0
내시,0
내시경,0
내심,0
내야,0
내야수,0
내외,0
내용,0
내월,0
내응,0
내전,0
내접원,0
내주,0
내지,0
내측광근,0
내칙,0
내파음,0
내한,0
내핵,0
내후년,0
냄편,0
냉,0
냉기,0
냉담,0
냉동,0
냉동고,0
냉동기,0
냉소,0
냉수,0
냉전,0
냉혈,0
냉혹,0
냥반,0
녀,0
녀동생,0
녀배우,0
녀성,0
녀왕,0
녀인,0
녀자,0
녀자친구,0
녀학생,0
년,0
년금,0
년도,0
년령,0
년세,0
년소,0
념,0
녕,0
녕변,0
녕파,0
녕하,0
노견,0
노국,0
노근리,0
노년,0
노댁,0
노도,0
노동,0
노동계급,0
노동계급화,0
노동교양,0
노동당,0
노동법,0
노동자,0
노동절,0
노동조합비,0
노동조합원,0
노령,0
노망,0
노면,0
노면전차,0
노모,0
노병,0
노비,0
노사,0
노서아,0
노선,0
노선도,0
노쇠,0
노숙자,0
노안,0
노약자석,0
노어,0
노예,0
노예제,0
노원,0
노인병학,0
노인의학,0
노인학,0
노임,0
노자,0
노조,0
노조비,0
노조원,0
노처녀,0
노천,0
노출,0
노파,0
노파심,0
노화,0
노환,0
노획,0
녹두전,0
녹려,0
녹말,0
녹색,0
녹유,0
녹음기,0
녹음실,0
녹차,0
녹화,0
녹화사업,0
논단,0
논란,0
논리,0
논리적,0
논리주의자,0
논리학,0
논문,0
논문집,0
논술,0
논어,0
논쟁,0
논쟁자,0
논쟁점,0
논점,0
논제,0
논증,0
논지,0
논평,0
농가,0
농경,0
농경지,0
농기계,0
농노,0
농담,0
농력,0
농목,0
농무,0
농민,0
농부,0
농새,0
농성,0
농아,0
농악,0
농약,0
농요,0
농인,0
농작물,0
농학,0
농학자,0
뇌,0
뇌관,0
뇌리,0
뇌명,0
뇌물,0
뇌산,0
뇌수,0
뇌엽,0
뇌우,0
뇌졸중,0
뇌졸증,0
뇨,0
뇨도,0
뇨소,0
누각,0
누계,0
누두,0
누선,0
누설,0
누수,0
누적,0
누전,0
뉵,0
늑골,0
능,0
능가,0
능격,0
능동태,0
능률,0
능선,0
능소화,0
능지,0
다가,0
다각형,0
다갈색,0
다과,0
다관,0
다다익선,0
다도,0
다독,0
다면체,0
다문화,0
다방면적,0
다소,0
다수,0
다식,0
다신론,0
다양화,0
다엽,0
다완,0
다원화,0
다재,0
다중국적,0
다지증,0
다태자,0
다행감,0
다행증,0
단거리,0
단검,0
단결,0
단국,0
단군,0
단념,0
단동,0
단두대,0
단둥,0
단락,0
단란,0
단란주점,0
단례,0
단말,0
단말기,0
단명,0
단모음,0
단목,0
단발,0
단백,0
단백질,0
단번,0
단봉낙타,0
단삼,0
단소,0
단속,0
단수,0
단순어,0
단식,0
단안경,0
단열,0
단엽기,0
단음,0
단일,0
단자,0
단절,0
단조,0
단종,0
단천,0
단청,0
단체,0
단축,0
단층,0
단침,0
단타,0
단파,0
단편,0
단편집,0
단풍국,0
단행본,0
달마,0
달성,0
달인,0
달필,0
담낭,0
담당,0
담력,0
담보,0
담보물,0
담수,0
담임,0
담자,0
담파고,0
담팔수,0
담화,0
담황,0
답,0
답변,0
답보,0
답습,0
답신,0
답안,0
답장,0
당,0
당구,0
당국,0
당뇨병,0
당대,0
당류,0
당면,0
당밀,0
당번,0
당부,0
당사,0
당선,0
당신,0
당악,0
당연,0
당원,0
당의정,0
당일,0
당장,0
당중앙,0
당진,0
당질,0
당첨,0
당추,0
당파,0
대,0
대강,0
대격,0
대결전,0
대공,0
대공국,0
대공황,0
대관령,0
대교,0
대교구,0
대국,0
대금,0
대기권,0
대기만성,0
대기실,0
대기업,0
대뇌,0
대다수,0
대대,0
대대적,0
대덕,0
대동,0
대동강,0
대동소이,0
대동아공영권,0
대두,0
대두어,0
대둔근,0
대략,0
대량,0
대량살상무기,0
대량적,0
대련,0
대령,0
대로,0
대류,0
대륙붕,0
대리,0
대리석,0
대리인,0
대리자,0
대리점,0
대립,0
대마,0
대마도,0
대만,0
대망,0
대명사,0
대모,0
대문자,0
대법원,0
대변,0
대변인,0
대변자,0
대본,0
대부,0
대부분,0
대북,0
대분수,0
대붕,0
대사,0
대사관,0
대사명,0
대산,0
대상,0
대상자,0
대서양대구,0
대성당,0
대성통곡,0
대속,0
대수학,0
대숙청,0
대안우파,0
대업,0
대여금고,0
대역죄,0
대역폭,0
대영제국,0
대오,0
대왕,0
대요,0
대용,0
대원,0
대원군,0
대원수,0
대월,0
대월사기,0
대월사기전서,0
대위,0
대음순,0
대응,0
대이변,0
대일본제국,0
대자,0
대자보,0
대작자,0
대장균,0
대저,0
대저택,0
대전차포,0
대접,0
대종가,0
대좌,0
대주교,0
대주자,0
대중,0
대중문화,0
대중음악,0
대증,0
대책,0
대천사,0
대첩,0
대청국,0
대체유,0
대체육,0
대출,0
대취타,0
대타,0
대타자,0
대통령,0
대통운,0
대퇴,0
대퇴사두근,0
대퇴이두근,0
대포,0
대포동,0
대포자,0
대폭발,0
대폭적,0
대표,0
대표단,0
대표적,0
대표훈,0
대피,0
대학교,0
대학살,0
대학생,0
대학원,0
대학원생,0
대한국,0
대합실,0
대행,0
대홍수,0
대황,0
대황어,0
대회,0
대흥,0
댁,0
덕,0
덕목,0
덕천,0
덕택,0
도강,0
도개교,0
도검,0
도공,0
도관,0
도교,0
도국,0
도금,0
도금양,0
도기,0
도난,0
도달,0
도당,0
도대체,0
도덕,0
도덕경,0
도도부현,0
도록,0
도료,0
도루,0
도륙,0
도망자,0
도매,0
도모,0
도문,0
도민,0
도박,0
도배,0
도벽,0
도보,0
도봉,0
도사,0
도살,0
도살장,0
도서,0
도서관원,0
도시화,0
도안,0
도예,0
도예가,0
도원,0
도이,0
도입,0
도입부,0
도자기,0
도작,0
도적,0
도제,0
도중,0
도처,0
도철,0
도청,0
도청기,0
도체,0
도촬,0
도태,0
도표,0
도합,0
도해,0
도화,0
도화선,0
도회인,0
독감,0
독고,0
독극물,0
독립성,0
독물,0
독방,0
독백,0
독보적,0
독본,0
독불장군,0
독사,0
독살,0
독생자,0
독서실,0
독소,0
독신,0
독신자,0
독액,0
독약,0
독어,0
독음,0
독일어,0
독자,0
독재,0
독재자,0
독점,0
독주,0
독촉,0
독학,0
독해,0
독후감,0
돈유,0
돈채반,0
돈화,0
돌격,0
돌격대,0
돌궐,0
돌발,0
돌연,0
돌연변이,0
돌연사,0
돌출,0
돌파,0
돌파구,0
동,0
동갑,0
동개,0
동거,0
동거인,0
동결,0
동경,0
동공,0
동관,0
동구,0
동구권,0
동국,0
동군연합,0
동궁,0
동귀어진,0
동급생,0
동기,0
동남,0
동남아,0
동내,0
동내방내,0
동독,0
동력,0
동리,0
동맥,0
동맹,0
동맹국,0
동면,0
동명사,0
동명인,0
동문,0
동문서답,0
동물계,0
동물병원,0
동물학,0
동반,0
동방,0
동배,0
동부,0
동북,0
동북아,0
동사,0
동삼,0
동상,0
동상이몽,0
동서고금,0
동서남북,0
동성,0
동성애,0
동성애자,0
동성혼,0
동시조음,0
동식물,0
동아병부,0
동약,0
동양,0
동양학,0
동업자,0
동역학,0
동영상,0
동영주,0
동예,0
동요,0
동원,0
동원령,0
동음이의어,0
동의,0
동인,0
동일,0
동자,0
동장,0
동적,0
동전주,0
동정,0
동정남,0
동정녀,0
동종,0
동중국해,0
동지,0
동창,0
동체,0
동충하초,0
동포,0
동학,0
동해,0
동행,0
동향,0
동혈,0
동호회,0
됴션,0
두개골,0
두건,0
두견,0
두공,0
두목,0
두묘,0
두문자,0
두반장,0
두발,0
두삭동물,0
두상,0
두시,0
두연,0
두유,0
두음,0
두절,0
두정엽,0
두창,0
둔각,0
둔갑,0
둔갑법,0
득,0
득남,0
득녀,0
득도,0
득의양양,0
득점판,0
득표,0
등가물,0
등공,0
등광,0
등급,0
등기,0
등기우편,0
등대,0
등등,0
등락,0
등록,0
등록금,0
등록기,0
등롱,0
등분,0
등산로,0
등색,0
등송,0
등식,0
등신,0
등심,0
등유,0
등자,0
등잔,0
등장인물,0
등패,0
등피,0
라렬,0
라선,0
라선특별시,0
라진,0
라찰,0
라침반,0
라한,0
란,0
란도,0
란소,0
란시,0
랍치,0
랑,0
랑패,0
래빈,0
래일,0
랭동고,0
랭동기,0
랭면,0
랭장고,0
략어,0
량,0
량강도,0
량서류,0
량심,0
려관,0
려권,0
려단,0
려명,0
려행,0
력사,0
련금술,0
련금술사,0
련맹,0
련맹전,0
련방,0
련속극,0
련습,0
련습장,0
련애,0
련인,0
련합,0
렬등,0
렬씨,0
렬차,0
령,0
령도자,0
령동,0
령사,0
령서,0
령장,0
령토,0
례,0
례배,0
례의,0
례절,0
로,0
로교수,0
로국,0
로동,0
로동계급,0
로동계급화,0
로동교양,0
로동교화형,0
로동단련형,0
로동당,0
로동자,0
로병,0
로사,0
로서아,0
로선,0
로어,0
로인,0
로자,0
로천,0
로획,0
록두,0
록음,0
록음기,0
론단,0
론문,0
론쟁,0
롱구,0
롱담,0
료금,0
료리,0
료리사,0
료법,0
룡,0
룡정,0
루,0
루주,0
류,0
류동,0
류월,0
류음,0
류행,0
류혈,0
륙군,0
륙지,0
륜곽,0
륜리,0
륜리학,0
률,0
리,0
리두,0
리상,0
리용자,0
리원,0
리유,0
리해,0
리혼,0
린,0
립법,0
립법자,0
립자,0
립체,0
립체적,0
립춘,0
마갈궁,0
마경,0
마계,0
마괘,0
마구간,0
마귀,0
마녀,0
마노,0
마니,0
마니교,0
마도,0
마두금,0
마력,0
마마,0
마법사,0
마부,0
마부작침,0
마비,0
마산,0
마술,0
마술사,0
마약,0
마왕,0
마유,0
마육,0
마이동풍,0
마인어,0
마작,0
마장,0
마찰,0
마찰음,0
마천루,0
마취,0
마취목,0
마취약,0
마취제,0
마파두부,0
마편초,0
마한,0
막부,0
막후,0
만,0
만경대,0
만국기,0
만군,0
만끽,0
만년,0
만년필,0
만능,0
만담,0
만루,0
만류,0
만리장성,0
만리화,0
만만세,0
만물,0
만발,0
만병,0
만보계,0
만보기,0
만성,0
만성적,0
만세,0
만수,0
만수국,0
만수대,0
만수무강,0
만신,0
만신창이,0
만억,0
만연체,0
만엽집,0
만용,0
만우절,0
만월,0
만유,0
만유인력,0
만이,0
만일,0
만자,0
만장일치,0
만조,0
만족,0
만주,0
만주국,0
만주어,0
만찬,0
만추,0
만춘,0
만취,0
만포,0
만풍년,0
만행,0
만화가,0
만화책,0
만회,0
말기,0
말나식,0
말단청색증,0
말미,0
말세,0
말일,0
망,0
망각,0
망극,0
망기,0
망령,0
망루,0
망막,0
망명,0
망명정부,0
망발,0
망부석,0
망상,0
망시민,0
망신,0
망언,0
망연,0
망원경,0
망월,0
망자존대,0
망향,0
매국노,0
매년,0
매도,0
매독,0
매매,0
매물,0
매번,0
매복,0
매설,0
매씨,0
매음,0
매음굴,0
매점,0
매조,0
매주,0
매체,0
매춘,0
매춘부,0
매출,0
매탄,0
매표구,0
매표소,0
매향,0
맥락,0
맥령,0
맥박,0
맥석,0
맥아,0
맥적,0
맥점,0
맥추,0
맹도견,0
맹렬,0
맹목적,0
맹세,0
맹수,0
맹인,0
맹자,0
맹장,0
맹장염,0
맹점,0
멱집합,0
면,0
면담,0
면도기,0
면목,0
면사,0
면세,0
면세점,0
면실유,0
면역,0
면역계,0
면역학,0
면적,0
면전,0
면접관,0
면책조항,0
면포,0
면허,0
면허증,0
면화,0
멸공,0
멸균,0
멸망,0
멸시,0
멸적,0
멸절,0
멸족,0
명계,0
명곡,0
명관,0
명궁,0
명금,0
명단,0
명당,0
명동,0
명란,0
명령,0
명령법,0
명령어,0
명령행,0
명료,0
명말청초,0
명명,0
명명법,0
명목,0
명문,0
명문집,0
명물,0
명반,0
명백,0
명부,0
명분,0
명불허전,0
명사,0
명사화,0
명성,0
명세,0
명소,0
명수,0
명승고적,0
명시,0
명신,0
명암,0
명예,0
명운,0
명월,0
명인,0
명일,0
명자,0
명작,0
명장,0
명저,0
명제,0
명조,0
명조체,0
명주,0
명중,0
명창,0
명철,0
명칭,0
명태,0
명함,0
몌별,0
모교,0
모국,0
모국어,0
모녀,0
모독,0
모란봉,0
모략,0
모반,0
모방,0
모범,0
모사,0
모성애,0
모세관,0
모세혈관,0
모순,0
모슬포,0
모식,0
모어,0
모욕,0
모용,0
모우좌,0
모운,0
모음,0
모음조화,0
모의실험,0
모자,0
모전,0
모종,0
모직,0
모집,0
모충,0
모친,0
모태,0
모피,0
목격,0
목격자,0
목관악기,0
목금,0
목단,0
목단강,0
목도,0
목란,0
목람,0
목록,0
목마,0
목면,0
목사,0
목석,0
목수,0
목양견,0
목어,0
목엽,0
목요,0
목욕실,0
목욕통,0
목자,0
목장,0
목재,0
목적,0
목적론,0
목전,0
목조,0
목차,0
목초지,0
목축,0
목침,0
목탄,0
목포,0
목피,0
목화,0
몰락,0
몰상식,0
몰수,0
몰약,0
몰염치,0
몰입,0
몽강,0
몽고,0
몽고점,0
몽롱,0
몽매주의,0
몽상,0
몽어,0
몽정,0
묘,0
묘미,0
묘비,0
묘사,0
묘석,0
묘약,0
묘연,0
묘원,0
묘지,0
묘포,0
묘향산,0
묘호,0
무간지옥,0
무고,0
무관세,0
무교병,0
무국적,0
무궁,0
무기,0
무기고,0
무기음,0
무기징역,0
무녀,0
무능,0
무능력,0
무능력자,0
무단,0
무당,0
무도회,0
무려,0
무력,0
무례,0
무료,0
무리수,0
무림,0
무마,0
무망감,0
무명,0
무법,0
무사도,0
무산군,0
무색,0
무선,0
무선국,0
무선대화기,0
무선전화,0
무선호출기,0
무성애,0
무성음,0
무소부지,0
무소속,0
무소유,0
무속,0
무속인,0
무수,0
무수단,0
무술,0
무승부,0
무시,0
무신론,0
무신론자,0
무심,0
무쌍,0
무아,0
무악,0
무언가,0
무언증,0
무역풍,0
무역항,0
무연탄,0
무예,0
무오,0
무용,0
무용가,0
무유,0
무의식,0
무인,0
무인기,0
무인도,0
무인점포,0
무인항공기,0
무자,0
무작위,0
무장,0
무정,0
무정부,0
무정부주의,0
무조건,0
무종,0
무죄,0
무중량,0
무중력,0
무진,0
무진장,0
무차별,0
무채색,0
무척추,0
무척추동물,0
무청,0
무탈,0
무풍,0
무한,0
무협,0
무환자,0
무희,0
묵가,0
묵고,0
묵과,0
묵념,0
묵살,0
묵시,0
묵인,0
묵주,0
문간,0
문경,0
문과,0
문구점,0
문단,0
문답,0
문데,0
문도,0
문란,0
문맥,0
문맹,0
문명,0
문묘,0
문물,0
문방,0
문방구,0
문법,0
문병,0
문사,0
문선,0
문신,0
문예,0
문외한,0
문의,0
문자반,0
문장,0
문제점,0
문지방,0
문진,0
문집,0
문천,0
문체,0
문한,0
문해,0
문해교육,0
문헌,0
문형,0
문화대혁명,0
문화원,0
물류,0
물리,0
물리치료,0
물리학,0
물리학자,0
물리화학,0
물망초,0
물물교환,0
물자,0
물자체,0
물증,0
물품,0
미,0
미강유,0
미국화,0
미궁,0
미기후,0
미남,0
미녀,0
미덕,0
미동,0
미래시제,0
미래완료,0
미래학,0
미뢰,0
미류,0
미륵,0
미륵보살,0
미만,0
미모,0
미미,0
미분,0
미분법,0
미비,0
미사여구,0
미상,0
미생물,0
미생물학,0
미성,0
미성년,0
미성년자,0
미세,0
미소녀,0
미소년,0
미숙아,0
미술가,0
미술관,0
미술사,0
미시경제학,0
미식축구,0
미신,0
미안,0
미어,0
미완,0
미용사,0
미용실,0
미용원,0
미우,0
미융모,0
미음,0
미인,0
미인계,0
미작,0
미장원,0
미적분,0
미제,0
미주,0
미중,0
미지수,0
미채,0
미추홀,0
미풍,0
미학,0
미합중국,0
미해결,0
미혹,0
미혼,0
미혼모,0
미화,0
미확인,0
민가,0
민간기,0
민간인,0
민감,0
민망,0
민박,0
민방위,0
민병,0
민병대,0
민사,0
민속,0
민수기,0
민어,0
민영,0
민영화,0
민요,0
민원,0
민의,0
민족,0
민족사회주의,0
민족성,0
민족주의,0
민족학,0
민주당,0
민주사회주의,0
민주주의자,0
민주화,0
민중,0
민지,0
민첩,0
민폐,0
민화,0
밀감,0
밀도,0
밀랍,0
밀렵,0
밀림,0
밀수,0
밀실,0
밀양,0
밀어,0
밀운,0
밀월,0
밀정,0
밀주,0
밀통,0
밀항,0
밀회,0
박격포,0
박동,0
박람회,0
박멸,0
박명,0
박봉,0
박사,0
박살,0
박수갈채,0
박애,0
박엽지,0
박자,0
박제,0
박차,0
박치,0
박탈,0
박판,0
박해,0
박해자,0
반가,0
반감,0
반격,0
반경,0
반곡궁,0
반공,0
반공격,0
반공일,0
반구,0
반군,0
반기,0
반년,0
반대,0
반대어,0
반대편,0
반도,0
반동,0
반려,0
반려견,0
반려동물,0
반려묘,0
반려조,0
반립자,0
반물질,0
반미,0
반민특위,0
반박,0
반반,0
반발,0
반복,0
반비례,0
반사,0
반사경,0
반사회적,0
반석,0
반성,0
반시간,0
반신반의,0
반신반인,0
반신상,0
반암,0
반액,0
반어,0
반어인,0
반역자,0
반역죄,0
반열반,0
반영,0
반영웅,0
반원,0
반음,0
반응,0
반입자,0
반자동,0
반장,0
반전,0
반전세,0
반절,0
반점,0
반주,0
반증,0
반지성주의,0
반지하,0
반체제,0
반추,0
반치음,0
반칙,0
반침,0
반포,0
반품,0
반합,0
반항,0
반혁명,0
반화석,0
반환,0
발각,0
발간,0
발간사,0
발광,0
발굴,0
발급,0
발기,0
발기부전,0
발단,0
발달,0
발매,0
발명,0
발문,0
발발,0
발사,0
발사대,0
발상,0
발색,0
발생,0
발송자,0
발언,0
발열,0
발음,0
발음기관,0
발음법,0
발인,0
발전기,0
발전도상국,0
발전소,0
발정,0
발진,0
발치,0
발탁,0
발포,0
발포주,0
발해,0
발행,0
발효,0
발휘,0
방공,0
방공호,0
방과후,0
방광,0
방광암,0
방광염,0
방금,0
방년,0
방명,0
방문자,0
방방곡곡,0
방법,0
방법론,0
방사,0
방사능,0
방사선,0
방사선촬영,0
방사선학,0
방사성,0
방사탄,0
방생,0
방석,0
방석복,0
방송,0
방송원,0
방수,0
방수포,0
방식,0
방심,0
방안,0
방어,0
방어수,0
방어율,0
방언,0
방역,0
방영,0
방위,0
방위각,0
방전,0
방점,0
방접원,0
방정식,0
방조,0
방조제,0
방종,0
방주,0
방지,0
방직,0
방첩,0
방추,0
방출,0
방출음,0
방충망,0
방탄,0
방편,0
방풍,0
방풍림,0
방학,0
방한,0
방해,0
방해물,0
방향족,0
방향치,0
방호,0
방화,0
방화문,0
방화범,0
방화벽,0
방화선,0
방화죄,0
배,0
배관,0
배관공,0
배교,0
배구,0
배급,0
배기관,0
배낭,0
배낭여행,0
배당,0
배변,0
배부,0
배분,0
배사,0
배산임수,0
배상,0
배설,0
배소,0
배수,0
배수관,0
배신자,0
배심,0
배심원,0
배심원단,0
배아,0
배양액,0
배역,0
배영,0
배우자,0
배율,0
배전반,0
배제,0
배척,0
배초향,0
배출,0
배출구,0
배치,0
배회,0
배후,0
백경,0
백과,0
백과사전,0
백과전서,0
백군,0
백금,0
백내장,0
백년국치,0
백단,0
백단향,0
백동,0
백두,0
백두산,0
백량금,0
백련교,0
백로,0
백리새천덕,0
백마,0
백만,0
백문불여일견,0
백반,0
백발,0
백분비,0
백분율,0
백사탕,0
백색,0
백색증,0
백서,0
백선,0
백설,0
백설탕,0
백성,0
백송,0
백수,0
백악,0
백악관,0
백악기,0
백야,0
백양궁,0
백열등,0
백운산,0
백월,0
백은,0
백의종군,0
백인,0
백일,0
백일몽,0
백일해,0
백자말,0
백작,0
백전백승,0
백절불굴,0
백정,0
백제,0
백주,0
백지,0
백질,0
백채,0
백척간두,0
백파,0
백판,0
백팔번뇌,0
백포도주,0
백해,0
백향과,0
백혈구,0
백혈병,0
백호,0
백화,0
번,0
번뇌,0
번문욕례,0
번민,0
번역가,0
번역기,0
번역자,0
번역차용,0
번역체,0
번영,0
번지,0
번창,0
번체,0
번체자,0
번호,0
번호판,0
번화,0
번화가,0
벌초,0
범람,0
범람원,0
범례,0
범부,0
범선,0
범신론,0
범심론,0
범어,0
범위,0
범유행,0
범이신론,0
범인,0
범자,0
범재신론,0
범죄,0
범죄인,0
범죄자,0
범주,0
범주론,0
범천,0
범칙,0
범퇴,0
범포,0
범행,0
법,0
법가,0
법계,0
법관,0
법도,0
법락,0
법랑질,0
법령,0
법륜,0
법륜공,0
법률,0
법률안,0
법률학,0
법무부,0
법사,0
법식,0
법안,0
법왕,0
법원,0
법의학,0
법인,0
법적,0
법전,0
법치,0
법치주의,0
법학,0
벤소,0
벽,0
벽공,0
벽난로,0
벽력,0
벽보,0
벽시계,0
벽안,0
벽자,0
벽장,0
벽지,0
벽화,0
변,0
변경,0
변기,0
변동,0
변론,0
변론가,0
변명,0
변분법,0
변비,0
변소,0
변수,0
변신,0
변심,0
변압기,0
변절,0
변절자,0
변제,0
변종,0
변좌,0
변주,0
변천,0
변체,0
변태,0
변한,0
변형,0
변형력,0
변호사,0
변호인,0
변화구,0
변환,0
별관,0
별도,0
별명,0
별미,0
별반,0
별별,0
별세,0
별안간,0
별유천지,0
별일,0
별칭,0
병,0
병기고,0
병기창,0
병대,0
병독,0
병동,0
병력,0
병리,0
병리학,0
병법,0
병사,0
병살,0
병살타,0
병술,0
병신,0
병아,0
병어,0
병역,0
병영,0
병오,0
병음,0
병인,0
병자,0
병장,0
병정,0
병존,0
병졸,0
병진,0
병참,0
병참장교,0
병풍,0
병합,0
보건,0
보건소,0
보고서,0
보고자,0
보관,0
보관소,0
보관인,0
보급,0
보도,0
보도계,0
보도연맹,0
보도자료,0
보루,0
보리수,0
보리심,0
보모,0
보병,0
보병궁,0
보복,0
보복구,0
보살,0
보상,0
보색,0
보석상,0
보수,0
보수계,0
보수주의,0
보습,0
보신탕,0
보안관,0
보안원,0
보약,0
보양탕,0
보어,0
보온,0
보온병,0
보위,0
보육원,0
보응,0
보이차,0
보장,0
보전,0
보조,0
보조동사,0
보조사,0
보증,0
보집합,0
보철,0
보청기,0
보체,0
보초,0
보충,0
보측계,0
보탑,0
보통화,0
보편적,0
보필,0
보학,0
보행,0
보행자,0
보험,0
보호관찰,0
보호무역,0
보호자,0
보호주의,0
복,0
복건,0
복구,0
복국,0
복굴절,0
복권,0
복귀,0
복근,0
복도,0
복력,0
복리,0
복막,0
복모음,0
복무,0
복병,0
복부,0
복분자,0
복불복,0
복사,0
복사기,0
복선,0
복소수,0
복소수평면,0
복수,0
복수국적,0
복수전,0
복수초,0
복수형,0
복습,0
복엽기,0
복용량,0
복원,0
복음,0
복음서,0
복장,0
복제,0
복종,0
복주,0
복지,0
복지국가,0
복직근,0
복합어,0
복호,0
복화술,0
복희,0
본,0
본격,0
본격적,0
본고,0
본관,0
본능,0
본루,0
본명,0
본문,0
본부,0
본사,0
본색,0
본선,0
본성,0
본연,0
본원,0
본위,0
본음,0
본의,0
본인,0
본조,0
본좌,0
본체,0
본토,0
봉건,0
봉고도,0
봉급,0
봉기,0
봉랍,0
봉밀,0
봉분,0
봉사,0
봉사기,0
봉선화,0
봉소,0
봉쇄,0
봉술,0
봉신연의,0
봉지,0
봉착,0
봉투,0
봉황,0
부,0
부강,0
부검,0
부고,0
부관,0
부귀,0
부귀영화,0
부근,0
부남,0
부녀,0
부녀자,0
부녀회,0
부농,0
부단,0
부덕의,0
부도,0
부도덕,0
부동,0
부동산,0
부두,0
부등식,0
부락,0
부록,0
부류,0
부문,0
부부,0
부분,0
부분적,0
부분집합,0
부사,0
부사관,0
부사령관,0
부상자,0
부서,0
부수,0
부식,0
부신,0
부신피질,0
부업,0
부위,0
부유,0
부음,0
부응,0
부인,0
부인과,0
부임,0
부자,0
부작용,0
부장,0
부재,0
부적,0
부적절,0
부전령,0
부전승,0
부전자전,0
부정,0
부정관사,0
부정사,0
부정적,0
부정적분,0
부제,0
부조리,0
부족수,0
부지기수,0
부지불식간,0
부천,0
부총리,0
부칙,0
부친,0
부통령,0
부패,0
부항,0
부호,0
부화,0
부활,0
부활주일,0
부회장,0
부흥,0
북가주,0
북괴,0
북극점,0
북극해,0
북동,0
북미,0
북반구,0
북방,0
북벌,0
북부,0
북빙양,0
북서,0
북송,0
북위,0
북장,0
북조선,0
북측,0
북풍,0
북한,0
분,0
분간,0
분계선,0
분광,0
분광기,0
분광학,0
분교,0
분권,0
분기,0
분납,0
분단,0
분대,0
분도기,0
분량,0
분류,0
분류학,0
분리,0
분리되다,0
분리주의,0
분만,0
분말,0
분명,0
분모,0
분묘,0
분방,0
분배,0
분별,0
분비물,0
분사,0
분서갱유,0
분석,0
분석어,0
분석자,0
분쇄,0
분쇄기,0
분수령,0
분식,0
분식류,0
분식점,0
분식회계,0
분야,0
분열,0
분유,0
분재,0
분쟁,0
분점,0
분주소,0
분지,0
분지화,0
분침,0
분투,0
분파,0
분포,0
분필,0
분할,0
분해,0
분홍색,0
불가결,0
불가능,0
불가사의,0
불가역적,0
불가지론,0
불가침,0
불가피,0
불가항력,0
불가해,0
불경,0
불공평,0
불과,0
불교,0
불교도,0
불구,0
불구속,0
불굴,0
불규칙은하,0
불기,0
불도,0
불란서,0
불란서어,0
불량배,0
불량자,0
불량품,0
불로,0
불로불사,0
불륜,0
불만,0
불만족,0
불매,0
불면증,0
불멸,0
불멸기원,0
불명,0
불명예,0
불무,0
불문율,0
불법,0
불변,0
불복,0
불복종,0
불사,0
불사신,0
불사조,0
불산,0
불상,0
불상사,0
불성,0
불수감,0
불시착,0
불안정,0
불야성,0
불어,0
불운,0
불은,0
불응,0
불의,0
불임,0
불전,0
불철주야,0
불청불탁,0
불충,0
불충분,0
불치,0
불치병,0
불친절,0
불타,0
불패,0
불편,0
불평,0
불평등,0
불평등조약,0
불포화,0
불한당,0
불행,0
불협화음,0
불호불,0
불화수소,0
불황,0
붕괴,0
붕대,0
붕소,0
붕우,0
붕장어,0
비각,0
비겁,0
비격,0
비격식체,0
비경,0
비고,0
비골,0
비관,0
비교,0
비교급,0
비교적,0
비구니,0
비난,0
비난자,0
비뇨기과,0
비닉,0
비도,0
비례대표제,0
비료,0
비망기,0
비망록,0
비매품,0
비명,0
비문,0
비밀결사,0
비방,0
비백,0
비백서,0
비번,0
비범,0
비법,0
비상사태,0
비색,0
비소,0
비속,0
비속어,0
비수,0
비애,0
비염,0
비영리,0
비옥,0
비유,0
비음,0
비음화,0
비인도적,0
비자금,0
비적,0
비중,0
비참,0
비축,0
비취,0
비파,0
비판,0
비평,0
비평가,0
비폭력,0
비표준,0
비핵화,0
비행기록장치,0
비행기표,0
비행사,0
비행선,0
비호,0
비화,0
비휴,0
빈곤,0
빈뇨,0
빈도,0
빈민,0
빈민가,0
빈민굴,0
빈부,0
빈약,0
빈유,0
빈자,0
빙결,0
빙과,0
빙산,0
빙상관,0
빙상무용,0
빙수,0
빙실,0
빙어,0
빙점,0
빙정,0
빙퇴석,0
빙하기,0
사,0
사각지대,0
사각팔방,0
사각형,0
사건,0
사격,0
사고력,0
사고팔고,0
사골,0
사과주,0
사과즙,0
사관,0
사교,0
사귀,0
사극,0
사금,0
사기,0
사내,0
사단,0
사담,0
사당,0
사대,0
사대부,0
사대주의,0
사도,0
사도행전,0
사동사,0
사략선,0
사령관,0
사령부,0
사례,0
사료,0
사륜차,0
사리사욕,0
사리원,0
사림,0
사립,0
사마,0
사막화,0
사망,0
사망률,0
사망자,0
사명,0
사모,0
사무,0
사무소,0
사무실,0
사무원,0
사무직,0
사미,0
사발,0
사방,0
사방팔방,0
사백어,0
사범,0
사법,0
사법적,0
사변형,0
사병,0
사본,0
사사,0
사사구,0
사사기,0
사사오입,0
사상가,0
사상범,0
사생,0
사생아,0
사생자,0
사서오경,0
사석,0
사설,0
사성음,0
사성제,0
사수,0
사시,0
사신,0
사실무근,0
사실상,0
사심,0
사십,0
사십년대,0
사악,0
사안,0
사암,0
사양,0
사어,0
사업가,0
사업자,0
사업주,0
사역원,0
사용,0
사용인,0
사용자,0
사우,0
사원,0
사육제,0
사임,0
사자궁,0
사자성어,0
사자좌,0
사장,0
사적,0
사절,0
사정,0
사제,0
사조,0
사족,0
사종,0
사죄,0
사주,0
사주팔자,0
사증,0
사지,0
사직,0
사진가,0
사진기,0
사진사,0
사진술,0
사진첩,0
사차원,0
사창,0
사천,0
사체,0
사초,0
사치품,0
사칭,0
사태,0
사통,0
사통팔달,0
사퇴,0
사필귀정,0
사하,0
사학,0
사학자,0
사항,0
사해,0
사행,0
사향,0
사형,0
사화,0
사화산,0
사회민주주의,0
사회주의,0
사회학,0
사후,0
삭제,0
산계초,0
산곡,0
산과,0
산과의,0
산과학,0
산당화,0
산동,0
산두,0
산록,0
산맥,0
산문,0
산법,0
산보,0
산부인과,0
산서,0
산수유,0
산술,0
산신,0
산아,0
산양좌,0
산업화,0
산유화,0
산장,0
산적,0
산전,0
산정,0
산조,0
산천,0
산초,0
산탄총,0
산파,0
산판,0
산포,0
산해관,0
산호해,0
산화,0
산화물,0
산화제,0
산후통,0
살균,0
살모사,0
살벌,0
살수기,0
살인,0
살인범,0
살인자,0
살처분,0
살풍경,0
살해,0
삼,0
삼각,0
삼각대,0
삼각함수,0
삼강,0
삼강오륜,0
삼강오상,0
삼계탕,0
삼공,0
삼광,0
삼교,0
삼국,0
삼국지,0
삼국지연의,0
삼단논법,0
삼단도,0
삼대체강,0
삼도천,0
삼독,0
삼동,0
삼라만상,0
삼락,0
삼륜차,0
삼림욕,0
삼매,0
삼명,0
삼보,0
삼색,0
삼색기,0
삼선,0
삼성,0
삼수,0
삼십,0
삼십년대,0
삼십육계,0
삼엽기,0
삼엽충,0
삼원색,0
삼월,0
삼위일체,0
삼인칭,0
삼자경,0
삼족,0
삼족오,0
삼중살,0
삼지창,0
삼진,0
삼차원,0
삼척,0
삼청교육대,0
삼초,0
삼태성,0
삼한,0
삼황오제,0
삽신,0
삽입,0
삽입곡,0
삽화,0
상,0
상가,0
상간,0
상견례,0
상구,0
상권,0
상급,0
상기,0
상념,0
상담,0
상담가,0
상당,0
상대방,0
상대적,0
상대주의,0
상도,0
상락,0
상록수,0
상류,0
상류사회,0
상륙,0
상면,0
상무,0
상민,0
상사병,0
상선벌악,0
상성,0
상속,0
상식,0
상실,0
상아탑,0
상아해안,0
상여,0
상완삼두근,0
상완이두근,0
상용,0
상원,0
상원의원,0
상위어,0
상응,0
상임,0
상전벽해,0
상정,0
상좌,0
상징,0
상체,0
상쾌,0
상투,0
상표,0
상품,0
상품화,0
상하,0
상항,0
상해,0
상형,0
상환,0
색,0
색맹,0
색상환,0
색소,0
색안경,0
색욕,0
색인,0
색정,0
색채,0
색칠,0
생,0
생강차,0
생년월일,0
생도,0
생득,0
생략,0
생로병사,0
생리학,0
생멸,0
생명보험,0
생물권,0
생물체,0
생물학,0
생물학자,0
생물화학,0
생방송,0
생사,0
생사여탈권,0
생사존망,0
생산,0
생산량,0
생산력,0
생산성,0
생산자,0
생살여탈권,0
생석회,0
생선포,0
생선회,0
생수,0
생시,0
생식,0
생식기,0
생신,0
생애,0
생업,0
생이별,0
생장,0
생전,0
생존자,0
생중계,0
생초,0
생태,0
생포,0
생화학,0
생활비,0
생활용품,0
생황,0
생흔학,0
서강,0
서거,0
서경,0
서고,0
서과,0
서광,0
서구,0
서귀포,0
서기관,0
서기장,0
서남,0
서당,0
서도,0
서독,0
서력,0
서류,0
서류철,0
서명,0
서문,0
서민,0
서반아,0
서발,0
서방,0
서법,0
서부,0
서부극,0
서북,0
서북청년회,0
서빙고,0
서사시,0
서서,0
서술,0
서술자,0
서식,0
서안,0
서약,0
서양,0
서양식,0
서양접골목,0
서양화,0
서예,0
서왕모,0
서원,0
서유기,0
서인,0
서자,0
서장,0
서재,0
서적,0
서전,0
서정시,0
서진,0
서체,0
서초,0
서평,0
서표,0
서하,0
서해,0
서행,0
서화,0
석가모니,0
석가장,0
석간,0
석감,0
석거,0
석고,0
석고판,0
석관,0
석랍,0
석묵,0
석방,0
석사,0
석송,0
석순,0
석영,0
석유,0
석의,0
석이,0
석장,0
석존,0
석탄,0
석탄광,0
석패과,0
석회,0
석회석,0
석회암,0
선거,0
선거인,0
선거통,0
선견지명,0
선고,0
선교,0
선교사,0
선구,0
선구안,0
선구자,0
선남,0
선녀,0
선단,0
선동,0
선량,0
선렬,0
선로,0
선명,0
선미,0
선박,0
선반공,0
선배,0
선별,0
선봉,0
선사,0
선상,0
선서,0
선수촌,0
선실,0
선심,0
선악,0
선약,0
선언,0
선옹초,0
선우,0
선원,0
선의,0
선임,0
선입,0
선입견,0
선입관,0
선입선출,0
선장,0
선전,0
선전포고,0
선정,0
선정하다,0
선제,0
선제공격,0
선제후,0
선조,0
선종,0
선지자,0
선진,0
선진국,0
선집,0
선착장,0
선창,0
선체,0
선출,0
선택권,0
선풍,0
선혈,0
선형동물,0
선호,0
선화,0
설강화,0
설계도,0
설교,0
설교자,0
설농탕,0
설득,0
설령,0
설립,0
설립자,0
설명서,0
설문,0
설문지,0
설비,0
설사,0
설산,0
설상가상,0
설상차,0
설순음,0
설암,0
설연타,0
설욕,0
설인,0
설전,0
설정,0
설측음,0
설치,0
설치류,0
설한풍,0
섬망,0
섬멸,0
섬서,0
섬섬옥수,0
섬유,0
섭,0
섭씨,0
섭외,0
섭정,0
섭취,0
성,0
성가,0
성감,0
성감대,0
성경,0
성공,0
성공회,0
성과,0
성관계,0
성광,0
성교,0
성교육,0
성구,0
성군,0
성균관,0
성급,0
성기,0
성남,0
성녀,0
성년,0
성능,0
성당,0
성대,0
성덕,0
성도,0
성독,0
성령,0
성리학,0
성립,0
성망,0
성매매,0
성명,0
성명서,0
성모,0
성묘,0
성문,0
성문음,0
성범죄자,0
성벽,0
성별,0
성병,0
성부,0
성분,0
성사,0
성상,0
성새,0
성생활,0
성서,0
성소수자,0
성쇠,0
성수,0
성시,0
성신,0
성실,0
성심,0
성씨,0
성악,0
성애물,0
성어,0
성욕,0
성우,0
성운,0
성은,0
성의,0
성인,0
성자,0
성작,0
성적,0
성적표,0
성전,0
성전사,0
성전환,0
성전환자,0
성정,0
성조,0
성좌,0
성주,0
성지,0
성직자,0
성진국,0
성질,0
성차별,0
성찬,0
성채,0
성체,0
성체성사,0
성취,0
성탄절,0
성폭행,0
성하,0
성함,0
성행위,0
성향,0
성형,0
성화,0
세계관,0
세계시,0
세계어,0
세계적,0
세계화,0
세관,0
세균,0
세균전,0
세뇌,0
세단기,0
세대주,0
세력,0
세례,0
세리,0
세면,0
세면기,0
세면장,0
세배,0
세세년년,0
세속,0
세속적,0
세습무,0
세시,0
세월부대인,0
세율,0
세입자,0
세자,0
세절기,0
세제,0
세존,0
세종,0
세차,0
세척,0
세척제,0
세탁소,0
세탁실,0
세포,0
세포질,0
세포학,0
세포핵,0
소각,0
소개,0
소경,0
소곡,0
소관,0
소굴,0
소급,0
소녀,0
소년,0
소년궁전,0
소농,0
소뇌,0
소대,0
소도구,0
소독제,0
소두,0
소득,0
소련,0
소령,0
소립자,0
소맥,0
소멸,0
소모전,0
소묘,0
소문자,0
소반,0
소방,0
소방관,0
소방대,0
소방대장,0
소방서,0
소방수,0
소변,0
소비,0
소비품,0
소설가,0
소속,0
소송,0
소수,0
소수민족,0
소슬,0
소신,0
소실,0
소아,0
소아과,0
소아마비,0
소아성애,0
소아성애자,0
소아성애증,0
소아치과의사,0
소옥,0
소외,0
소용,0
소위,0
소유,0
소유물,0
소유자,0
소음순,0
소인,0
소자,0
소장,0
소재,0
소재지,0
소제,0
소제부,0
소좌,0
소주,0
소중화,0
소지품,0
소질,0
소집,0
소책자,0
소철,0
소총,0
소추,0
소치,0
소침,0
소포,0
소포제,0
소품,0
소학교,0
소형,0
소화기,0
소화기관,0
소화전,0
소화제,0
소환,0
속견,0
속구,0
속담,0
속도,0
속도빙상,0
속령,0
속박,0
속보,0
속성,0
속성음식,0
속세,0
속속,0
속수무책,0
속어,0
속음,0
속자,0
속전속결,0
속죄,0
속초,0
속칭,0
속편,0
손녀,0
손실,0
손오공,0
손주,0
손해,0
솔선수범,0
솔직,0
송과선,0
송구,0
송금,0
송년회,0
송도,0
송림,0
송부,0
송엽,0
송엽국,0
송자,0
송장,0
송치,0
송학,0
송화기,0
송화단,0
쇄도,0
쇠락,0
수간,0
수감자,0
수갑,0
수고,0
수공업,0
수과,0
수괴,0
수교,0
수구여병,0
수권,0
수급,0
수난,0
수녀,0
수뇌,0
수뇌상봉,0
수뇌회담,0
수뇨관,0
수단,0
수당,0
수도권,0
수도사,0
수도원,0
수동태,0
수두,0
수두부,0
수락,0
수란,0
수랭,0
수량,0
수량형용사,0
수력,0
수련회,0
수렴,0
수렵,0
수령,0
수로,0
수록,0
수론,0
수류탄,0
수리공,0
수리인,0
수면제,0
수모,0
수문학,0
수백,0
수법,0
수병,0
수병좌,0
수부,0
수비,0
수비수,0
수사,0
수사관,0
수사학,0
수산,0
수산기,0
수산업,0
수상자,0
수색,0
수서,0
수석,0
수선공,0
수소,0
수소탄,0
수송,0
수송선,0
수수료,0
수습,0
수식,0
수식어,0
수신기,0
수신인,0
수심,0
수십,0
수어,0
수연통,0
수염,0
수엽,0
수영모,0
수영복,0
수요,0
수용소,0
수운,0
수원,0
수위,0
수은,0
수음,0
수의사,0
수익,0
수입,0
수입품,0
수장국,0
수장룡,0
수적,0
수전,0
수전노,0
수정과,0
수정란,0
수정안,0
수정주의,0
수정체,0
수제자,0
수조,0
수족,0
수준,0
수증기,0
수지,0
수직파,0
수진본,0
수질,0
수청목,0
수축,0
수출,0
수출품,0
수취,0
수취인,0
수치,0
수칙,0
수탁인,0
수탁자,0
수태,0
수통,0
수판,0
수평,0
수평선,0
수표,0
수풍금,0
수피,0
수필,0
수필집,0
수학,0
수학여행,0
수학자,0
수행,0
수혈,0
수혈증,0
수호,0
수호전,0
수화,0
수화기,0
수효,0
숙녀,0
숙답,0
숙련,0
숙련자,0
숙명,0
숙명론,0
숙성,0
숙수,0
숙식,0
숙어,0
숙청,0
숙취,0
순간이동,0
순결,0
순교,0
순교자,0
순도,0
순례,0
순례자,0
순박,0
순서,0
순수,0
순식간,0
순애,0
순양함,0
순위,0
순응,0
순의,0
순조,0
순채,0
순천,0
순치음,0
순항,0
순환,0
순환선,0
순회심판소,0
순흥,0
술,0
술어,0
숫자,0
숭경,0
숭고,0
숭배,0
쉐수,0
슬개골,0
슬와,0
슬하,0
습격,0
습관,0
습기,0
습도,0
습득,0
습득력,0
습득물,0
습성,0
습식,0
습윤,0
습작,0
습지,0
습진,0
승,0
승강기,0
승객,0
승격,0
승계,0
승극,0
승급,0
승기,0
승낙,0
승려,0
승률,0
승리자,0
승마,0
승무원,0
승방,0
승법,0
승복,0
승부,0
승부조작,0
승산,0
승수,0
승용차,0
승인,0
승전,0
승진,0
승탑,0
승하,0
승학연,0
승합차,0
승화,0
시가,0
시가전차,0
시각,0
시간대,0
시간여행,0
시간표,0
시경,0
시과,0
시구,0
시국,0
시기,0
시대극,0
시대정신,0
시댁,0
시도,0
시동,0
시동생,0
시력,0
시력검사표,0
시력표,0
시련,0
시립,0
시민군,0
시민권,0
시발,0
시발점,0
시방,0
시범,0
시보,0
시부모,0
시비,0
시상,0
시상하부,0
시세,0
시숙,0
시식,0
시신,0
시신경,0
시심마,0
시역,0
시왕,0
시외,0
시월,0
시위,0
시위대,0
시위자,0
시유,0
시음,0
시인,0
시적,0
시절,0
시제,0
시조,0
시조조,0
시주,0
시중,0
시차,0
시착실,0
시찰,0
시청,0
시청각,0
시청률,0
시청자,0
시체,0
시침,0
시타,0
시편,0
시포,0
시한폭탄,0
시합,0
시해,0
시행,0
시험관,0
시혜,0
시호,0
시흥,0
식,0
식감,0
식겁,0
식관,0
식구,0
식기세척기,0
식단,0
식당,0
식도,0
식료,0
식료품점,0
식물유,0
식물학,0
식민,0
식민주의,0
식민지화,0
식별,0
식분증,0
식비,0
식생,0
식생활,0
식성,0
식수,0
식순,0
식욕,0
식용,0
식용색소,0
식용유,0
식인,0
식인종,0
식자,0
식자우환,0
식전,0
식중독,0
식충,0
식판,0
식품,0
식품보존료,0
식해,0
식혜,0
식후,0
신강,0
신격화,0
신경,0
신경계,0
신경언어학,0
신경전달물질,0
신경학,0
신고,0
신고인,0
신곡,0
신교도,0
신군부,0
신규,0
신기전,0
신년,0
신년사,0
신농,0
신당,0
신당서,0
신도,0
신동,0
신력,0
신령,0
신명기,0
신묘,0
신문,0
신문지,0
신미,0
신민,0
신민요,0
신법,0
신변잡기,0
신병,0
신부,0
신부모,0
신분,0
신분증,0
신빙성,0
신사,0
신생아,0
신서란,0
신설,0
신성,0
신세,0
신세계,0
신속,0
신수,0
신시대,0
신앙,0
신약,0
신어,0
신용,0
신용장,0
신유,0
신음,0
신의주,0
신인,0
신임,0
신입,0
신입생,0
신자,0
신자식,0
신작로,0
신장,0
신장위,0
신점,0
신제품,0
신조어,0
신종,0
신주,0
신죽,0
신지학,0
신진대사,0
신천옹,0
신청,0
신청자,0
신축,0
신축성,0
신탁통치,0
신포,0
신하,0
신학,0
신해,0
신형,0
신호총,0
실내복,0
실력,0
실례,0
실록,0
실망,0
실명,0
실무,0
실생활,0
실성,0
실세계,0
실솔,0
실습,0
실시,0
실어증,0
실업,0
실업가,0
실업률,0
실업자,0
실연,0
실외,0
실장,0
실재,0
실정,0
실존,0
실존주의,0
실직,0
실질,0
실책,0
실체,0
실태,0
실패,0
실패자,0
실행,0
실향민,0
실현,0
심근경색,0
심려,0
심령,0
심령사진,0
심리전,0
심리학,0
심리학자,0
심문,0
심미안,0
심박,0
심박계,0
심박수,0
심복,0
심부전,0
심사,0
심사숙고,0
심산유곡,0
심성,0
심야,0
심양,0
심오,0
심의,0
심인성,0
심장마비,0
심재,0
심전계,0
심전도,0
심정,0
심정지,0
심천,0
심판,0
심해,0
심호흡,0
심혼,0
심화,0
십,0
십각형,0
십계명,0
십구,0
십사,0
십삼,0
십삼경,0
십상팔구,0
십선,0
십악,0
십억,0
십오,0
십오각형,0
십육,0
십이,0
십이월,0
십일,0
십일월,0
십자,0
십자가,0
십자고상,0
십자군,0
십자선,0
십중팔구,0
십진법,0
십칠,0
십팔,0
십해,0
쌍,0
쌍곡선,0
쌍녀궁,0
쌍반점,0
쌍방,0
쌍벽,0
쌍봉낙타,0
쌍생아,0
쌍아궁,0
쌍안경,0
쌍어궁,0
쌍자궁,0
쌍점,0
쌍정,0
쌍친,0
씨족,0
아강,0
아교,0
아국,0
아군,0
아귀,0
아녀자,0
아도,0
아동,0
아라사,0
아라한,0
아령,0
아뢰야식,0
아만,0
아미타불,0
아방궁,0
아비,0
아비규환,0
아비달마,0
아비지옥,0
아사,0
아산,0
아세아,0
아수라,0
아시타비,0
아악,0
아역,0
아연,0
아열대,0
아열대림,0
아유,0
아전인수,0
아종,0
아집,0
아첨,0
아편전쟁,0
악,0
악경,0
악곡,0
악구,0
악녀,0
악단,0
악담,0
악당,0
악덕,0
악동,0
악랄,0
악력,0
악력계,0
악령,0
악마,0
악명,0
악몽,0
악서,0
악성,0
악성종양,0
악수,0
악순환,0
악습,0
악어,0
악역,0
악영향,0
악인,0
악지,0
악착,0
악천후,0
악취,0
악평,0
악필,0
악한,0
악화,0
안과,0
안기부,0
안나반나,0
안남,0
안내도,0
안내문,0
안내서,0
안내소,0
안내인,0
안내장,0
안대,0
안도,0
안락사,0
안락의자,0
안마,0
안면,0
안면승마,0
안무,0
안반,0
안색,0
안습,0
안식일,0
안와,0
안장,0
안전가옥,0
안전문,0
안전원,0
안전유리,0
안전제일,0
안정,0
안타,0
안휘,0
알력,0
알선,0
알현,0
암,0
암기,0
암묵,0
암벽,0
암살,0
암살자,0
암송,0
암순응,0
암시,0
암실,0
암유,0
암자,0
암종,0
암중,0
암초,0
암표,0
암표상,0
암향,0
암호,0
암호학,0
암호화폐,0
암흑,0
암흑가,0
압권,0
압도,0
압력,0
압력계,0
압록강,0
압사,0
압수,0
압운,0
압정,0
압제,0
앙등,0
앙숙,0
앙심,0
애가,0
애견,0
애교,0
애국,0
애국가,0
애국심,0
애국자,0
애국적,0
애국주의,0
애급,0
애도,0
애란,0
애매,0
애매모호,0
애묘,0
애무,0
애사심,0
애석,0
애수,0
애신각라,0
애액,0
애완견,0
애완동물,0
애완묘,0
애완조,0
애원,0
애월,0
애인,0
애조,0
애증,0
애청,0
애청자,0
애칭,0
애호,0
애호가,0
애호자,0
애환,0
액,0
액면,0
액면가,0
액사,0
액상,0
액수,0
액운,0
액적,0
액체,0
액화,0
앵무,0
앵초,0
야간,0
야경증,0
야구장,0
야근,0
야단,0
야당,0
야동,0
야래향,0
야만,0
야만인,0
야만적,0
야망,0
야맹증,0
야설,0
야수,0
야수적,0
야식,0
야심,0
야심가,0
야유,0
야유회,0
야자,0
야자유,0
야전군,0
야차,0
야한,0
야행,0
야행성,0
야행차,0
야회,0
약과,0
약관,0
약국,0
약대,0
약도,0
약력,0
약리학,0
약물,0
약방,0
약병,0
약사,0
약산,0
약식,0
약실,0
약어,0
약육강식,0
약자,0
약재,0
약점,0
약제,0
약주,0
약진,0
약초,0
약초학자,0
약칭,0
약탈,0
약탈자,0
약품,0
약학,0
약협,0
약혼,0
약혼녀,0
약혼반지,0
약혼자,0
약효,0
양강,0
양과,0
양광,0
양국,0
양궁,0
양귀비,0
양귀자,0
양금,0
양력,0
양로원,0
양면,0
양민,0
양반,0
양보,0
양복,0
양복장,0
양봉,0
양봉가,0
양봉장,0
양산,0
양상,0
양서류,0
양성,0
양성애,0
양성애자,0
양성자,0
양수,0
양수사,0
양순음,0
양식장,0
양신,0
양옥,0
양우,0
양원제,0
양유,0
양육권,0
양자,0
양자역학,0
양자전기역학,0
양자점,0
양자화,0
양장본,0
양전자,0
양조장,0
양주,0
양질,0
양치류,0
양태,0
양피지,0
양하,0
양해,0
양혜,0
어,0
어간,0
어감,0
어구,0
어군,0
어귀,0
어근,0
어눌,0
어도,0
어란,0
어론,0
어뢰,0
어뢰정,0
어룡,0
어류,0
어말,0
어미,0
어백,0
어법,0
어불성설,0
어사,0
어순,0
어업,0
어원,0
어원학,0
어육,0
어의,0
어장,0
어장관리,0
어조사,0
어족,0
어좌,0
어주,0
어차피,0
어촌,0
어파,0
어패류,0
어폐,0
어포,0
어학,0
어항,0
어형,0
어휘,0
어휘장,0
억,0
억강부약,0
억년,0
억류,0
억류자,0
억압,0
억양,0
억울,0
억천만번,0
억측,0
언간,0
언급,0
언론,0
언론가,0
언론인,0
언론학,0
언론학자,0
언문,0
언어유희,0
언어학,0
언해,0
엄,0
엄격,0
엄금,0
엄동,0
엄선,0
엄숙,0
엄습,0
엄폐,0
엄호,0
업,0
업무,0
업소,0
업자,0
업적,0
업종,0
업체,0
여,0
여간,0
여객,0
여객기,0
여건,0
여격,0
여고생,0
여과,0
여과기,0
여관,0
여교황,0
여권,0
여념,0
여단,0
여당,0
여대생,0
여동생,0
여래,0
여론,0
여류,0
여망,0
여배우,0
여색,0
여성,0
여성운동가,0
여성적,0
여성주의자,0
여송연,0
여수,0
여식,0
여신,0
여야,0
여여,0
여와,0
여인,0
여인숙,0
여자,0
여자친구,0
여장,0
여제,0
여존남비,0
여주인,0
여중생,0
여지,0
여진,0
여집합,0
여체,0
여초,0
여파,0
여포,0
여하,0
여행사,0
여행자,0
여황,0
역기,0
역대기,0
역도,0
역동,0
역량,0
역력,0
역마,0
역법,0
역본,0
역사가,0
역사극,0
역사화,0
역습,0
역원,0
역자,0
역재생,0
역적,0
역정,0
역주행,0
역지사지,0
역할,0
연,0
연가,0
연감,0
연결망,0
연계,0
연고,0
연고지,0
연골,0
연관공,0
연구개,0
연구개음,0
연구사,0
연구생,0
연구실,0
연구원,0
연구원생,0
연구자,0
연극,0
연근,0
연금,0
연금술,0
연금술사,0
연기자,0
연길,0
연단,0
연대기,0
연대학,0
연두,0
연락선,0
연락처,0
연령,0
연령대,0
연립,0
연막,0
연말,0
연맹,0
연무,0
연민,0
연방,0
연방구,0
연배,0
연변,0
연복초,0
연봉,0
연분,0
연상,0
연석,0
연설,0
연설자,0
연세,0
연소,0
연속,0
연속극,0
연쇄,0
연수,0
연습곡,0
연습장,0
연식정구,0
연안,0
연애,0
연애편지,0
연예,0
연예인,0
연옥,0
연와,0
연와탕,0
연운항,0
연월일,0
연유,0
연육,0
연음화,0
연인,0
연장자,0
연장전,0
연적,0
연정,0
연조비가사,0
연좌,0
연좌제,0
연중무휴,0
연지,0
연체동물,0
연초,0
연출,0
연탁,0
연탄,0
연투,0
연패,0
연평도,0
연필심,0
연합,0
연합국,0
연혁,0
연호,0
연회,0
연휴,0
연흔,0
열광자,0
열구자탕,0
열대,0
열대림,0
열도,0
열등,0
열등감,0
열등생,0
열락,0
열람,0
열람실,0
열량,0
열량계,0
열렬,0
열목어,0
열반,0
열방,0
열변,0
열병,0
열병식,0
열사,0
열사병,0
열시,0
열심,0
열씨,0
열애,0
열역학,0
열왕기,0
열의,0
열중,0
열중증,0
열차,0
열패감,0
열풍,0
열핵,0
열화학,0
염,0
염가,0
염기,0
염기쌍,0
염라,0
염라대왕,0
염려,0
염력,0
염료,0
염매,0
염병,0
염복,0
염불,0
염산,0
염색,0
염색체,0
염세,0
염세가,0
염세관,0
염세주의,0
염수,0
염오,0
염장,0
염좌,0
염주,0
염증,0
염치,0
염탐,0
염호,0
염화,0
엽,0
엽궐련,0
엽란,0
엽록소,0
엽록체,0
엽맥,0
엽사,0
엽산,0
엽서,0
엽전,0
영,0
영감,0
영갬,0
영공,0
영관,0
영광,0
영구,0
영구차,0
영국,0
영기,0
영남,0
영달,0
영덕,0
영도,0
영도자,0
영동,0
영락,0
영리,0
영묘,0
영문,0
영미권,0
영본,0
영부인,0
영사,0
영사관,0
영사기,0
영산홍,0
영생,0
영서,0
영성,0
영성체,0
영속,0
영시,0
영안실,0
영애,0
영양물,0
영양소,0
영양실조,0
영양제,0
영어,0
영어권,0
영업,0
영역,0
영연방,0
영영,0
영예,0
영웅,0
영웅적,0
영자팔법,0
영장,0
영장류,0
영재,0
영적,0
영주,0
영지,0
영차원,0
영춘권,0
영토,0
영하,0
영해,0
영향,0
영향력,0
영험,0
영화관,0
예각,0
예감,0
예고,0
예고편,0
예구,0
예금,0
예기,0
예년,0
예능,0
예명,0
예문,0
예물,0
예방접종,0
예배,0
예배당,0
예보,0
예복,0
예비군,0
예비병,0
예사,0
예산,0
예서,0
예선로,0
예속,0
예술가,0
예시,0
예식,0
예심,0
예심판사,0
예약,0
예언,0
예언자,0
예열,0
예외,0
예의,0
예의염치,0
예인선,0
예절,0
예정,0
예제,0
예좌,0
예지,0
예지몽,0
예취기,0
예행,0
예후,0
오각형,0
오감,0
오감만족,0
오경,0
오계,0
오곡,0
오년,0
오뉴월,0
오답,0
오당,0
오대양,0
오대호,0
오동,0
오등,0
오락실,0
오류,0
오륜,0
오리무중,0
오매,0
오문,0
오물,0
오미자,0
오방,0
오보,0
오상,0
오심,0
오십,0
오십년대,0
오역,0
오열,0
오온,0
오욕,0
오음,0
오인,0
오장육부,0
오종락,0
오지리,0
오차,0
오촌,0
오칭,0
오타,0
오판,0
오포세대,0
오행,0
오형,0
오호,0
오환,0
옥,0
옥고,0
옥내,0
옥문,0
옥배유,0
옥사,0
옥새,0
옥색,0
옥석,0
옥수,0
옥잠화,0
옥저,0
옥좌,0
옥주염,0
옥중,0
옥체,0
옥탑,0
옥토,0
옥편,0
옥황상제,0
온대,0
온실,0
온점,0
온주,0
온천,0
온천욕,0
온풍기,0
옹립,0
옹벽,0
옹졸,0
옹진,0
옹호,0
와전,0
완고,0
완곡어법,0
완구,0
완롱,0
완료,0
완벽,0
완봉,0
완비,0
완성,0
완성형,0
완전,0
완전수,0
완충기,0
완쾌,0
완투,0
완행,0
왈,0
왈가왈부,0
왕,0
왕가,0
왕관,0
왕녀,0
왕년,0
왕대비,0
왕릉,0
왕복,0
왕성,0
왕수,0
왕실,0
왕위,0
왕자,0
왕자병,0
왕정,0
왕조,0
왕좌,0
왕청,0
왕태자,0
왕홀,0
왕후,0
왜곡,0
왜구,0
왜국,0
왜성,0
왜어,0
왜인,0
왜행성,0
외계어,0
외계인,0
외과의,0
외교,0
외교관,0
외교부,0
외국,0
외국인,0
외국인혐오증,0
외독소,0
외래,0
외래어,0
외력,0
외면,0
외모,0
외몽고,0
외무,0
외무부,0
외복사근,0
외삼촌,0
외상,0
외설,0
외성,0
외손녀,0
외손자,0
외숙모,0
외숙부,0
외식,0
외심,0
외야,0
외야수,0
외연,0
외의,0
외인,0
외인부대,0
외전,0
외접원,0
외지,0
외지부,0
외출,0
외투,0
외판원,0
외핵,0
외화,0
외환,0
요건,0
요격,0
요관,0
요괴,0
요구,0
요금,0
요녕,0
요도,0
요람,0
요람본,0
요령,0
요리사,0
요리책,0
요망,0
요방형근,0
요법,0
요부,0
요사,0
요산요수,0
요새,0
요소,0
요실금,0
요약,0
요양,0
요원,0
요의,0
요인,0
요일,0
요절,0
요점,0
요지,0
요청,0
요충,0
요폐,0
요해,0
요행,0
욕,0
욕설,0
욕실,0
욕조,0
용,0
용감,0
용과,0
용궁,0
용대,0
용도,0
용량,0
용매,0
용맹,0
용모,0
용병,0
용비어천가,0
용사,0
용산,0
용상,0
용서,0
용수철,0
용안,0
용암,0
용액,0
용어,0
용언,0
용역,0
용연향,0
용왕,0
용의자,0
용이,0
용인,0
용접,0
용접공,0
용지,0
용해공,0
우기,0
우단,0
우대석,0
우도,0
우등,0
우등생,0
우량계,0
우려,0
우뢰,0
우림,0
우마,0
우모,0
우무인,0
우민,0
우박,0
우방,0
우범,0
우빙,0
우사,0
우상,0
우선,0
우세,0
우수,0
우승,0
우시,0
우안,0
우언,0
우울,0
우월,0
우유부단,0
우육,0
우의,0
우익,0
우익수,0
우인,0
우정국,0
우주국,0
우주론,0
우주비행사,0
우주인,0
우주진,0
우체통,0
우파,0
우편국,0
우편번호,0
우편함,0
우현,0
우화,0
우황,0
우회,0
우후죽순,0
운,0
운검,0
운남,0
운동량,0
운동복,0
운동선수,0
운동원,0
운라,0
운량,0
운림,0
운명론,0
운모,0
운무림,0
운반,0
운부,0
운석,0
운세,0
운송,0
운수,0
운애,0
운영,0
운운,0
운임,0
운전,0
운전기사,0
운전사,0
운전석,0
운전수,0
운전자,0
운하,0
운행,0
울두,0
울릉,0
울릉도,0
울산,0
울창,0
웅변,0
웅장,0
원거리,0
원격,0
원고,0
원곡,0
원금,0
원기,0
원동,0
원료,0
원리,0
원리주의,0
원만,0
원망,0
원문,0
원물,0
원반,0
원본,0
원사,0
원산,0
원산지,0
원생동물,0
원생생물,0
원석,0
원소,0
원수,0
원시,0
원시림,0
원어,0
원어민,0
원인,0
원자력,0
원자로,0
원자필,0
원자핵,0
원작,0
원잠,0
원재료,0
원저작물,0
원전,0
원조,0
원조교제,0
원족,0
원죄,0
원주,0
원주필,0
원지,0
원천,0
원체,0
원추,0
원추각막,0
원추곡선,0
원칙,0
원한,0
원핵생물,0
원형,0
원화,0
원활,0
월,0
월간,0
월경,0
월경지,0
월광,0
월귤,0
월남,0
월대,0
월동,0
월력,0
월말,0
월면,0
월별,0
월병,0
월북,0
월색,0
월세,0
월식,0
월영,0
월요,0
월월산산,0
월일,0
월초,0
월출,0
위거,0
위계질서,0
위관,0
위급존망지추,0
위기,0
위대,0
위도,0
위독,0
위락,0
위력,0
위령제,0
위민헌신,0
위반,0
위병,0
위상공간,0
위상수학,0
위생실,0
위선,0
위선자,0
위성류,0
위성정당,0
위신,0
위안,0
위안부,0
위업,0
위원,0
위원회,0
위음성,0
위임,0
위자료,0
위장,0
위조,0
위주,0
위증,0
위축,0
위탁,0
위풍당당,0
위협,0
위화감,0
위훈,0
유가,0
유가족,0
유감,0
유격,0
유격수,0
유골,0
유과,0
유곽,0
유괴,0
유교,0
유권자,0
유기,0
유기견,0
유기음,0
유기체,0
유년,0
유념,0
유능,0
유당,0
유당불내증,0
유도,0
유도기,0
유도탄,0
유독,0
유동,0
유동성,0
유두,0
유람,0
유래,0
유량,0
유량계,0
유령,0
유료,0
유류분,0
유륜,0
유리기,0
유리수,0
유리잔,0
유린,0
유모,0
유모차,0
유목,0
유목민,0
유무,0
유물,0
유민,0
유밀과,0
유발,0
유방,0
유방암,0
유보,0
유부,0
유부남,0
유부녀,0
유비무환,0
유사,0
유산,0
유산균,0
유산탄,0
유색인종,0
유선,0
유성,0
유성우,0
유성음,0
유세,0
유술,0
유신,0
유신론,0
유아,0
유아기,0
유아론,0
유아어,0
유아원,0
유약,0
유언,0
유언비어,0
유역,0
유연,0
유용,0
유원지,0
유월절,0
유유상종,0
유음,0
유의어,0
유인,0
유인도,0
유인원,0
유입,0
유자철선,0
유적지,0
유전,0
유전자,0
유전학,0
유정,0
유조차,0
유죄,0
유주,0
유즐동물,0
유즙,0
유지,0
유진,0
유창,0
유청,0
유체동역학,0
유체역학,0
유축기,0
유출,0
유충,0
유치,0
유치원생,0
유쾌,0
유탄,0
유태,0
유태인,0
유통,0
유포,0
유학,0
유한,0
유해,0
유행,0
유행병,0
유행병학,0
유행성,0
유혈,0
유형,0
유화,0
유황,0
유효,0
유훈,0
유희,0
육,0
육각수,0
육각형,0
육계,0
육교,0
육군,0
육대주,0
육덕,0
육봉,0
육분의,0
육사,0
육상경기,0
육서,0
육수,0
육식,0
육십,0
육십년대,0
육이오,0
육이오전쟁,0
육자대명왕진언,0
육자진언,0
육조,0
육지,0
육체,0
육촌,0
육필,0
육하원칙,0
육혈포,0
육회,0
윤,0
윤간,0
윤곽,0
윤년,0
윤리,0
윤리학,0
윤선,0
윤일,0
윤작,0
윤회,0
율,0
율시,0
융단,0
융모,0
융자,0
융통성,0
융합,0
은,0
은근,0
은금,0
은닉,0
은막,0
은밀,0
은발,0
은색,0
은신,0
은신처,0
은어,0
은연어,0
은유,0
은은,0
은인,0
은인자중,0
은자,0
은정,0
은퇴,0
은하,0
은하계,0
은하단,0
은행,0
은행가,0
은행권,0
은혜,0
은혼식,0
은화,0
은화과,0
을묘,0
을미,0
을사,0
을사오적,0
을유,0
을축,0
을해,0
을해자,0
음가,0
음가자,0
음경,0
음경골,0
음계,0
음낭,0
음독,0
음독자,0
음란,0
음량,0
음력,0
음렬,0
음료,0
음료수,0
음모,0
음모론,0
음모설,0
음목,0
음문,0
음반,0
음부,0
음성모음,0
음소,0
음소문자,0
음수,0
음순,0
음식물,0
음식점,0
음악가,0
음악실,0
음악학,0
음악회,0
음양,0
음양가,0
음어,0
음역,0
음역자,0
음영,0
음욕,0
음용수,0
음운,0
음운론,0
음원,0
음유시인,0
음절,0
음정,0
음주,0
음주운전,0
음지,0
음질,0
음청류,0
음치,0
음탕,0
음파,0
음폭,0
음핵,0
음향양자,0
음향효과,0
음험,0
읍,0
응결,0
응급,0
응급실,0
응답,0
응답기,0
응대,0
응득,0
응모,0
응모자,0
응보,0
응분,0
응소,0
응수,0
응시,0
응연,0
응원법,0
응원봉,0
응접,0
응접실,0
응집력,0
의거,0
의견란,0
의견서,0
의결,0
의과,0
의기소침,0
의논,0
의도,0
의란,0
의례,0
의뢰,0
의류,0
의리,0
의모,0
의무,0
의무교육,0
의문,0
의문사,0
의미론,0
의병,0
의복,0
의부,0
의분,0
의사록,0
의상,0
의생,0
의성어,0
의식주,0
의심,0
의아,0
의연금,0
의열단,0
의외,0
의용,0
의원,0
의의,0
의인,0
의인화,0
의장,0
의전,0
의정부,0
의정서,0
의제,0
의존,0
의존증,0
의중,0
의창지,0
의향,0
의협심,0
의형제,0
의혹,0
의화단,0
의회,0
이견,0
이공계,0
이과,0
이교,0
이교도,0
이국인,0
이기적,0
이기주의,0
이남,0
이내,0
이념,0
이단,0
이단심문,0
이단자,0
이두,0
이두근,0
이득,0
이등병,0
이래,0
이력,0
이력서,0
이론,0
이륙,0
이매,0
이면,0
이명,0
이모부,0
이목구비,0
이문,0
이물감,0
이민,0
이민위천,0
이민자,0
이발,0
이발사,0
이발소,0
이방인,0
이변,0
이병,0
이사회,0
이산화물,0
이삼,0
이상적,0
이서,0
이성,0
이성론,0
이성애,0
이성애자,0
이성주의,0
이세계,0
이송,0
이수,0
이식,0
이신론,0
이심,0
이심전심,0
이십,0
이십년대,0
이아,0
이어,0
이영보래,0
이영양증,0
이외,0
이용,0
이용약관,0
이용자,0
이원,0
이원론,0
이월,0
이윤,0
이율,0
이익,0
이인칭,0
이장,0
이재민,0
이전,0
이점,0
이조,0
이족,0
이주,0
이주자,0
이중,0
이중국적,0
이중모음,0
이중조음,0
이중타동,0
이직,0
이진법,0
이진수,0
이차방정식,0
이차원,0
이차조음,0
이체,0
이체자,0
이층,0
이탄,0
이탈,0
이태리,0
이통,0
이팔,0
이하,0
이행,0
이형,0
이형태,0
이화우,0
이후,0
익년,0
익룡,0
익명,0
익사,0
익월,0
익일,0
인,0
인가,0
인간적,0
인감,0
인건비,0
인격,0
인공,0
인공어,0
인공위성,0
인광,0
인구,0
인구어계,0
인구어족,0
인국,0
인권,0
인니,0
인다라망,0
인대,0
인도,0
인도교,0
인도양,0
인도적,0
인도주의,0
인두염,0
인두음,0
인력,0
인력거,0
인류학,0
인륜,0
인마궁,0
인맥,0
인명,0
인문학,0
인물,0
인물사전,0
인민,0
인민폐,0
인민학교,0
인방,0
인부,0
인산인해,0
인삼,0
인상,0
인상적,0
인생관,0
인성,0
인세,0
인소,0
인쇄,0
인쇄기,0
인쇄소,0
인수,0
인수분해,0
인식론,0
인식표,0
인신공격,0
인심,0
인애,0
인어,0
인영,0
인용,0
인원,0
인자,0
인장,0
인재,0
인적,0
인정,0
인정되다,0
인정서,0
인조,0
인조인간,0
인종,0
인종차별주의,0
인종차별주의자,0
인중,0
인증,0
인지상정,0
인지세,0
인질,0
인질극,0
인천,0
인출,0
인칭,0
인칭대명사,0
인하,0
인형극,0
인화지,0
인후,0
인후염,0
일각수,0
일간신문,0
일거수일투족,0
일거일동,0
일건서류,0
일견,0
일과표,0
일광,0
일광욕,0
일구이언,0
일국,0
일기예보,0
일기장,0
일년,0
일당백,0
일당제,0
일대일,0
일동,0
일등,0
일등병,0
일락,0
일력,0
일류,0
일륜차,0
일률,0
일리,0
일맥상통,0
일면식,0
일명,0
일무,0
일문,0
일민주의,0
일반의,0
일반인,0
일반적,0
일방,0
일백,0
일병,0
일보,0
일본,0
일본국,0
일본서기,0
일본어,0
일본인,0
일본주,0
일본학,0
일본해,0
일사부재리,0
일사천리,0
일산화탄소,0
일생,0
일석이조,0
일시,0
일시적,0
일식,0
일신교,0
일신론,0
일심단결,0
일어,0
일왕,0
일요,0
일용품,0
일원,0
일월,0
일의대수,0
일인,0
일인칭,0
일일,0
일임,0
일절,0
일점홍,0
일정,0
일제시대,0
일종,0
일주야,0
일차원,0
일천,0
일체,0
일축,0
일취월장,0
일층,0
일치,0
일품,0
일행,0
일화,0
일확천금,0
임,0
임관,0
임기,0
임대,0
임명,0
임산부,0
임상,0
임술,0
임시,0
임신부,0
임업,0
임연수어,0
임오,0
임읍,0
임인,0
임진,0
임진강,0
임진왜란,0
임진조국전쟁,0
임질,0
입국,0
입금,0
입단,0
입대,0
입력,0
입방체,0
입법,0
입법자,0
입사,0
입성,0
입수,0
입시,0
입양,0
입원,0
입위,0
입자,0
입장,0
입장권,0
입장료,0
입찰,0
입체,0
입체도형,0
입학,0
입향순속,0
잉부,0
잉여,0
잉여인간,0
잉태,0
자,0
자가용,0
자가용차,0
자각,0
자각몽,0
자강도,0
자객,0
자격증,0
자격지심,0
자결,0
자고배,0
자괴감,0
자구다복,0
자궁,0
자극,0
자금성,0
자급자족,0
자기소개,0
자기소개서,0
자기애,0
자녀,0
자동,0
자동계단,0
자동문,0
자동사,0
자동화,0
자력갱생,0
자료,0
자립,0
자립명사,0
자막,0
자만,0
자매,0
자매품,0
자명금,0
자명종,0
자모,0
자문,0
자밀,0
자백,0
자본,0
자본가,0
자본주의,0
자부심,0
자비,0
자산,0
자살,0
자상,0
자서,0
자손,0
자수,0
자수정,0
자신심,0
자애,0
자업자득,0
자연인,0
자연환경,0
자외,0
자외선,0
자운영,0
자위,0
자위대,0
자유민주주의,0
자유분방,0
자유의지,0
자유의지주의,0
자유자재,0
자유적,0
자유주의,0
자유지상주의,0
자유투,0
자유형,0
자음,0
자작,0
자작자연,0
자전,0
자정,0
자제,0
자조,0
자존감,0
자존심,0
자진,0
자질,0
자찬,0
자책,0
자책점,0
자체,0
자초지종,0
자치제,0
자치주,0
자치체,0
자타공인,0
자판,0
자폐증,0
자포,0
자포동물,0
자해,0
자행거,0
자화자찬,0
작고,0
작곡,0
작곡가,0
작곡자,0
작년,0
작렬,0
작별,0
작사가,0
작성,0
작심삼일,0
작업복,0
작업실,0
작업장,0
작용,0
작용제,0
작월,0
작일,0
작자,0
작장면,0
작전,0
작중인물,0
작풍,0
잔,0
잔구,0
잔당,0
잔루,0
잔류,0
잔액,0
잔여,0
잔원,0
잔인,0
잔재,0
잔학,0
잔해,0
잔혹,0
잠간,0
잠강,0
잠두,0
잠망경,0
잠수,0
잠수복,0
잠수정,0
잠수종,0
잠언,0
잠열,0
잠영,0
잠재력,0
잠적,0
잡곡,0
잡담,0
잡목,0
잡상,0
잡신,0
잡언,0
잡종,0
잡종견,0
잡지,0
잡채,0
잡화,0
장가계,0
장강,0
장고,0
장과,0
장관,0
장광설,0
장교,0
장군석,0
장궁,0
장뇌,0
장단점,0
장담,0
장동,0
장래,0
장려,0
장려금,0
장력,0
장례,0
장례식,0
장로,0
장로교,0
장로교회,0
장롱,0
장막,0
장면,0
장모,0
장문,0
장물,0
장미수,0
장발,0
장백,0
장백산,0
장벽,0
장병,0
장서,0
장석,0
장수,0
장악,0
장안,0
장애,0
장애물,0
장애인,0
장어,0
장요근,0
장원,0
장음,0
장자,0
장조,0
장주,0
장지채,0
장춘,0
장치,0
장침,0
장타,0
장타율,0
장파,0
장편,0
장학금,0
장해,0
재가승,0
재경주,0
재계,0
재고,0
재구,0
재단사,0
재래,0
재량,0
재목,0
재무제표,0
재물,0
재방,0
재방송,0
재배,0
재벌,0
재봉,0
재봉사,0
재부,0
재산,0
재상,0
재소자,0
재수,0
재수사,0
재승덕박,0
재앙,0
재액,0
재야당,0
재외,0
재위,0
재일조선어,0
재일한국어,0
재작년,0
재정,0
재질,0
재택근무,0
재판,0
재판관,0
재판권,0
재판소,0
재판정,0
재해,0
재화,0
쟁반,0
저가,0
저격,0
저격소총,0
저금,0
저금통,0
저급,0
저능아,0
저당,0
저돌,0
저력,0
저소득,0
저속,0
저수지,0
저음,0
저작,0
저작권,0
저장,0
저장소,0
저조,0
저지,0
저지방,0
저체온,0
저체온증,0
저축,0
저택,0
저항,0
저항기,0
저해,0
적,0
적격,0
적경,0
적국,0
적군,0
적극,0
적극적,0
적나라,0
적당,0
적당량,0
적대,0
적대적,0
적도,0
적량,0
적반하장,0
적법,0
적분,0
적색,0
적성,0
적신호,0
적십자,0
적십자사,0
적십자회,0
적연,0
적외,0
적외선,0
적용,0
적위,0
적응도,0
적의,0
적자,0
적재,0
적재적소,0
적정량,0
적지,0
적집합,0
적출,0
적포도주,0
적함,0
적합,0
적혈구,0
적화,0
전각,0
전갈좌,0
전개,0
전격전,0
전경,0
전공,0
전관예우,0
전광,0
전광판,0
전구체,0
전국시대,0
전국적,0
전극,0
전근,0
전기석,0
전기의자,0
전단,0
전답,0
전당포,0
전대,0
전도,0
전도사,0
전도서,0
전동,0
전동음,0
전두엽,0
전라남도,0
전라남북도,0
전라도,0
전라북도,0
전람회,0
전래,0
전략가,0
전력,0
전령,0
전류,0
전리품,0
전립선,0
전매,0
전면,0
전멸,0
전모,0
전무이사,0
전문가,0
전문어,0
전문의,0
전문점,0
전문증거,0
전문화,0
전반적,0
전반전,0
전방,0
전방위,0
전번,0
전범,0
전법,0
전보,0
전부,0
전분,0
전사지,0
전산,0
전상장골극,0
전생,0
전서,0
전설,0
전설적,0
전성,0
전성관형사,0
전성기,0
전세,0
전속력,0
전송,0
전승,0
전시회,0
전신,0
전심,0
전압,0
전야제,0
전언,0
전언판,0
전업,0
전역,0
전염,0
전염병,0
전용,0
전우,0
전위,0
전음기,0
전이,0
전인민적,0
전자공학,0
전자기,0
전자기장,0
전자기파,0
전자사전,0
전자시계,0
전자오락,0
전자책,0
전장,0
전제,0
전지,0
전지전능,0
전직,0
전집,0
전차,0
전차병,0
전채,0
전철,0
전체,0
전체론,0
전체적,0
전체주의,0
전치사,0
전투,0
전투기,0
전파,0
전파시계,0
전하,0
전학,0
전한,0
전함,0
전화기,0
전화번호,0
전화위복,0
전후,0
절감,0
절강,0
절권도,0
절규,0
절대적,0
절도,0
절도사,0
절두체,0
절망,0
절멸,0
절반,0
절실,0
절약,0
절운,0
절점,0
절정,0
절제,0
절차,0
절친,0
점,0
점검,0
점령,0
점령군,0
점막,0
점멸,0
점선,0
점성술,0
점성학,0
점수,0
점수판,0
점액,0
점원,0
점입가경,0
점자,0
점장,0
점점점,0
점주,0
점차,0
점철,0
점토,0
점판암,0
점포,0
점호,0
접,0
접경,0
접골,0
접골목,0
접근음,0
접두사,0
접두어,0
접문,0
접미사,0
접미어,0
접사,0
접선,0
접속사,0
접수인,0
접수처,0
접신,0
접어,0
접전,0
접종,0
접착,0
접촉,0
접촉선,0
정,0
정가,0
정거장,0
정결,0
정계,0
정관사,0
정교,0
정교회,0
정구,0
정권,0
정규,0
정기,0
정년,0
정념,0
정녕,0
정답,0
정당,0
정도,0
정독,0
정돈,0
정량,0
정력,0
정령,0
정례,0
정로환,0
정류,0
정류장,0
정맥,0
정면,0
정묘,0
정물화,0
정미,0
정백이십포체,0
정변,0
정보원,0
정복,0
정비,0
정비공,0
정비원,0
정사,0
정사면체,0
정상,0
정상위,0
정상치,0
정상회담,0
정색,0
정서법,0
정석,0
정수론,0
정숙,0
정승,0
정시,0
정식,0
정신감응,0
정신과,0
정신과의,0
정신병리학,0
정신병자,0
정신분열병,0
정신분열증,0
정신의학,0
정신지체,0
정십육포체,0
정액,0
정역학,0
정예,0
정오,0
정오포체,0
정욕,0
정월,0
정유,0
정육,0
정육면체,0
정육백포체,0
정육점,0
정은,0
정음,0
정읍,0
정읍사,0
정이십사포체,0
정장,0
정재,0
정적분,0
정전기,0
정점,0
정정,0
정제,0
정조,0
정조대,0
정좌,0
정주,0
정주행,0
정지,0
정착,0
정찬,0
정찰,0
정찰병,0
정책,0
정체,0
정체자,0
정축,0
정치,0
정치가,0
정치국,0
정치권,0
정치범,0
정치인,0
정치적,0
정치학,0
정치학자,0
정통,0
정팔포체,0
정해,0
정형,0
정황,0
제갈량,0
제거,0
제공,0
제공권,0
제구력,0
제국,0
제국주의,0
제금,0
제남,0
제단,0
제대,0
제도,0
제독,0
제동기,0
제례악,0
제명,0
제목,0
제물,0
제보,0
제복,0
제분소,0
제산,0
제삼제국,0
제석천,0
제설기,0
제설차,0
제소,0
제수,0
제습기,0
제시,0
제압,0
제약,0
제어봉,0
제염,0
제왕,0
제외,0
제원,0
제유,0
제유법,0
제의,0
제일,0
제일인칭,0
제자백가,0
제작,0
제작자,0
제재,0
제재소,0
제전,0
제정,0
제조,0
제조업,0
제조자,0
제주,0
제주어,0
제주특별자치도,0
제천,0
제철소,0
제출,0
제탄,0
제한,0
제헌절,0
제화,0
제화공,0
제휴,0
젱,0
조각가,0
조각상,0
조감,0
조건,0
조경,0
조계종,0
조공,0
조과,0
조교,0
조국,0
조국해방전쟁,0
조동사,0
조렵견,0
조례,0
조롱,0
조루,0
조류학,0
조림,0
조만간,0
조물주,0
조반,0
조부모,0
조사관,0
조산부,0
조산사,0
조상,0
조선,0
조선동해,0
조선민족,0
조선반도,0
조선소,0
조선시대,0
조성,0
조세,0
조수,0
조수석,0
조심,0
조약,0
조양,0
조어,0
조언,0
조연,0
조예,0
조왕,0
조우,0
조율,0
조의,0
조작,0
조장,0
조절,0
조제,0
조종,0
조종사,0
조종석,0
조주,0
조직학,0
조짐,0
조청,0
조춘,0
조치,0
조타,0
조타수,0
조한,0
조합,0
조합형,0
조항,0
조현병,0
조혈,0
조회,0
조회수,0
족,0
족보,0
족욕,0
족주,0
존경,0
존망,0
존숭,0
존엄,0
존엄사,0
존함,0
존호,0
졸,0
졸도,0
졸망,0
졸부,0
졸업,0
졸업생,0
졸업식,0
졸업장,0
졸작,0
졸혼,0
종결,0
종교,0
종교학,0
종국,0
종렬,0
종로,0
종료,0
종류,0
종마,0
종말론,0
종목,0
종별,0
종북,0
종성,0
종속,0
종식,0
종신형,0
종야등,0
종양,0
종어,0
종언,0
종업원,0
종용,0
종자,0
종적,0
종점,0
종족,0
종주,0
종주국,0
종주권,0
종지부,0
종착,0
종파,0
종합,0
종횡,0
종횡가,0
좌골신경통,0
좌식,0
좌안,0
좌우,0
좌우명,0
좌위,0
좌익,0
좌익수,0
좌절,0
좌지우지,0
좌초,0
좌파,0
좌표,0
좌현,0
죄,0
죄수,0
죄수복,0
죄악,0
죄의식,0
죄인,0
죄책감,0
주가,0
주간,0
주거,0
주격,0
주고도,0
주관,0
주교,0
주교관,0
주구,0
주권,0
주기률표,0
주기율표,0
주년,0
주도,0
주두,0
주둔,0
주둔지,0
주령구,0
주루,0
주류,0
주목,0
주민,0
주발,0
주방장,0
주번,0
주보,0
주부,0
주사기,0
주사율,0
주상,0
주상절리,0
주색,0
주색잡기,0
주석,0
주석자,0
주소,0
주소창,0
주연,0
주의,0
주자,0
주작,0
주장,0
주재,0
주저,0
주적,0
주절,0
주점,0
주정,0
주제,0
주제가,0
주제곡,0
주주,0
주중,0
주지,0
주차장,0
주체,0
주체사상,0
주택,0
주폭도,0
주한,0
주해,0
주형,0
주형공,0
주형유,0
죽도,0
죽림,0
죽마,0
죽마고우,0
죽부인,0
죽염,0
죽절초,0
죽편,0
준결승,0
준공,0
준수,0
준위,0
준장,0
준주,0
준준결승,0
준화,0
중간고사,0
중간권,0
중개인,0
중거,0
중견수,0
중경,0
중계,0
중고,0
중공,0
중공업,0
중국,0
중국대륙,0
중국어,0
중국학,0
중국화,0
중급,0
중년,0
중뇌,0
중대,0
중대백로,0
중도,0
중도주의,0
중동,0
중량,0
중력,0
중력자,0
중령,0
중립,0
중매인,0
중문,0
중미,0
중반,0
중백로,0
중부,0
중사,0
중산,0
중산층,0
중상,0
중생,0
중설음,0
중성,0
중성자,0
중세,0
중세국어,0
중소기업,0
중순,0
중시,0
중식,0
중심,0
중심부,0
중심지,0
중역,0
중요,0
중요성,0
중용,0
중원,0
중위,0
중유,0
중의학,0
중자,0
중장,0
중재,0
중재인,0
중적분,0
중정,0
중좌,0
중죄,0
중증,0
중지,0
중징계,0
중천,0
중추,0
중추절,0
중태,0
중퇴,0
중편,0
중풍,0
중학교,0
중학생,0
중형,0
중화,0
중화대북,0
중흥,0
쥬,0
즉각,0
즉결,0
즉답,0
즉사,0
즉석,0
즉위,0
즉일,0
즉흥,0
즐비,0
즙,0
증가,0
증권,0
증권사,0
증기선,0
증류,0
증류수,0
증명,0
증발,0
증보,0
증상,0
증서,0
증설,0
증세,0
증손,0
증식,0
증언,0
증여,0
증오,0
증오심,0
증인,0
증정,0
증조,0
증조부,0
증조부모,0
증후,0
증후군,0
지경,0
지구대,0
지국,0
지권,0
지극,0
지급,0
지급시,0
지끔,0
지남력,0
지남석,0
지능,0
지대,0
지대물박,0
지도력,0
지도자,0
지도책,0
지도학,0
지동설,0
지력,0
지뢰,0
지류,0
지리,0
지리학,0
지리학자,0
지명,0
지명학,0
지목,0
지문,0
지방,0
지방산,0
지방자치,0
지방족,0
지배,0
지배인,0
지병,0
지복직관,0
지분,0
지불,0
지사,0
지상,0
지성,0
지속적,0
지수,0
지시,0
지시봉,0
지식인,0
지압,0
지압판,0
지양탕,0
지역번호,0
지역어,0
지연,0
지옥,0
지옥철,0
지완,0
지원,0
지원군,0
지원병,0
지원자,0
지위,0
지의류,0
지인,0
지장,0
지적장애,0
지점,0
지점토,0
지정,0
지정학,0
지주,0
지중해,0
지지,0
지지부진,0
지지자,0
지진,0
지진파,0
지진학,0
지질,0
지질학,0
지질학자,0
지척,0
지천사,0
지체,0
지출,0
지칭,0
지탱,0
지폐,0
지표,0
지피지기,0
지하,0
지하가,0
지하도,0
지하상가,0
지하실,0
지하철역,0
지혈,0
지협,0
지형,0
지형학,0
지혜서,0
지휘,0
지휘가,0
지휘관,0
지휘소,0
지휘자,0
직각,0
직감,0
직경,0
직관,0
직구,0
직기,0
직류,0
직무,0
직물,0
직분,0
직사각형,0
직선,0
직선타,0
직설법,0
직승기,0
직원,0
직위,0
직전,0
직접적,0
직접화법,0
직진,0
직책,0
직할,0
직할시,0
직행,0
직활강,0
직후,0
진공,0
진공관,0
진군,0
진균,0
진급,0
진남포,0
진단,0
진담,0
진도견,0
진동,0
진랍,0
진료소,0
진루,0
진보,0
진분수,0
진상,0
진술,0
진압,0
진언,0
진여,0
진열,0
진열장,0
진원지,0
진입,0
진자,0
진자시계,0
진전,0
진정제,0
진종일,0
진찰대,0
진출,0
진취,0
진통제,0
진학,0
진핵생물,0
진행,0
진행자,0
진혼곡,0
진혼제,0
진화,0
질권,0
질녀,0
질량,0
질산,0
질색,0
질소,0
질식,0
질의,0
질주,0
질타,0
질풍,0
질환,0
짐작,0
집결,0
집계,0
집권당,0
집단살해,0
집단학살,0
집단화,0
집락,0
집배,0
집사,0
집성촌,0
집속탄,0
집착,0
집체,0
집필,0
집합,0
집합론,0
집합명사,0
집행,0
집행관,0
집회,0
집회서,0
징계,0
징벌,0
징병,0
징역,0
징조,0
징집,0
차감,0
차관,0
차금,0
차단,0
차륜,0
차반,0
차변,0
차분법,0
차비,0
차색,0
차선책,0
차수,0
차악,0
차애,0
차예단,0
차용,0
차용어,0
차장,0
차주,0
차질,0
차집합,0
차차,0
차창,0
차체,0
차축,0
차후,0
착각,0
착공,0
착륙,0
착색제,0
착석,0
착시,0
착신음,0
착암기,0
착오,0
착잡,0
착저,0
착지,0
착취,0
찬가,0
찬반,0
찬사,0
찬성,0
찬양,0
찬장,0
찬탈,0
찬합,0
참가,0
참가자,0
참고,0
참고서,0
참모,0
참모장,0
참사,0
참수,0
참신,0
참전,0
참조,0
참주,0
참척,0
참패,0
참혹,0
참회,0
찻주전자,0
창강,0
창고,0
창공,0
창구,0
창궐,0
창극,0
창녀,0
창립,0
창립자,0
창백,0
창상,0
창설,0
창설자,0
창세,0
창세기,0
창씨개명,0
창안,0
창업,0
창원,0
창자,0
창작,0
창작물,0
창제,0
창조,0
창조물,0
창조자,0
창조적,0
창포검,0
창해,0
창해상전,0
창힐,0
채굴,0
채도,0
채무,0
채석장,0
채식주의,0
채식주의자,0
채용,0
채종유,0
채집,0
채취,0
책동,0
책략,0
책망,0
책응,0
책임자,0
처,0
처가,0
처격,0
처남,0
처녀,0
처녀궁,0
처녀림,0
처녀막,0
처녀성,0
처녀성좌,0
처리,0
처방,0
처방전,0
처벌,0
처부모,0
처신,0
처자,0
처절,0
처지,0
처참,0
처치,0
처형,0
척결,0
척량,0
척삭,0
척삭동물,0
척수,0
척추,0
척추기립근,0
척추동물,0
척후,0
천,0
천간,0
천갈궁,0
천거,0
천고마비,0
천공기,0
천구,0
천금,0
천기,0
천년,0
천년기,0
천년만년,0
천단,0
천당,0
천도,0
천도교,0
천동설,0
천랑성,0
천렵,0
천로,0
천리마,0
천리안,0
천마,0
천만,0
천명,0
천목,0
천문대,0
천문학,0
천민,0
천벌,0
천변,0
천부,0
천부적,0
천분,0
천사채,0
천산갑,0
천성,0
천세,0
천수국,0
천식,0
천안,0
천안문,0
천연두,0
천인,0
천인공노,0
천자,0
천자문,0
천장,0
천재,0
천저,0
천적,0
천정,0
천조,0
천조국,0
천주,0
천주교,0
천지,0
천지개벽,0
천지신명,0
천지인,0
천진,0
천체물리학,0
천추만대,0
천칭,0
천칭궁,0
천칭좌,0
천편일률,0
천하,0
천하지대본,0
천황,0
철갑,0
철거,0
철관음,0
철광석,0
철권,0
철도,0
철도역,0
철두철미,0
철물점,0
철밥통,0
철봉,0
철사,0
철산,0
철색,0
철수,0
철원,0
철인,0
철자,0
철재,0
철천지원,0
철퇴,0
철판,0
철편,0
철폐,0
철학자,0
철회,0
첨,0
첨가,0
첨가물,0
첨부,0
첨서,0
첩,0
첩첩,0
청,0
청각,0
청결,0
청구,0
청구서,0
청금석,0
청기예보,0
청남방,0
청년,0
청도,0
청동,0
청량제,0
청력,0
청렴,0
청룡,0
청룡열차,0
청문회,0
청사진,0
청산,0
청색,0
청색증,0
청서,0
청소년,0
청소부,0
청순,0
청신,0
청신호,0
청양,0
청연광,0
청연석,0
청와대,0
청원,0
청일점,0
청주,0
청중,0
청진,0
청진기,0
청천,0
청천강,0
청천벽력,0
청첩장,0
청취,0
청취력,0
청탁,0
청포도,0
청해,0
청혼,0
청회색,0
체,0
체감,0
체강,0
체격,0
체결,0
체계,0
체구,0
체내,0
체념,0
체류,0
체면,0
체모,0
체벌,0
체신,0
체신소,0
체액,0
체언,0
체온계,0
체외사정,0
체용,0
체위,0
체육,0
체육관,0
체육복,0
체육촌,0
체읍,0
체재,0
체적,0
체제,0
체중,0
체질,0
체포,0
체하다,0
체형,0
초강대국,0
초고,0
초고속,0
초고층,0
초과,0
초구,0
초급,0
초급학교,0
초능력,0
초단파,0
초대형,0
초등학교,0
초등학생,0
초래,0
초로,0
초록색,0
초면,0
초모,0
초목,0
초반,0
초병,0
초보자,0
초산,0
초상,0
초서,0
초석,0
초석잠,0
초성,0
초순,0
초시계,0
초신성,0
초심,0
초심리학,0
초유,0
초은하단,0
초음속,0
초음파,0
초인,0
초인종,0
초점,0
초지,0
초청,0
초추,0
초특급,0
초판,0
초헌,0
초현실,0
초혜,0
초호,0
초혼,0
촉각,0
촉대,0
촉매,0
촉법소년,0
촉수,0
촉지,0
촌,0
촌극,0
촌락,0
촌민,0
촌인,0
총,0
총검,0
총구,0
총대주교,0
총독,0
총리,0
총림,0
총명,0
총비서,0
총서,0
총서기,0
총선,0
총신,0
총아,0
총영사,0
총영사관,0
총장,0
총체적,0
총칙,0
총칭,0
총탄,0
총통,0
총파업,0
총혜,0
총화,0
총회,0
촬영,0
촬영대본,0
촬영실,0
최강,0
최고,0
최다,0
최단,0
최대,0
최대공약수,0
최대한,0
최대화,0
최루탄,0
최면,0
최면술,0
최상급,0
최선,0
최선책,0
최소,0
최소공배수,0
최소공분모,0
최소한,0
최소화,0
최악,0
최애,0
최우선,0
최우수,0
최장,0
최저,0
최적,0
최적화,0
최전선,0
최종,0
최초,0
최후,0
최후통첩,0
추가,0
추격,0
추계,0
추기경,0
추도,0
추돌,0
추동,0
추락,0
추론,0
추모,0
추방,0
추산,0
추상,0
추석,0
추세,0
추수,0
추적,0
추축국,0
추출물,0
추측,0
추파,0
추풍,0
추호,0
추후,0
축,0
축구장,0
축배,0
축복,0
축사,0
축산업,0
축생,0
축소,0
축약,0
축음기,0
축일,0
축전기,0
축제일,0
축지법,0
축척,0
축포,0
축하,0
춘계,0
춘색,0
춘우,0
춘장,0
춘절,0
춘천,0
춘추,0
춘풍,0
춘하추동,0
춘화,0
출가,0
출구,0
출국,0
출근,0
출금,0
출납,0
출납계,0
출력,0
출루,0
출루율,0
출발,0
출발지,0
출범,0
출산,0
출산율,0
출생,0
출생률,0
출생일,0
출생지,0
출석,0
출시,0
출신,0
출애굽기,0
출연,0
출원자,0
출입,0
출입구,0
출장,0
출장소,0
출전,0
출처,0
출토,0
출판,0
출판물,0
출판사,0
출현,0
출혈,0
충,0
충개,0
충격,0
충격량,0
충격음,0
충고,0
충동,0
충만,0
충만증,0
충분,0
충성,0
충성심,0
충수,0
충실,0
충심,0
충전기,0
충족,0
충청남도,0
충청도,0
충청북도,0
충치,0
췌장,0
취권,0
취급,0
취두부,0
취미,0
취소,0
취약,0
취임,0
취재,0
취조,0
취지,0
취직,0
취체,0
취향,0
취흥,0
츄파,0
측,0
측두엽,0
측량,0
측력계,0
측면,0
측보기,0
측위,0
측은,0
측은지심,0
측정,0
층,0
층계,0
층서학,0
층운,0
층층,0
치경구개음,0
치경음,0
치구,0
치기만만,0
치명률,0
치명적,0
치세,0
치수,0
치안,0
치열,0
치욕,0
치우,0
치음,0
치질,0
치통,0
칙령,0
친,0
친권,0
친근,0
친근감,0
친미,0
친밀,0
친삼촌,0
친선,0
친선도시,0
친애,0
친우,0
친위대,0
친일파,0
친자매,0
친정,0
친족,0
친지,0
친척,0
친필,0
친형제,0
친화수,0
칠각형,0
칠색,0
칠색송어,0
칠성,0
칠십,0
칠십년대,0
칠십대,0
칠십세,0
칠엽수,0
칠요,0
칠요일,0
칠월,0
칠전팔기,0
칠촌,0
칠치,0
침공,0
침낭,0
침략,0
침략자,0
침례,0
침모,0
침목,0
침몰,0
침범,0
침소봉대,0
침술,0
침엽,0
침엽수,0
침울,0
침입,0
침입종,0
침체,0
침해,0
침향,0
칭찬,0
칭호,0
쾌감,0
쾌락,0
쾌변,0
타,0
타격,0
타격수,0
타결,0
타당,0
타동,0
타동사,0
타락,0
타륜,0
타산지석,0
타살,0
타석,0
타수,0
타액,0
타원,0
타율,0
타자,0
타점,0
타협,0
탁구,0
탁류,0
탁상시계,0
탁아소,0
탁월,0
탁주,0
탄광,0
탄도,0
탄두,0
탄로,0
탄부,0
탄산수,0
탄산음료,0
탄생,0
탄성,0
탄소,0
탄수화물,0
탄신,0
탄압,0
탄약,0
탄약고,0
탄약통,0
탄우,0
탄음,0
탄자,0
탄전,0
탄창,0
탄핵,0
탄화,0
탄화수소,0
탄환,0
탄환열차,0
탈격,0
탈구,0
탈당,0
탈락,0
탈모,0
탈북,0
탈북민,0
탈북자,0
탈세,0
탈식민지화,0
탈영,0
탈영병,0
탈영자,0
탈옥,0
탈의실,0
탈조선,0
탈주병,0
탈주자,0
탈출,0
탈출기,0
탈취제,0
탈퇴,0
탈환,0
탐관오리,0
탐닉,0
탐라,0
탐사,0
탐색,0
탐욕,0
탐정,0
탐조,0
탐지,0
탐지견,0
탐지기,0
탐험가,0
탑승구,0
탑승권,0
탑파,0
탕,0
탕수,0
탕자,0
탕종,0
태곳,0
태국,0
태국어,0
태권,0
태극,0
태극권,0
태도,0
태반,0
태백,0
태백성,0
태산,0
태생,0
태아,0
태양권,0
태양년,0
태양력,0
태양상,0
태양절,0
태양초,0
태원,0
태음,0
태음력,0
태자,0
태종,0
태초,0
태평소,0
태평양,0
태평천국,0
태현경,0
태황태후,0
탱화,0
터득,0
토,0
토기,0
토대,0
토론회,0
토루,0
토막,0
토목공학,0
토벌,0
토산,0
토요,0
토요일,0
토욕혼,0
토우,0
토의,0
토이기,0
토이기어,0
토장,0
토지,0
토착,0
토탄,0
토혈,0
토후국,0
통,0
통견,0
통계,0
통계학,0
통과,0
통과암호,0
통근,0
통념,0
통달,0
통미봉남,0
통보,0
통사론,0
통산,0
통상,0
통상적,0
통솔자,0
통시적,0
통신사,0
통신원,0
통어론,0
통역,0
통역사,0
통역자,0
통자,0
통장,0
통증,0
통지,0
통찰력,0
통촉,0
통치,0
통치자,0
통칭,0
통풍,0
통합,0
통행,0
통행인,0
퇴각,0
퇴근,0
퇴비,0
퇴위,0
퇴장표,0
퇴적,0
퇴직,0
퇴진,0
퇴폐,0
퇴학,0
투구수,0
투기,0
투병,0
투사지,0
투수,0
투숙,0
투영기,0
투옥,0
투우사,0
투원반,0
투자자,0
투쟁,0
투전,0
투창,0
투척,0
투패,0
투포환,0
투표,0
투표율,0
투표자,0
투하,0
투항,0
특구,0
특권,0
특급시,0
특기,0
특례,0
특무상사,0
특별시,0
특별인출권,0
특별행정구,0
특보,0
특사,0
특산물,0
특색,0
특수,0
특유,0
특이,0
특질,0
특징,0
특파원,0
특혜,0
파견,0
파과,0
파괴,0
파괴자,0
파급,0
파기,0
파단,0
파동,0
파동함수,0
파렴치,0
파면,0
파문,0
파벌,0
파본,0
파부침주,0
파사,0
파산,0
파상풍,0
파생,0
파생어,0
파업,0
파열음,0
파장,0
파주,0
파직,0
파찰음,0
파초,0
파초과,0
파초일엽,0
파출소,0
파충,0
파충류,0
파탄,0
파편,0
파행,0
판,0
판결,0
판공실,0
판관기,0
판권,0
판단,0
판도,0
판례,0
판막,0
판매,0
판매대,0
판매원,0
판매인,0
판매점,0
판문점,0
판사,0
판자,0
판정,0
판지,0
판촉,0
판형,0
팔각형,0
팔고,0
팔괘,0
팔극권,0
팔도,0
팔면육비,0
팔방,0
팔방미인,0
팔불용,0
팔색조,0
팔순,0
팔순노인,0
팔식,0
팔십,0
팔십년대,0
팔월,0
팔정도,0
팔촌,0
팔팔십,0
패,0
패권,0
패도,0
패류,0
패륜,0
패모,0
패배,0
패배자,0
패습,0
패자,0
패자부활전,0
패전,0
팽,0
팽창,0
팽창주의,0
페,0
페지,0
펜지,0
편,0
편견,0
편경,0
편곡,0
편대,0
편도,0
편도선,0
편도염,0
편람,0
편리,0
편린,0
편모,0
편복,0
편성,0
편성표,0
편수,0
편승,0
편식,0
편암,0
편애,0
편육,0
편의,0
편의점,0
편자,0
편작,0
편재,0
편종,0
편중,0
편집,0
편집기,0
편집병,0
편집인,0
편집자,0
편집장,0
편집증,0
편취,0
편협,0
폄하,0
폄훼,0
평,0
평가,0
평각,0
평결,0
평곡,0
평균,0
평균대,0
평등,0
평론가,0
평면,0
평면도형,0
평민,0
평방,0
평범,0
평성,0
평수,0
평시,0
평안,0
평안남도,0
평안도,0
평안북도,0
평야,0
평양,0
평온,0
평원,0
평의회,0
평이,0
평일,0
평전,0
평정,0
평정심,0
평지,0
평창,0
평택,0
평판,0
평해,0
평행,0
평행선,0
평형,0
평화적,0
평화주의,0
폐,0
폐경,0
폐경기,0
폐공,0
폐급,0
폐기,0
폐기물,0
폐기종,0
폐단,0
폐렴,0
폐막식,0
폐백,0
폐어,0
폐인,0
폐지,0
폐차,0
폐포,0
폐품,0
폐하,0
폐허,0
폐회식,0
포가,0
포경,0
포고,0
포교,0
포구,0
포대,0
포도당,0
포도색,0
포도아,0
포도주,0
포도탄,0
포로,0
포말,0
포물선,0
포박,0
포병,0
포부,0
포상,0
포상금,0
포수,0
포악,0
포연,0
포옹,0
포위,0
포유류,0
포자,0
포장지,0
포전,0
포주,0
포진,0
포천,0
포탄,0
포탑,0
포피,0
포학,0
포함,0
포항,0
포화,0
포화지방,0
포환,0
포희미아,0
폭,0
폭격,0
폭격기,0
폭군,0
폭도,0
폭동,0
폭려,0
폭력,0
폭로,0
폭뢰,0
폭발,0
폭설,0
폭소,0
폭염,0
폭정,0
폭주,0
폭죽,0
폭탄,0
폭투,0
폭파,0
폭풍우,0
폭행,0
표,0
표결,0
표기,0
표면장력,0
표백제,0
표본,0
표시,0
표식,0
표어,0
표어문자,0
표음,0
표의,0
표적,0
표절,0
표준,0
표준궤,0
표준시,0
표준시간,0
표준화,0
표지,0
표토,0
표현,0
표현형,0
품목,0
품사,0
품절,0
품종,0
품행,0
풍,0
풍금,0
풍금조,0
풍년,0
풍등,0
풍란,0
풍력,0
풍력단지,0
풍령,0
풍류,0
풍만,0
풍문,0
풍부,0
풍비박산,0
풍설,0
풍속,0
풍수,0
풍습,0
풍요,0
풍자,0
풍자문,0
풍접초,0
풍족,0
풍협,0
풍화,0
피격,0
피고,0
피고석,0
피고인,0
피곤,0
피구,0
피난,0
피난처,0
피단,0
피동사,0
피랍,0
피력,0
피로,0
피로연,0
피뢰침,0
피막,0
피부과,0
피부과학,0
피부색,0
피부염,0
피안,0
피임,0
피제수,0
피지,0
피질,0
피차,0
피폐,0
피폭,0
피폭자,0
피하,0
피하조직,0
피해,0
피해자,0
피혁,0
필갑,0
필경,0
필기구,0
필기도구,0
필담,0
필명,0
필사적,0
필살기,0
필수적,0
필수품,0
필순,0
필승,0
필업,0
필요,0
필요성,0
필요악,0
필자,0
필적,0
필적학,0
필증,0
필통,0
필화,0
필획,0
핍박,0
하,0
하강,0
하객,0
하구,0
하극상,0
하급,0
하남,0
하녀,0
하류,0
하면,0
하목층,0
하문,0
하물,0
하반신,0
하부,0
하북,0
하사,0
하사관,0
하상,0
하수,0
하숙,0
하숙옥,0
하시,0
하야,0
하여간,0
하원,0
하위,0
하이뎬,0
하인,0
하자,0
하중,0
하지,0
하지대,0
하청,0
하퇴삼두근,0
하필,0
학,0
학과,0
학괴,0
학교생활기록부,0
학구,0
학구적,0
학급,0
학기,0
학년,0
학대,0
학도,0
학력,0
학명,0
학문,0
학번,0
학벌,0
학부,0
학부모,0
학비,0
학사,0
학사모,0
학살,0
학상,0
학생,0
학생복,0
학생소년궁전,0
학생회,0
학설,0
학술,0
학습장,0
학식,0
학용품,0
학원,0
학위,0
학자,0
학점,0
학질,0
학회,0
한가,0
한강,0
한계,0
한과,0
한국전쟁,0
한국학,0
한나산,0
한담,0
한도,0
한류,0
한림원,0
한문,0
한미,0
한민족,0
한반도,0
한사군,0
한서,0
한성,0
한시,0
한식,0
한심,0
한약,0
한양,0
한어,0
한열,0
한월어,0
한인회,0
한일,0
한자,0
한자어,0
한정사,0
한정식,0
한족법,0
한중,0
한파,0
한학,0
할례,0
할부,0
할인가,0
할증,0
함,0
함경,0
함경남도,0
함경도,0
함경북도,0
함구증,0
함대,0
함락,0
함량,0
함묵증,0
함성,0
함수,0
함장,0
함흥,0
함흥차사,0
합,0
합격,0
합계,0
합금,0
합기도,0
합리론,0
합리적,0
합리주의,0
합방,0
합법,0
합법화,0
합병,0
합비,0
합선,0
합성,0
합성기,0
합성어,0
합의,0
합자,0
합작,0
합작투자,0
합중국,0
합집합,0
합창단,0
합체,0
합판,0
항,0
항고,0
항공,0
항공기,0
항공모함,0
항공사,0
항공역,0
항공우주,0
항공편,0
항구,0
항독소,0
항렬,0
항로,0
항만,0
항목,0
항문,0
항생물질,0
항생제,0
항성,0
항성년,0
항소,0
항암,0
항암제,0
항역,0
항원,0
항의,0
항일,0
항쟁,0
항주,0
항체,0
해결책,0
해고,0
해골,0
해구,0
해군,0
해금,0
해남,0
해녀,0
해달,0
해답,0
해동,0
해령,0
해류,0
해마방회,0
해면,0
해발,0
해방,0
해법,0
해병,0
해병대,0
해부,0
해산,0
해삼,0
해상도,0
해서,0
해석,0
해석자,0
해석학,0
해설,0
해설자,0
해성,0
해소,0
해수,0
해수욕,0
해수욕장,0
해양학,0
해열,0
해외,0
해운대,0
해원,0
해월,0
해일,0
해적선,0
해전,0
해제,0
해주,0
해중,0
해지,0
해충,0
해치,0
해탄,0
해탈,0
해태,0
해학,0
해항,0
해협,0
핵가족,0
핵고,0
핵교,0
핵무기,0
핵반응,0
핵분열,0
핵산,0
핵심,0
핵심부,0
핵잠,0
핵폐수,0
핵폭탄,0
행,0
행간,0
행군,0
행동,0
행렬,0
행렬식,0
행리,0
행방,0
행복감,0
행상,0
행수,0
행실,0
행악,0
행운아,0
행원,0
행인,0
행장,0
행정,0
행정법원,0
행정학,0
행진곡,0
행차,0
향,0
향년,0
향도,0
향락,0
향로,0
향료,0
향미,0
향신료,0
향악,0
향유,0
향응,0
향찰,0
향토,0
향항,0
향후,0
허,0
허가,0
허공장,0
허구,0
허락,0
허무맹랑,0
허무주의,0
허세,0
허수,0
허언,0
허영,0
허영심,0
허용,0
허위,0
허점,0
허풍,0
허혼,0
헌금,0
헌법,0
헌법재판소,0
헌병,0
헌장,0
헌혈,0
헐가,0
험담,0
험산준령,0
험악,0
혁명,0
혁명가,0
혁신가,0
현관문,0
현금,0
현대국어,0
현대사,0
현대어,0
현대적,0
현대화,0
현란,0
현몽,0
현무,0
현미녹차,0
현부인,0
현상학,0
현생,0
현손,0
현수,0
현실적,0
현실정치,0
현악기,0
현역,0
현우,0
현자,0
현장,0
현재,0
현재시제,0
현지지도,0
현찰,0
현창,0
현토,0
현학,0
현학금,0
현행,0
현행범,0
현혹,0
현황,0
혈,0
혈관,0
혈구,0
혈기,0
혈맥,0
혈색소,0
혈석,0
혈소판,0
혈암,0
혈압계,0
혈액,0
혈액학,0
혈액형,0
혈연,0
혈장,0
혈청,0
혈청학,0
혈통,0
혈흔,0
혐오,0
혐의,0
협,0
협격,0
협곡,0
협공,0
협력,0
협만,0
협박,0
협부,0
협살,0
협상,0
협서,0
협약,0
협업,0
협의,0
협정,0
협조,0
협주곡,0
협죽도,0
협착,0
협찬,0
협회,0
형개,0
형광색,0
형매,0
형무소,0
형벌,0
형법,0
형부,0
형사,0
형성,0
형수,0
형식,0
형식적,0
형용동사,0
형이상학,0
형제자매,0
형천,0
형태,0
형태소,0
형태학,0
형편,0
형화,0
혜능,0
혜산,0
혜성,0
혜주,0
혜택,0
호,0
호가호위,0
호각,0
호감,0
호감도,0
호격,0
호구,0
호금,0
호남,0
호랑,0
호리,0
호명,0
호박단,0
호박산,0
호반,0
호방,0
호북,0
호불호,0
호사태랄리아,0
호색한,0
호선,0
호소,0
호수비,0
호신술,0
호실,0
호연,0
호열자,0
호우,0
호응,0
호의,0
호장근,0
호적,0
호전,0
호정,0
호주,0
호주인,0
호지명,0
호초,0
호출,0
호출기,0
호칭,0
호평,0
호피,0
호환성,0
호흡계통,0
호흡기,0
혹여,0
혹자,0
혹평,0
혼,0
혼란,0
혼령,0
혼례,0
혼례복,0
혼례식,0
혼미,0
혼백,0
혼분수,0
혼비백산,0
혼사,0
혼새,0
혼수,0
혼약,0
혼외,0
혼용,0
혼인,0
혼절,0
혼혈,0
혼혈아,0
홀륜,0
홍보,0
홍어회,0
홍역,0
홍엽,0
홍예,0
홍옥,0
홍위병,0
홍일점,0
홍진,0
홍채,0
홍학,0
홍해,0
화,0
화가,0
화강암,0
화교,0
화기,0
화단,0
화대,0
화두,0
화란,0
화랑,0
화려,0
화력,0
화로,0
화룡,0
화룡점정,0
화면반주음악실,0
화목,0
화물,0
화밀,0
화법,0
화병,0
화보,0
화부,0
화산학,0
화성돈,0
화성포,0
화술,0
화식,0
화신,0
화실,0
화약,0
화염병,0
화요,0
화요일,0
화음,0
화자,0
화장실,0
화장장,0
화장지,0
화제,0
화제한어,0
화지,0
화질,0
화집합,0
화차,0
화채,0
화타,0
화투,0
화평,0
화폐,0
화폐학,0
화폭,0
화학무기,0
화학자,0
화학전달물질,0
화합물,0
화해,0
확,0
확대,0
확대경,0
확률,0
확립,0
확보,0
확산,0
확성기,0
확실,0
확실성,0
확약,0
확인,0
확장자,0
확정,0
확증편향,0
확진자,0
환각,0
환갑,0
환경오염,0
환관,0
환대,0
환도,0
환락,0
환멸,0
환목궁,0
환불,0
환상곡,0
환상열석,0
환상적,0
환생,0
환승,0
환시,0
환약,0
환영회,0
환율,0
환일,0
환전,0
환절기,0
환지통,0
환태평양,0
환풍기,0
환호,0
환호성,0
활동가,0
활동사진,0
활발,0
활석,0
활성,0
활성탄,0
활약,0
활용,0
활용형,0
활자,0
활주로,0
황,0
황기,0
황달,0
황당,0
황당무계,0
황도,0
황동,0
황량,0
황련,0
황로,0
황마,0
황무지,0
황색,0
황야,0
황열,0
황옥,0
황자,0
황제,0
황조,0
황족,0
황지,0
황천,0
황태자,0
황태후,0
황하,0
황학루,0
황해,0
황해남도,0
황해도,0
황해북도,0
황화구륜초,0
황후,0
회,0
회개,0
회검,0
회견,0
회계,0
회계사,0
회계원,0
회계학,0
회고,0
회고록,0
회관,0
회교,0
회교도,0
회귀,0
회귀년,0
회기,0
회남자,0
회담,0
회답,0
회랑,0
회령,0
회뢰,0
회문,0
회백질,0
회복,0
회비,0
회사,0
회사원,0
회상,0
회상록,0
회색분자,0
회식,0
회신,0
회오,0
회원,0
회유,0
회음,0
회의,0
회의록,0
회임,0
회자,0
회장,0
회전목마,0
회전문,0
회전의자,0
회족,0
회중,0
회중경,0
회중시계,0
회중일기,0
회합,0
회향,0
획,0
획득,0
획수,0
획순,0
횟수,0
횡,0
횡격막,0
횡단,0
횡령,0
횡목,0
횡설수설,0
횡성,0
횡적,0
횡파,0
효,0
효경,0
효과음,0
효과적,0
효능,0
효력,0
효모,0
효소,0
효소학,0
효심,0
효용,0
효자,0
효행,0
후각,0
후각상실,0
후견인,0
후과,0
후궁,0
후기,0
후뇌,0
후두,0
후두개음,0
후두부,0
후두엽,0
후략,0
후렴구,0
후문,0
후반전,0
후방,0
후배,0
후배위,0
후보,0
후보자,0
후사,0
후세,0
후손,0
후식,0
후연,0
후예,0
후원,0
후윤,0
후의,0
후일,0
후임,0
후자,0
후작,0
후조,0
후진국,0
후진통,0
후천성면역결핍증,0
후치경음,0
후퇴,0
후한서,0
훈,0
훈가자,0
훈고학,0
훈독,0
훈독자,0
훈몽자회,0
훈민정음,0
훈연,0
훈장,0
훈주음종,0
훼방,0
훼손,0
훼파,0
휘장,0
휴게,0
휴게소,0
휴게실,0
휴대,0
휴대전화,0
휴양,0
휴양소,0
휴일,0
휴전,0
휴지통,0
휴척,0
휴학,0
흉,0
흉기,0
흉년,0
흉노,0
흉부,0
흉사,0
흉상,0
흉악,0
흑기사,0
흑로,0
흑룡강,0
흑막,0
흑발,0
흑사병,0
흑삼릉,0
흑색증,0
흑업,0
흑역사,0
흑연,0
흑우,0
흑인,0
흑자,0
흑점,0
흑체,0
흑판,0
흑해,0
흑형,0
흑화,0
흠,0
흠결,0
흡기,0
흡반,0
흡사,0
흡수지,0
흡연,0
흡연실,0
흡연자,0
흡인,0
흡인력,0
흡입,0
흡착음,0
흡충,0
흡혈,0
흡혈귀,0
흡혈동물,0
흥남,0
흥륭,0
흥미,0
흥분,0
흥행,0
흥행장,0
희,0
희곡,0
희곡집,0
희극,0
희대,0
희랍,0
희로애락,0
희생,0
희생물,0
희생양,0
희생타,0
희소식,0
희열,0
희천,0
희한,0
힐난,0
힐책,0
가게만,0
가계가,0
가고자를,0
가구처럼,0
가까운으로,0
가까이와,0
가끔과,0
가끔씩은,0
가난처럼,0
가냘퍼가,0
가냘픈만,0
가느다란처럼,0
가는에게,0
가늠에서,0
가두리가,0
가득도,0
가득한의,0
가락을,0
가락지를,0
가람이,0
가랑비와,0
가랑잎과,0
가래떡에서,0
가려움도,0
가로등을,0
가로수에서,0
가루와,0
가루눈처럼,0
가루떡만,0
가루바람처럼,0
가루비에서,0
가르기의,0
가르침과,0
가리개에,0
가리비도,0
가마솥으로,0
가물치까지,0
가뭄부터,0
가방을,0
가벼리까지,0
가벼운까지,0
가벼움은,0
가볍게처럼,0
가사의,0
가속이나,0
가슴으로,0
가슴살은,0
가슴속과,0
가슴팍까지,0
가시나,0
가시고기가,0
가시꽃이,0
가시나무의,0
가시내가,0
가시냇물이나,0
가시눈부터,0
가시덤불이나,0
가시리도,0
가시연으로,0
가시연꽃까지,0
가야금을,0
가오리처럼,0
가옥에,0
가온에서,0
가온길이,0
가온누리에게,0
가운데의,0
가위가,0
가위바위보에서,0
가을으로,0
가을길부터,0
가을날만,0
가을바람도,0
가을밤에게,0
가을비부터,0
가을빛이나,0
가을의빛도,0
가을의향기와,0
가을하늘처럼,0
가일층이,0
가자미를,0
가장만,0
가장자리와,0
가재까지,0
가재미로,0
가정이,0
가족부터,0
가죽과,0
가지부터,0
가지각색이,0
가짓수의,0
가짜로,0
가축에,0
가치만,0
가치관부터,0
가톨릭이나,0
가파르는,0
가파른이나,0
가판대나,0
가훈과,0
각시만,0
각시꽃으로,0
각오처럼,0
간섭에게,0
간섭망만,0
간식만,0
간장이,0
간장국도,0
간지만,0
간지럼은,0
간편에서,0
갈고리처럼,0
갈기갈기와,0
갈대는,0
갈대밭에,0
갈대숲의,0
갈등으로,0
갈래에게,0
갈래길만,0
갈림길처럼,0
갈매기에서,0
갈무리와,0
갈비만,0
갈비살이나,0
갈비찜부터,0
갈색까지,0
갈옷까지,0
갈잎을,0
갈증과,0
갈치국부터,0
갈치조림을,0
갈치찌개까지,0
갈퀴나,0
갈피의,0
감귤으로,0
감기가,0
감기꽃과,0
감꽃에게,0
감동도,0
감물에게,0
감바리처럼,0
감사나,0
감상과,0
감성만,0
감옥에,0
감자의,0
감자국에게,0
감자꽃에게,0
감자탕만,0
감정에,0
감정가득은,0
감정선으로,0
감투는,0
갑옷과,0
갑자기처럼,0
갑추에서,0
갓길에서,0
갓김치로,0
갓난아기처럼,0
강가의,0
강남에게,0
강냉이도,0
강도의,0
강력이나,0
강물과,0
강산은,0
강아지에서,0
강아지풀에,0
강원이,0
강원도까지,0
강이슬을,0
강타부터,0
갖가지가,0
갖춤은,0
같이만,0
개개비는,0
개구리까지,0
개구리밥만,0
개구리알의,0
개나리도,0
개념이,0
개미의,0
개미집의,0
개발도,0
개밥에,0
개방에서,0
개별으로,0
개비에서,0
개선부터,0
개소리를,0
개신만,0
개울처럼,0
개울가가,0
개울물만,0
개잎갈나무에게,0
개척에서,0
개천까지,0
객기로,0
갯마을까지,0
갯바위만,0
갯버들이나,0
갯벌이,0
갯솜으로,0
갯지렁이의,0
거름은,0
거름망에,0
거름지기를,0
거리처럼,0
거문고에게,0
거미처럼,0
거미줄으로,0
거북에서,0
거북이까지,0
거울은,0
거울꽃에서,0
거울빛에게,0
거울속이,0
거의부터,0
거짓만,0
걱정으로,0
건강부터,0
건너만,0
건너편에서,0
건널목도,0
건들바람과,0
건물은,0
걷기나,0
걷잡이까지,0
걸레는,0
걸음에서,0
걸음걸이까지,0
검둥이에게,0
검버섯에서,0
검은에게,0
검은밤을,0
검은색도,0
검은콩이나,0
검정색에,0
겉모습을,0
겉옷이,0
게눈에게,0
게으름이나,0
겨울에게,0
겨울내기부터,0
겨울밤까지,0
겨울잠으로,0
겨울철과,0
겨자를,0
격려와,0
견과에게,0
결과도,0
결실이,0
결심이,0
결정처럼,0
결혼에,0
결혼식부터,0
겸손이,0
겹치기까지,0
경치에서,0
계단까지,0
계란은,0
계절은,0
고개만,0
고구마에,0
고기에서,0
고기리는,0
고기방패로,0
고기잡이에서,0
고라니부터,0
고래도,0
고래고기의,0
고래등과,0
고래밥에게,0
고래불에서,0
고래비까지,0
고래사냥처럼,0
고래상어처럼,0
고래싸움과,0
고무처럼,0
고무줄으로,0
고민의,0
고백만,0
고뿔만,0
고사리나,0
고생에,0
고양이에게,0
고요에서,0
고요한에,0
고요히와,0
고운과,0
고운말이,0
고운빛이나,0
고운색을,0
고운소리도,0
고운점에서,0
고인돌과,0
고장도,0
고집과,0
고추를,0
고추잠자리가,0
고추장처럼,0
고향만,0
곤충을,0
곧바로와,0
골기퍼가,0
골목에게,0
골목길을,0
골무부터,0
골짜기나,0
골풀이,0
골프공에서,0
골프장과,0
골프채로,0
곰곰이만,0
곰돌이에,0
곰배령과,0
곰보배추에서,0
곰솔은,0
곰솥처럼,0
곰취에게,0
곰치에게,0
곰팡이도,0
곱셈도,0
곱슬에,0
곱슬머리와,0
곱창까지,0
곱창구이에,0
곳간까지,0
곳돌의,0
공감과,0
공기밥이,0
공기방만,0
공기방울의,0
공들이나,0
공명의,0
공부의,0
공연장에,0
공원부터,0
공원묘지처럼,0
공유를,0
공작만,0
공작새만,0
공전만,0
공정이,0
공주님을,0
공중화장실의,0
공책처럼,0
공책꽃이나,0
공터까지,0
공포증부터,0
공항이,0
공허함과,0
곶감과,0
과녁과,0
과메기에서,0
과일에,0
관객의,0
관계는,0
관심으로,0
관심사에,0
관자놀이와,0
관절부터,0
관찰에게,0
광대가,0
광대나물에,0
광야까지,0
광주리부터,0
광활한부터,0
교감에서,0
교실이,0
교차로를,0
구경만,0
구덩이에서,0
구두부터,0
구레나룻을,0
구름과에게,0
구름그림자까지,0
구름꽃부터,0
구름꽃길과,0
구름다리는,0
구름떼의,0
구름사이에,0
구름사이로에,0
구름속과,0
구름의부터,0
구름의그림자의,0
구름의길에게,0
구름의빛을,0
구름의빛깔은,0
구름의빛깔의향기의,0
구름의색을,0
구름의소리의,0
구름의소리의향기로,0
구름의하늘에게,0
구름의하늘빛까지,0
구름편지까지,0
구리에,0
구멍으로,0
구불구불의,0
구석처럼,0
구성처럼,0
구슬까지,0
구슬비에서,0
구슬빛만,0
구슬치기처럼,0
구슬픈에,0
구역은,0
구조와,0
국으로,0
국물과,0
국수를,0
국어도,0
국화처럼,0
국화꽃에서,0
군밤을,0
굳이처럼,0
굽이나,0
귀를,0
귀가를,0
귀걸이도,0
귀뚜라미에,0
귀신에서,0
귀여운에게,0
귀여움부터,0
귀찮에서,0
귀찮은은,0
귀찮음을,0
귓속에서,0
귓속말이,0
규모부터,0
귤꽃은,0
귤나무가,0
그네도,0
그네풀이,0
그늘만,0
그늘막부터,0
그늘집과,0
그루터기의,0
그리움에게,0
그림도,0
그림책도,0
그물도,0
그저도,0
그저기가,0
그집의,0
극락조만,0
글도,0
글짓기도,0
금강에서,0
금모래나,0
금붕어에게,0
금빛으로,0
금사삭과,0
금사슴만,0
금속처럼,0
금슬이나,0
금요일과,0
금잔디로,0
급식의,0
기계는,0
기념만,0
기념일만,0
기능으로,0
기다리는에,0
기다림이나,0
기대에게,0
기대감까지,0
기대하는에게,0
기둥이,0
기둥뿌리를,0
기러기에,0
기록도,0
기름도,0
기름기가,0
기름때가,0
기름종이에서,0
기름진과,0
기린에서,0
기분으로,0
기쁜은,0
기쁨에게,0
기쁨나무나,0
기상에게,0
기숙사가,0
기술에게,0
기슭과,0
기억이나,0
기억력으로,0
기억하는은,0
기온에,0
기온차부터,0
기와에서,0
기와집처럼,0
기왓장으로,0
기운도,0
기운내기까지,0
기울기만,0
기원에서,0
기장밭을,0
기적만,0
기적의부터,0
기지에서,0
기지개로,0
기차에게,0
기차길만,0
기차소리가,0
기차역에게,0
기찻길은,0
기초로,0
기호가,0
기회에게,0
기획이,0
긴급처럼,0
긴장에서,0
길은,0
길가로,0
길거리로,0
길게도,0
길냥이와,0
길동무처럼,0
길상이나,0
길이와,0
길잡이만,0
김매기만,0
김밥부터,0
김장으로,0
김치에서,0
깃발에,0
깃털으로,0
깊은에게,0
깊은곳에게,0
깊은내부터,0
깊은물을,0
깊은밤이,0
깊은샘만,0
깊은잠의,0
깊이부터,0
까마귀로,0
까치를,0
까치밥을,0
깍지나,0
깔깔이까지,0
깜짝은,0
깡통만,0
깨비로,0
깨소금은,0
깻잎처럼,0
꺼리에,0
껍질에서,0
꼭두각시처럼,0
꼭두새벽의,0
꼭지에서,0
꽁꽁을,0
꽁치가,0
꽃이,0
꽃가루에게,0
꽃길처럼,0
꽃내음에게,0
꽃다발은,0
꽃다지에서,0
꽃바구니를,0
꽃밭부터,0
꽃병이나,0
꽃샘추위도,0
꽃송이에서,0
꽃씨는,0
꽃잎의,0
꽃피는은,0
꽃향기를,0
꽈리로,0
꽈배기나,0
꾀꼬리에게,0
꿀물에게,0
꿀벌까지,0
꿈부터,0
꿈속을,0
꿈틀에게,0
끄트머리나,0
끝내와,0
끝말만,0
끝자락과,0
끼니만,0
나눔이,0
나들이나,0
나라까지,0
나래에서,0
나래미에게,0
나루부터,0
나르샤의,0
나른도,0
나무처럼,0
나무그늘은,0
나무껍질에게,0
나무꾼에게,0
나무늘보와,0
나무막대부터,0
나무속은,0
나무숲까지,0
나무젓가락까지,0
나무줄기는,0
나물에게,0
나뭇가지를의,0
나뭇잎을,0
나비는,0
나비꽃처럼,0
나비꿈에게,0
나비넥타이나,0
나비눈까지,0
나비야에게,0
나비잠의,0
나비집까지,0
나비효과만,0
나쁜부터,0
나어리처럼,0
나위까지,0
나이와,0
나이테로,0
나잠은,0
나중까지,0
나팔처럼,0
나팔꽃이,0
나흘의,0
낙서부터,0
낙수를,0
낙엽부터,0
낙엽송에,0
낚시와,0
낚시줄과,0
낚시터부터,0
난간에게,0
난초에,0
날개나,0
날개짓으로,0
날갯짓부터,0
날밥까지,0
날씨부터,0
날카로운과,0
날카로움과,0
남녀를,0
남새만,0
남새밭과,0
남자의,0
남자아이나,0
남쪽으로,0
남쪽바람부터,0
납작이,0
납작보리까지,0
낭떠러지로,0
낮달이나,0
낮술만,0
낮잠에서,0
낯선의,0
내기만,0
내기름부터,0
내리막에서,0
내면이나,0
내음을,0
내일이,0
내일꽃에게,0
내장으로,0
냇가도,0
냇물으로,0
냉면을,0
냉이가,0
냉장고도,0
너구리의,0
너그러움이나,0
너른처럼,0
너른들판까지,0
너른벌이나,0
너머의,0
너무도,0
너비에서,0
너울이,0
넉넉의,0
넉넉함에게,0
넉넉히도,0
넋두리와,0
널리로,0
넓은곳을,0
넓이처럼,0
넙죽의,0
넝쿨을,0
네모에서,0
네모난에게,0
네잎클로버까지,0
노란꽃에서,0
노란비만,0
노란색처럼,0
노란하늘처럼,0
노래처럼,0
노래꽃만,0
노래방과,0
노력이나,0
노루귀의,0
노을빛만,0
노인에게,0
녹두나,0
녹음도,0
논밭이나,0
논의만,0
놀이부터,0
놀이방이,0
놀이터처럼,0
농사에게,0
농장으로,0
누나에서,0
누리로,0
누리집만,0
눈의,0
눈길이나,0
눈꽃의,0
눈동자처럼,0
눈물으로,0
눈물방울에서,0
눈부신과,0
눈비의,0
눈빛만,0
눈사람의,0
눈송이만,0
눈썹처럼,0
눈치에게,0
느낌은,0
느림보도,0
느티나무도,0
늘보로,0
늘봄의,0
능금에서,0
능력부터,0
늦가을을,0
늦봄으로,0
늦여름으로,0
늪지와,0
늪지대의,0
니모까지,0
다닥도,0
다락도,0
다람쥐만,0
다래끼나,0
다리에,0
다리건너에,0
다리미에,0
다리미판만,0
다리밭과,0
다방에서,0
다섯에,0
다솜까지,0
다슬기에게,0
다시까지,0
다양처럼,0
다양성은,0
다양성이만,0
다옴이,0
다육식물으로,0
다음에서,0
다정만,0
다정다감만,0
다정이도,0
다정하게나,0
다정한이,0
다정함부터,0
다짐까지,0
다툼과,0
다행만,0
닥터로,0
단가와,0
단계까지,0
단꿈과,0
단단한은,0
단독을,0
단맛을,0
단비와,0
단순에,0
단순한도,0
단순히부터,0
단어까지,0
단어장이,0
단위에,0
단점의,0
단지에게,0
단추만,0
단풍도,0
단풍잎과,0
단호박처럼,0
달처럼,0
달가슴의,0
달걀에,0
달고나의,0
달그림자와,0
달달은,0
달래만,0
달력처럼,0
달리기를,0
달빛에게,0
달빛길까지,0
달빛놀이부터,0
달빛무리까지,0
달빛여행에게,0
달빛이가,0
달콤까지,0
달콤한의,0
달팽이와,0
닭갈비는,0
닭고기까지,0
담배처럼,0
담배갑에서,0
담배꽁초에,0
담배꽃을,0
담배연기에서,0
담벼락과,0
담요에게,0
담장부터,0
담쟁이가,0
답답에,0
답사는,0
닷새까지,0
당근에,0
당나귀만,0
당리에서,0
당분에서,0
대가도,0
대갈이나,0
대결까지,0
대구에게,0
대궐에,0
대기도,0
대나무부터,0
대나무숲처럼,0
대답에게,0
대들보에서,0
대문의,0
대물림부터,0
대박에게,0
대비에서,0
대사슴에,0
대서양에게,0
대소리는,0
대수처럼,0
대숲부터,0
대신에,0
대야에,0
대양으로,0
대여까지,0
대우와,0
대장부터,0
대장부만,0
대전으로,0
대중교통까지,0
대지까지,0
대청소에서,0
대추에,0
대추나무만,0
대충과,0
대치로,0
대파에,0
대판이,0
대풍처럼,0
대학으로,0
대학로와,0
대화로,0
더덕이나,0
더불어나,0
더위에게,0
더위먹은에서,0
더위바람이,0
더하기는,0
덕분은,0
덕수궁과,0
덤불의,0
덧신처럼,0
덩굴은,0
덩굴손처럼,0
덩어리와,0
덩치가,0
데굴데굴의,0
도구의,0
도깨비나,0
도끼에서,0
도둑에,0
도라지의,0
도란도란을,0
도랑과,0
도랑물부터,0
도롱뇽의,0
도리의,0
도리깨에게,0
도마까지,0
도마뱀도,0
도망처럼,0
도서관을,0
도시부터,0
도시락에게,0
도움까지,0
도움말도,0
도장의,0
도토리를,0
독립이나,0
독서로,0
독수리까지,0
독일의,0
돈가락부터,0
돈가방에게,0
돈가스부터,0
돈가시의,0
돈까스에서,0
돈나무처럼,0
돈벌이처럼,0
돋움에서,0
돌까지,0
돌고래도,0
돌기에게,0
돌담과,0
돌멩이에,0
돌무덤과,0
돌배기로,0
돌사람의,0
돌지기에,0
돌탑을,0
돌풍의,0
돌하르방이나,0
돗자리만,0
동굴만,0
동그라미까지,0
동동주처럼,0
동무는,0
동물부터,0
동물원에,0
동백에게,0
동백꽃은,0
동산도,0
동생에서,0
동시를,0
동아리에게,0
동작의,0
동전도,0
동화도,0
돼지만,0
돼지고기를,0
된장이,0
두꺼비만,0
두뇌의,0
두더지는,0
두런두런부터,0
두레에,0
두레박은,0
두루마기로,0
두루미의,0
두릅이나,0
두리와,0
두리번에,0
두리틀이나,0
두메산골이나,0
두부까지,0
두엄에게,0
두통의,0
둔덕으로,0
둘레까지,0
둘이서부터,0
둥근의,0
둥근달으로,0
둥글레부터,0
둥지가,0
뒤꼍에,0
뒤꿈치를,0
뒤안길처럼,0
뒤쪽에서,0
뒤척임을,0
뒤편이나,0
뒷간과,0
뒷골목만,0
뒷마당이,0
뒷면까지,0
뒷문만,0
뒷바라지를,0
뒷산까지,0
드라이기를,0
드레지와,0
드름과,0
드림부터,0
득음을,0
득점도,0
듣기는,0
들과,0
들국화는,0
들기름에,0
들길만,0
들꽃이,0
들녘도,0
들소리와,0
들판에,0
들풀처럼,0
듬뿍으로,0
등불까지,0
등산이나,0
디딤돌은,0
디딤새도,0
딜레마도,0
따뜻처럼,0
따뜻함처럼,0
따라가,0
따스한까지,0
따스함부터,0
따오기는,0
딱따구리로,0
딸기가,0
딸기꽃도,0
딸기농장을,0
딸기밭에게,0
딸기잼으로,0
땀방울도,0
땅만,0
땅콩에게,0
땡볕의,0
떡갈나무의,0
떡국처럼,0
떡볶이와,0
뚜껑이,0
뜨개도,0
뜨개질처럼,0
뜨거운부터,0
뜸부기만,0
뜻밖과,0
띠동갑이,0
띠앗처럼,0
라떼까지,0
라면으로,0
라면상자부터,0
라벤더만,0
라일락도,0
라텍스까지,0
락과가,0
락교까지,0
락도도,0
락조까지,0
락카를,0
랑이나,0
래미안에서,0
래프팅의,0
랜선만,0
랩무늬나,0
럭비공이,0
레몬밤에서,0
레스토랑만,0
레시피나,0
레인을,0
레인코트부터,0
레저의,0
로망스부터,0
로타리에,0
로프가,0
마늘의,0
마늘밭이나,0
마당만,0
마당놀이에게,0
마당물부터,0
마당발에,0
마당쇠처럼,0
마루는,0
마루금의,0
마루끝은,0
마르지처럼,0
마른풀에서,0
마법만,0
마법술으로,0
마을도,0
마을길까지,0
마을배에게,0
마을버스에서,0
마을회관까지,0
마음가짐에,0
마음껏의,0
마음속부터,0
마음씨처럼,0
마음이도,0
마음자리로,0
마음편이나,0
마이삭부터,0
마차와,0
마침부터,0
마카롱에게,0
막걸리가,0
막고기로,0
막국수에게,0
막내에,0
막대기와,0
막바지까지,0
막힌곳에,0
만날도,0
만남도,0
만두만,0
만산홍의,0
만화나,0
많은말을,0
많이에,0
말부터,0
말굽이나,0
말꼬리는,0
말뚝에,0
말랑과,0
말랑말랑이나,0
말리까지,0
말미잘으로,0
말발굽이나,0
말벌으로,0
말소리에게,0
말솜씨도,0
말썽처럼,0
말씀에게,0
말차로,0
맑은물에서,0
맑음을,0
맛있는에서,0
맛집과,0
망개떡이,0
망망대해와,0
망초처럼,0
망태의,0
매력에,0
매미에서,0
매미소리까지,0
매실과,0
매운맛처럼,0
매일에,0
매장만,0
매화처럼,0
매화꽃에,0
매화나무에,0
맥문동까지,0
맥반석을,0
맥주가,0
맨발으로,0
맵시와,0
맹꽁이의,0
머리처럼,0
머리칼과,0
먹으로,0
먹구름만,0
먹이도,0
멋부리기나,0
멋진에,0
멋짐에서,0
멍게에서,0
멍멍이나,0
멍석의,0
멍청이처럼,0
메밀에서,0
메밀꽃이나,0
멧돼지나,0
면도처럼,0
면봉에,0
멸치로,0
명상으로,0
명절으로,0
명주실과,0
명확함이,0
모기처럼,0
모깃불과,0
모닥불이나,0
모둠처럼,0
모든에서,0
모란까지,0
모란꽃처럼,0
모래는,0
모래밭과,0
모래사장과,0
모래성처럼,0
모래알에,0
모래톱으로,0
모루처럼,0
모습도,0
모시까지,0
모시조개에서,0
모시풀도,0
모양으로,0
모임이,0
모험부터,0
목걸이와,0
목도리로,0
목련과,0
목소리나,0
목숨은,0
목요일으로,0
목욕을,0
목욕탕처럼,0
목이에서,0
목탁은,0
몸무게를,0
몸짓에서,0
몽당연필으로,0
몽실몽실처럼,0
묘목은,0
무궁화만,0
무늬부터,0
무당벌레까지,0
무덤에,0
무릎이,0
무리부터,0
무엇을,0
무지개도,0
무지개빛으로,0
무지개색에,0
무화과에,0
문에,0
문구나,0
문서는,0
문턱으로,0
물부터,0
물가에,0
물감이,0
물건부터,0
물결이,0
물결소리의,0
물결의소리에,0
물구나무도,0
물길만,0
물놀이만,0
물레방아를,0
물방개는,0
물방울은,0
물방울소리까지,0
물방울의소리도,0
물병으로,0
물빛이,0
물빛의노래와,0
물소가,0
물소리에서,0
물소리의소리까지,0
물소리의하늘의,0
물소리의향기도,0
물음도,0
물잔까지,0
물줄기도,0
물질과,0
물체까지,0
물컵에서,0
물푸레의,0
물푸레나무에,0
물풀에게,0
미각에,0
미꾸라지로,0
미끄럼틀부터,0
미나리도,0
미루나무로,0
미르도,0
미세먼지도,0
미소가득도,0
미술처럼,0
미역이,0
미역국까지,0
미역귀와,0
미온도만,0
미용과,0
미친으로,0
민들레만,0
믿음이,0
밀짚모자는,0
밑줄과,0
바구니는,0
바늘에서,0
바다거북이,0
바다바람은,0
바다사자를,0
바다새의,0
바다소리에,0
바다의처럼,0
바다표범도,0
바다향기에,0
바닥으로,0
바닷가를,0
바람과,0
바람개비로,0
바람결처럼,0
바람결에로,0
바람길처럼,0
바람꽃부터,0
바람둥이에,0
바람소리가,0
바람속만,0
바람에와,0
바람에실려에게,0
바람의노래로,0
바람의소리까지,0
바람의하늘까지,0
바람의향기만,0
바람이도,0
바람직만,0
바람처럼까지,0
바름에게,0
바위와,0
바위산의,0
바위틈이,0
바자회에서,0
바지와,0
바퀴만,0
바퀴벌레는,0
바탕에게,0
바탕화면으로,0
박물관부터,0
박수는,0
박하가,0
반달을,0
반딧불은,0
반딧불이까지,0
반지로,0
반짝도,0
반짝이처럼,0
반짝임부터,0
반찬도,0
발에게,0
발가락으로,0
발걸음에,0
발길에,0
발도리처럼,0
발리로,0
발바닥처럼,0
발자국의,0
발전으로,0
발톱에서,0
발표에서,0
밝은빛에,0
밝음에,0
밤이,0
밤하늘도,0
밤하늘의를,0
밥에게,0
밥상의,0
밥집처럼,0
밥통이나,0
밥풀도,0
방으로,0
방문을,0
방아다리가,0
방앗간과,0
방울만,0
방울꽃부터,0
방울토마토부터,0
방파제도,0
방향도,0
방향제를,0
밭고랑까지,0
밭고리만,0
밭농사부터,0
밭두렁으로,0
밭머리도,0
밭이를,0
밭일까지,0
배경까지,0
배고픔은,0
배기에,0
배꼽에서,0
배꽃만,0
배달에,0
배려에게,0
배롱나무로,0
배움도,0
배추의,0
백사장만,0
백조부터,0
백합에,0
백합꽃이,0
백화점에,0
버드나무나,0
버들의,0
버들가지나,0
버들잎이나,0
버들치만,0
버섯이,0
벌꿀부터,0
벌레는,0
벌레눈이나,0
벌레먹이의,0
벌레밥처럼,0
벌레소리에,0
벌레잡이로,0
벌판만,0
법칙의,0
벗꽃부터,0
벗나무까지,0
벗어에서,0
벚꽃을,0
벚꽃잎에,0
벚나무가,0
베개나,0
벼락으로,0
벼랑이나,0
벼룩이,0
벼룩시장까지,0
벼리의,0
벼슬부터,0
변덕에서,0
변두리부터,0
별만,0
별똥별부터,0
별무리에서,0
별빛에,0
별빛길의,0
별빛속을,0
별빛의길과,0
별빛의노래에서,0
별빛의빛깔이나,0
별빛의소리도,0
별빛의소리의향기까지,0
별빛의향기에,0
별빛하늘만,0
별의에,0
별의노래까지,0
별의빛을,0
별의향기와,0
별자로,0
별자리에서,0
별장은,0
별하늘에게,0
병아리로,0
보라에게,0
보라색처럼,0
보람에,0
보름이,0
보름달을,0
보리만,0
보리밥도,0
보리밭까지,0
보리차와,0
보물처럼,0
보석은,0
보슬비로,0
보통에서,0
복숭아를,0
본래에서,0
볼록이의,0
봄이,0
봄꽃과,0
봄날부터,0
봄바람에게,0
봄비가,0
부담에,0
부대가,0
부드러운만,0
부드러움부터,0
부드러워는,0
부드럼에,0
부드럽에게,0
부드럽게처럼,0
부뚜막으로,0
부리에서,0
부릿살처럼,0
부모로,0
부모님의,0
부산부터,0
부산물에,0
부스럼에,0
부싯돌과,0
부엉이에,0
부엌에서,0
부엌가는,0
부엌가구의,0
부엌일과,0
부엌칼에게,0
부자연도,0
부족에서,0
부족함처럼,0
부지갯살에게,0
부지깽이는,0
부지런부터,0
부지런이가,0
부채로,0
부채꽃까지,0
부처꽃까지,0
부쳐부터,0
부추의,0
부침개나,0
부탁에게,0
부표까지,0
부풀어에서,0
부풀음으로,0
부품부터,0
부하를,0
북극으로,0
북새통처럼,0
분수로,0
분위기부터,0
불꽃도,0
불꽃놀이만,0
불빛에,0
붉은부터,0
붉은색은,0
붉은해에,0
붓에서,0
붕어에,0
비나,0
비가시나,0
비결에서,0
비금까지,0
비내리에서,0
비녀의,0
비누에,0
비누꽃에게,0
비누방울이나,0
비늘부터,0
비닐봉지와,0
비단처럼,0
비단결과,0
비단벌레도,0
비둘기의,0
비름과,0
비리비리부터,0
비밀까지,0
비바람의,0
비비추를,0
비빔밥이나,0
비상처럼,0
비상구에,0
비서처럼,0
비오는날에게,0
비옷까지,0
비우의,0
비율의,0
비추기만,0
비치는까지,0
비탈길부터,0
비행만,0
비행기는,0
빈대떡에,0
빈자리를,0
빗방울은,0
빛깔에서,0
빛깔의빛도,0
빛깔의소리나,0
빛깔이부터,0
빛나가,0
빛나는부터,0
빠루부터,0
빨래에,0
뿌리가,0
사계에서,0
사계절에게,0
사고에,0
사과를,0
사과나무처럼,0
사귐은,0
사금파리의,0
사기그릇부터,0
사냥만,0
사냥꾼은,0
사다리가,0
사라에,0
사라비까지,0
사라사로,0
사라질이나,0
사라짐도,0
사람처럼,0
사람살이만,0
사랑가득부터,0
사랑꽃이나,0
사랑나무부터,0
사랑둥이만,0
사랑방부터,0
사랑새에서,0
사랑스러운의,0
사랑스러움이나,0
사랑의만,0
사려처럼,0
사막에게,0
사막여우까지,0
사물에,0
사상부터,0
사슴에서,0
사슴벌레를,0
사시나무도,0
사연이,0
사와와,0
사월만,0
사위만,0
사유에게,0
사이비와,0
사이좋게처럼,0
사이좋은이,0
사자의,0
사전이,0
사찰까지,0
사철나무만,0
사촌처럼,0
사춘기부터,0
사치가,0
사탕에,0
사탕수수는,0
사흘처럼,0
산들에게,0
산들바람을,0
산딸기를,0
산모나,0
산벚꽃까지,0
산비탈을,0
산사로,0
산사태나,0
산새나,0
산성의,0
산세는,0
산소와,0
산수에서,0
산양의,0
산울림도,0
산책만,0
산책로까지,0
산호는,0
산호색은,0
산호수는,0
산호초가,0
살구도,0
살랑살랑부터,0
살림의,0
살림집도,0
삶의질만,0
삼각형과,0
삼나무에,0
삼촌에게,0
상관도,0
상대는,0
상반기와,0
상반신에,0
상사만,0
상사나무로,0
상사리에,0
상사화로,0
상상만,0
상상속에게,0
상수리까지,0
상아리에,0
상어에게,0
상업으로,0
상인만,0
상자에서,0
상장은,0
상점이,0
상처에,0
상추나,0
상추밭도,0
상큼으로,0
상큼한만,0
새가슴처럼,0
새끼로,0
새끼줄에,0
새벽부터,0
새벽녘으로,0
새벽별과,0
새벽빛의,0
새소리부터,0
새순에,0
새싹이,0
새싹들과,0
새우의,0
새장도,0
색깔이나,0
색시도,0
색연필으로,0
샘물처럼,0
샛길으로,0
샛별을,0
생각부터,0
생강만,0
생강나무의,0
생기로,0
생나무를,0
생명도,0
생명력부터,0
생명수만,0
생선까지,0
생일처럼,0
생활을,0
샤프에게,0
서랍도,0
서랍장처럼,0
서로에,0
서리부터,0
서리꽃에게,0
서리태에게,0
서리풀으로,0
서울까지,0
서점까지,0
서쪽과,0
석류도,0
석양까지,0
섞음이나,0
선물과,0
선바람만,0
선비와,0
선생도,0
선인장으로,0
선택만,0
선풍기까지,0
선한일처럼,0
설거지까지,0
설계만,0
설날만,0
설렁탕부터,0
설레임은,0
설렘만,0
설명이,0
설악산에게,0
설움만,0
설탕만,0
설화를,0
섬광으로,0
섬돌까지,0
성격에,0
성냥을,0
성장도,0
성찰이나,0
세기처럼,0
세대는,0
세로가,0
세모에게,0
세상으로,0
세상물정이나,0
세상사처럼,0
세상살이의,0
세수는,0
세월과,0
세잎클로버는,0
세탁까지,0
세탁기에서,0
소금에게,0
소금쟁이나,0
소나기에서,0
소나무에서,0
소담에게,0
소라로,0
소리부터,0
소리개는,0
소리꽃으로,0
소리꾼에게,0
소리의부터,0
소리의빛에,0
소리의빛깔까지,0
소리의향기로,0
소리질러처럼,0
소막부터,0
소망이나,0
소문까지,0
소백산이,0
소소함에,0
소식이,0
소원은,0
소음까지,0
소중과,0
소중한부터,0
소중함만,0
소중히처럼,0
소쿠리만,0
소풍부터,0
소풍날까지,0
속삭임에서,0
손이나,0
손가락이,0
손길까지,0
손님의,0
손목을,0
손목시계로,0
손수건에서,0
손자가,0
손톱에,0
솔가시나무나,0
솔개만,0
솔나무처럼,0
솔바람만,0
솔방울으로,0
솔숲도,0
솔잎의,0
솔잎차부터,0
솔향기만,0
솜사탕이나,0
솜털이,0
솜털구름만,0
송아지와,0
송이에,0
송이꽃을,0
송편도,0
솥에게,0
쇠고기에서,0
수건이나,0
수국에게,0
수달도,0
수도와,0
수돗물만,0
수레가,0
수레바퀴만,0
수련부터,0
수리에,0
수리부엉이에게,0
수많은처럼,0
수면으로,0
수명만,0
수박의,0
수북이,0
수선은,0
수선화를,0
수세미를,0
수수께끼로,0
수술에,0
수양버들이,0
수업이,0
수영과,0
수요일에게,0
수정에서,0
수족관은,0
수채화의,0
수첩에,0
수풀이나,0
수풀이만,0
수확처럼,0
숙소처럼,0
순간에서,0
순비기나무의,0
숟가락도,0
술잔처럼,0
숨결처럼,0
숫놈은,0
숲에게,0
숲길의,0
숲속만,0
숲속길이,0
쉼터부터,0
스르르에,0
스무도,0
스무살의,0
스물으로,0
스물다섯을,0
스스로처럼,0
스승이나,0
스케치북과,0
스킵에,0
스팀에,0
슬기와,0
슬래브부터,0
슬프게나,0
슬픈이,0
슬픈눈만,0
슬픔이나,0
시간에서,0
시계에게,0
시계꽃만,0
시계바늘이나,0
시계탑을,0
시골의,0
시골길으로,0
시내와,0
시내물이,0
시냇가부터,0
시냇물부터,0
시래기에,0
시선이,0
시원만,0
시원함과,0
시작만,0
시장만,0
시점도,0
시험을,0
식사까지,0
식초나,0
식탁과,0
신기는,0
신기루까지,0
신기한도,0
신록이,0
신뢰부터,0
신발까지,0
신발끈에서,0
신밧드와,0
신비도,0
신비로움과,0
신선부터,0
신선로부터,0
신선한과,0
신호나,0
신호등까지,0
신혼은,0
신화까지,0
실과에게,0
실내도,0
실내화를,0
실바늘으로,0
실바람부터,0
실밥은,0
실비단은,0
실수에서,0
실안개로,0
실제까지,0
실천은,0
실컷이,0
실험만,0
싫증부터,0
심연을,0
심장은,0
싸리를,0
싸움이나,0
싹수까지,0
쌀까지,0
쌀밥과,0
씨도,0
씨앗이나,0
아가리를,0
아가미는,0
아가씨로,0
아구를,0
아기는,0
아기곰처럼,0
아기돼지의,0
아기별에서,0
아기새가,0
아기자기처럼,0
아니라가,0
아들에,0
아라비카에,0
아래까지,0
아래쪽이나,0
아래층에서,0
아래턱도,0
아랫마을이,0
아름에,0
아름다운에서,0
아름답게도,0
아름드리를,0
아리처럼,0
아리랑까지,0
아버지에게,0
아빠부터,0
아쉬움만,0
아이에서,0
아이들으로,0
아자에,0
아주머니만,0
아주버님을,0
아지랑이를,0
아지트에,0
아침부터,0
아침노을의,0
아침놀의,0
아침밥만,0
아침식사가,0
아침이슬에,0
아침해처럼,0
아침햇살에게,0
아파트에,0
아픔이,0
악기에게,0
안개가,0
안개꽃이나,0
안개비도,0
안개풀은,0
안경이,0
안구는,0
안내로,0
안녕도,0
안락만,0
안방도,0
안부에서,0
안식처럼,0
안식처나,0
안심의,0
안전도,0
안전띠에서,0
안전망으로,0
안전벨트에,0
안전지대에서,0
안전핀도,0
안전하게의,0
안주가,0
안쪽까지,0
앉음처럼,0
알갱이가,0
알레르기부터,0
알록만,0
알록달록만,0
알룩에게,0
알림까지,0
알맹이에서,0
알몸처럼,0
알밤부터,0
알약과,0
알짜의,0
알토란에,0
암탉에게,0
압살과,0
앙금의,0
앙상블이나,0
앙증부터,0
앙증이에,0
애기의,0
애기꽃의,0
애기똥풀처럼,0
애기장대가,0
애기장수나,0
애벌레의,0
애쓴이나,0
애완만,0
애정으로,0
애착이나,0
액자는,0
앵두만,0
앵무새에게,0
야경에,0
야구가,0
야생이,0
야생화부터,0
야옹이가,0
야채가,0
약속의,0
약수터가,0
얌전처럼,0
양념처럼,0
양말이나,0
양배추까지,0
양식은,0
양심에서,0
양지를,0
양쪽도,0
양치에서,0
양치기에서,0
양파나,0
얘기만,0
얘기꽃이,0
어깨의,0
어깨춤이나,0
어둠부터,0
어디만,0
어른까지,0
어름의,0
어리부터,0
어리연에게,0
어린이처럼,0
어머니를,0
어색으로,0
어스름도,0
어스름한으로,0
어울리나,0
어울림이,0
어제도,0
언덕에서,0
얼굴과,0
얼굴빛은,0
얼레지만,0
얼룩에,0
얼룩말과,0
얼음부터,0
얼음꽃이,0
얼음장이나,0
엄마부터,0
엄마손에서,0
엄지손가락이나,0
엉겅퀴가,0
엉덩이까지,0
엊그제로,0
에메랄드도,0
에어컨과,0
여기까지,0
여름나무부터,0
여름날에서,0
여름냇물까지,0
여름밤부터,0
여름비도,0
여름의도,0
여름의구름만,0
여름의밤만,0
여름의빛에서,0
여름의향기를,0
여름철도,0
여백에게,0
여왕만,0
여우부터,0
여우비처럼,0
여운으로,0
여울을,0
여유는,0
여의도로,0
여정처럼,0
여행까지,0
여행가로,0
여행지에게,0
역사나,0
연가시나,0
연꽃부터,0
연대는,0
연두빛도,0
연두색만,0
연못의,0
연못가가,0
연습은,0
연신처럼,0
연어만,0
연필이,0
열매처럼,0
열쇠에서,0
영롱의,0
영수증의,0
영원에,0
영혼이나,0
옆집이나,0
예쁜으로,0
예상처럼,0
예술이나,0
옐로우까지,0
옛날도,0
옛이야기도,0
오늘이,0
오두막에게,0
오래를,0
오래기는,0
오래된은,0
오랜지까지,0
오르막도,0
오름을,0
오리만,0
오리알이,0
오색으로,0
오색빛에,0
오솔길만,0
오월의,0
오이에,0
오전도,0
오지에,0
오징어의,0
오해로,0
오후와,0
옥상까지,0
옥수수에서,0
온갖이,0
온기나,0
온도의,0
온도계가,0
올가미로,0
올갱이만,0
올리브나무만,0
올리지도,0
올망에,0
올망졸망에서,0
올벼만,0
올빼미로,0
올챙이를,0
올해와,0
옴폭의,0
옷감을,0
옷걸이를,0
옷고름과,0
옷깃으로,0
옷자락과,0
옷장까지,0
옷차림은,0
옹기까지,0
옹달샘으로,0
와글와글으로,0
와당이나,0
와들와들이,0
와룡산을,0
와르르에,0
완두처럼,0
완두콩의,0
왕고들빼기는,0
왕골은,0
왕국의,0
왕꽃에서,0
왕눈이처럼,0
왕뚜껑과,0
왕버들에서,0
왕비에서,0
왕사슴부터,0
왕족만,0
왜가리까지,0
외계나,0
외로움이,0
외부의,0
외톨이부터,0
왼쪽처럼,0
요강을,0
요리솜씨를,0
요술에,0
요정에게,0
욕심이,0
용기부터,0
우렁각시나,0
우렁이도,0
우리집도,0
우물의,0
우산처럼,0
우산꽃만,0
우아의,0
우연으로,0
우유가,0
우유빛의,0
우주나,0
우주선은,0
우체국까지,0
우편도,0
우편물에,0
우표부터,0
운동처럼,0
운동화에게,0
운동회나,0
운명이,0
운치의,0
울음부터,0
울음소리가,0
울타리와,0
웃음도,0
웃음꽃의,0
원두에서,0
원두막이,0
원앙의,0
원주율부터,0
월급으로,0
월요일처럼,0
위로나,0
위엄이나,0
위층까지,0
위치는,0
위험이,0
윗집에서,0
유기농만,0
유리에서,0
유리병에서,0
유리알과,0
유리창에게,0
유명까지,0
유월이나,0
유자나,0
유채처럼,0
유채꽃부터,0
유치원만,0
유혹부터,0
윷놀이는,0
으스스와,0
으쌰가,0
은빛은,0
은하수로,0
음성과,0
음식은,0
음악도,0
응가는,0
응원까지,0
의미까지,0
의식만,0
의자가,0
이끼는,0
이른까지,0
이름만,0
이마에,0
이무기에,0
이별까지,0
이불도,0
이불보까지,0
이불솜도,0
이사에,0
이삭만,0
이상에게,0
이상한에게,0
이소도,0
이슬만,0
이슬방울만,0
이슬비도,0
이야기꽃부터,0
이야기꾼만,0
이야기방이나,0
이웃은,0
이웃집에,0
이유가,0
이음에,0
이음새에,0
이자만,0
이제까지,0
이지로,0
이치도,0
이파리를,0
이해나,0
이해관계에서,0
이해력이,0
이해심으로,0
이해하기에,0
이혼에,0
인내를,0
인디언이나,0
인사부터,0
인생으로,0
인연이,0
인형만,0
일부터,0
일기부터,0
일렁임이,0
일몰도,0
일상도,0
일요일에서,0
일주일의,0
일출에,0
임금도,0
임금님에서,0
임무까지,0
임신처럼,0
입에게,0
입구를,0
입김에,0
입술에게,0
잇몸까지,0
잎도,0
잎사귀만,0
자갈과,0
자갈밭이나,0
자귀도,0
자귀나무에,0
자기에서,0
자두를,0
자두나무에,0
자랑이,0
자를까지,0
자리에게,0
자몽부터,0
자물쇠나,0
자석처럼,0
자식이,0
자신에서,0
자연만,0
자연건강은,0
자연별을,0
자연빛과,0
자연사처럼,0
자연소리에,0
자연수에,0
자연스러운에서,0
자연스러움에서,0
자연스럽게도,0
자연스레는,0
자연을이나,0
자연의나,0
자엽에게,0
자원으로,0
자유의,0
자유로움의,0
자작나무까지,0
자장이나,0
자전거만,0
자전거도로도,0
자주를,0
자주빛까지,0
자주색만,0
자취만,0
자투리나,0
자판기가,0
작대기나,0
작물이,0
작별인사에서,0
작살만,0
작업의,0
작은으로,0
작은길으로,0
작은별처럼,0
작은별빛부터,0
작은새만,0
작은소리에게,0
작은술도,0
작은숲부터,0
작은집은,0
작품이나,0
잔디가,0
잔디밭도,0
잔치만,0
잘난은,0
잘못에게,0
잠자리나,0
잡초로,0
장갑만,0
장구처럼,0
장군만,0
장기의,0
장난은,0
장단처럼,0
장닭이,0
장대비로,0
장독에서,0
장마의,0
장마비만,0
장마철까지,0
장맛비나,0
장미부터,0
장미꽃은,0
장소만,0
장수풍뎅이처럼,0
장식부터,0
장작처럼,0
장점만,0
장화에게,0
재기에서,0
재롱만,0
재료만,0
재미의,0
재연에서,0
재잘재잘이나,0
재주를,0
재주꾼이나,0
재주넘기로,0
재첩은,0
재활용과,0
저글링이나,0
저녁까지,0
저녁노을에,0
저녁별과,0
저울과,0
적막은,0
전갈은,0
전구가,0
전구름으로,0
전국부터,0
전기까지,0
전기장판이,0
전기톱에서,0
전깃줄까지,0
전나무에서,0
전달부터,0
전등처럼,0
전망에게,0
전망대에서,0
전문을,0
전복만,0
전사나,0
전선에게,0
전시까지,0
전원도,0
전자기기는,0
전쟁도,0
전쟁터의,0
전주는,0
전주곡은,0
전진은,0
전통부터,0
전통가옥처럼,0
전통장까지,0
전통적도,0
전해까지,0
전화에게,0
전환은,0
절구통처럼,0
절기에,0
절대를,0
절벽의,0
젊은이나,0
젊은이만,0
젊음처럼,0
점심과,0
점점에,0
점점이도,0
접시로,0
젓가락까지,0
정겨운처럼,0
정겨움까지,0
정리에,0
정말과,0
정사각형에서,0
정서와,0
정성으로,0
정수기까지,0
정신까지,0
정원에,0
정원사에게,0
정원수부터,0
정의와,0
정자나,0
정직만,0
정확도,0
젖병에,0
젖소에,0
젖줄까지,0
제기로,0
제비까지,0
제비꽃의,0
제사에서,0
제안에서,0
제자리는,0
제주도부터,0
제철과,0
조각까지,0
조각배도,0
조각보는,0
조개부터,0
조개껍질으로,0
조그만을,0
조금만,0
조기에,0
조랑말부터,0
조랑이나,0
조롱박에서,0
조름에게,0
조리가,0
조리개처럼,0
조리도구부터,0
조리법에서,0
조명부터,0
조사가,0
조약돌으로,0
조약돌길이,0
조용까지,0
조용한은,0
조용히로,0
조정에,0
조화에게,0
조화로운에서,0
조화로움은,0
조화롭게부터,0
족발의,0
존재가,0
존중에게,0
졸음과,0
종소리부터,0
종이에,0
종이배에게,0
좋아나,0
좋은에게,0
좋음을,0
주거지의,0
주걱을,0
주근깨의,0
주기에서,0
주꾸미나,0
주렁주렁과,0
주름의,0
주름살이,0
주막이나,0
주말과,0
주말나들이를,0
주말농장이나,0
주말여행에게,0
주머니가,0
주먹부터,0
주먹밥처럼,0
주문만,0
주방이나,0
주변까지,0
주사는,0
주사위는,0
주요로,0
주위에게,0
주유소부터,0
주인에,0
주인공처럼,0
주일부터,0
주전부리는,0
주전자까지,0
주차처럼,0
주택가에,0
주황에,0
주황빛도,0
주황색을,0
죽순에게,0
죽음이,0
줄기로,0
줄넘기와,0
줄다리기부터,0
줄무늬는,0
줄사탕에서,0
중간처럼,0
중고등학교도,0
중독에서,0
중앙의,0
쥐불놀이가,0
즐거움까지,0
증거로,0
증기와,0
지구로,0
지구별이,0
지구본을,0
지금과,0
지금껏의,0
지금의만,0
지기까지,0
지나도,0
지느러미에,0
지도가,0
지렁이가,0
지름길부터,0
지리산에게,0
지붕에,0
지속도,0
지식에서,0
지우개를,0
지팡이만,0
지평선에서,0
지푸라기도,0
지하수와,0
지향점처럼,0
지혜는,0
지혜로운으로,0
직소의,0
직수를,0
직업도,0
직장이나,0
진달래와,0
진리도,0
진실의,0
진심은,0
진정만,0
진주만,0
진주빛이,0
진지에서,0
진짜나,0
진흙이,0
질경이에서,0
질문에서,0
질병에서,0
질서까지,0
집안에서,0
집장구를,0
집중의,0
짓궂부터,0
짓기에,0
징검다리를,0
징후만,0
짚신의,0
짧은이나,0
찔레꽃으로,0
찜질처럼,0
차가를,0
차가운이나,0
차가운바람까지,0
차가움이,0
차고나,0
차기와,0
차도처럼,0
차돌만,0
차돌박이만,0
차량이,0
차렷까지,0
차례도,0
차림처럼,0
차림새까지,0
차마나,0
차별은,0
차별화를,0
차분이나,0
차분히에서,0
차선이나,0
차양부터,0
차원만,0
차이는,0
차이나부터,0
차츰까지,0
차표만,0
찬란에,0
찬란한처럼,0
찬물에,0
찬바람만,0
찰나는,0
참깨까지,0
참나무는,0
참새가,0
참숯처럼,0
참여까지,0
참외에,0
참외꽃을,0
찹쌀으로,0
찻잔과,0
창을,0
창가까지,0
창끝과,0
창문에게,0
창포를,0
채소나,0
채송화에게,0
책으로,0
책가방에서,0
책방의,0
책상부터,0
책임에서,0
책자에,0
책장으로,0
처음을,0
천국까지,0
천둥만,0
천리길과,0
천막으로,0
천사나,0
천천히부터,0
철새까지,0
철쭉을,0
철학부터,0
첫눈만,0
첫사랑이나,0
청개구리로,0
청동기가,0
청둥오리까지,0
청량이나,0
청량음료의,0
청록색에게,0
청명의,0
청소처럼,0
청소기에,0
청어에게,0
청춘의,0
체력이나,0
체온은,0
체크에,0
체험처럼,0
초가집에,0
초대나,0
초록에게,0
초록빛까지,0
초롱에서,0
초롱꽃으로,0
초롱이까지,0
초롱초롱이,0
초승달처럼,0
초여름의,0
초원이,0
초코의,0
초코렛도,0
촌동네부터,0
촌이는,0
촛불에서,0
총각으로,0
최고조나,0
추억거리고나,0
추운만,0
추위로,0
추적추적으로,0
축제도,0
춘곤증처럼,0
치료의,0
치료제는,0
치마처럼,0
치마꽃에,0
치마폭이나,0
치아에,0
치약을,0
치유처럼,0
치자부터,0
치자꽃에게,0
친절도,0
친환경의,0
칠면조로,0
칠판만,0
칠판지우개까지,0
칠흑을,0
칡넝쿨이,0
침대만,0
침묵만,0
침실의,0
칫솔이나,0
카네이션에서,0
카레까지,0
카페처럼,0
칼만,0
칼국수는,0
칼날을,0
칼라꽃은,0
캄캄부터,0
캔들도,0
커다란만,0
컵cake까지,0
컵받침에,0
코를,0
코끼리는,0
코스모스꽃이,0
코스모스밭과,0
콧물까지,0
콧수염만,0
콩이나,0
콩깍지나,0
콩나물의,0
콩밭도,0
콩알을,0
콩잎도,0
콩팥은,0
퀘퀘한만,0
퀴퀴에,0
크기나,0
크레용이나,0
크레파스에,0
큰까지,0
큰나무가,0
큰바위도,0
큰소리는,0
클레멘타인에서,0
키가작은꽃이나,0
키높이의,0
키다리나,0
키친만,0
키토로,0
킨달리와,0
타고가,0
타란툴라를,0
타래처럼,0
타래꽃은,0
타래줄에,0
타르에서,0
타올의,0
타운에게,0
타이프에서,0
타인이,0
타자기로,0
타조까지,0
타조알으로,0
탁자처럼,0
탄산에,0
탈것과,0
탐험도,0
탑골으로,0
탑나무처럼,0
탑돌이에게,0
탑동에,0
탑밭과,0
탑승이,0
탑차는,0
탑풀부터,0
탕수육이,0
태양에,0
태양빛은,0
태풍에게,0
택배처럼,0
탱자나무에,0
턱밑이,0
턱받이까지,0
털끝만,0
털보부터,0
털실이나,0
텃밭만,0
테두리나,0
테라리움처럼,0
토끼가,0
토끼눈에서,0
토끼풀에서,0
토란으로,0
톱밥에게,0
통기타로,0
통나무부터,0
통닭은,0
통로처럼,0
통일처럼,0
통찰에게,0
통화처럼,0
투명만,0
툭툭은,0
퉁소까지,0
튀김이나,0
특별에서,0
틀니와,0
티끌이,0
티브이와,0
팀버까지,0
파도는,0
파도소리와,0
파란까지,0
파란색에,0
파란하늘을,0
파랑이나,0
파랑새에서,0
파리도,0
파프리카나,0
팔각에,0
팔자까지,0
팔팔에서,0
팥빙수는,0
패랭이꽃도,0
퍼주기에게,0
펜션이,0
편리함이,0
편백나무로,0
편안의,0
편안하게처럼,0
편안한처럼,0
편안함에,0
편안히에서,0
편지의,0
편지지까지,0
평화의,0
포근한부터,0
포근함도,0
포도가,0
폭포는,0
표정만,0
푸른이,0
푸른꿈에,0
푸른물결에,0
푸른별빛만,0
푸른빛에서,0
푸른세상이나,0
푸른하늘은,0
푸른하늘빛에게,0
푸른하늘의부터,0
푸른하늘의빛깔까지,0
푸른하늘의향기에서,0
푸름만,0
풀도,0
풀꽃은,0
풀밭까지,0
풀숲은,0
풀이의,0
풀이삭에서,0
풀잎에게,0
풀잎새부터,0
품질을,0
풋고추부터,0
풍선에서,0
풍차는,0
프라이드로,0
피리는,0
피부는,0
하나나,0
하늘에게,0
하늘거름처럼,0
하늘거미와,0
하늘길이나,0
하늘나라에서,0
하늘높이에게,0
하늘빛으로,0
하늘새부터,0
하늘색이,0
하늘소로,0
하늘에서와,0
하늘연못만,0
하늘음에서,0
하늘의로,0
하늘의구름은,0
하늘의빛만,0
하늘의빛깔으로,0
하늘의색도,0
하늘의소리에서,0
하늘의소리의향기가,0
하늘의푸른빛에서,0
하늘의향기만,0
하늘이는,0
하늘하늘도,0
하루도,0
하루살이는,0
하루종일은,0
하마만,0
하모니도,0
하수구처럼,0
하수도에게,0
하얀도,0
하얀구름이나,0
하얀구름의소리부터,0
하얀꽃에게,0
하얀눈도,0
하얀비를,0
하얀색부터,0
하얀하늘부터,0
하얏빛을,0
하온이,0
하우스를,0
하울만,0
하울링까지,0
하음도,0
하천으로,0
하체만,0
하품과,0
하회탈까지,0
학교도,0
한가닥의,0
한가득도,0
한가로만,0
한가운데를,0
한가위에,0
한가하게에게,0
한겨울만,0
한결에서,0
한글으로,0
한기만,0
한라봉으로,0
한라산에,0
한림과,0
한방울까지,0
한복까지,0
한송이만,0
한숨의,0
한숫자로,0
한여름에,0
한옥이,0
한자락처럼,0
한정을,0
한줄기는,0
한지에,0
한쪽의,0
한참에,0
할머니에,0
할미꽃과,0
할아버지나,0
함께도,0
함박눈은,0
합창이나,0
항상부터,0
해처럼,0
해가나,0
해가림처럼,0
해결부터,0
해낼이나,0
해도의,0
해돋이는,0
해렴까지,0
해리나,0
해마에서,0
해무리에서,0
해물이,0
해바라기나,0
해바라기씨와,0
해바래기에,0
해변이,0
해변가로,0
해빙에,0
해안과,0
해안선은,0
해양이,0
해오라기를,0
해와로,0
해저의,0
해적부터,0
해조도,0
해조류의,0
해조음과,0
해질녘부터,0
해초에게,0
해파리는,0
해풍부터,0
해프닝이나,0
해후에게,0
햇볕도,0
햇빛처럼,0
햇빛의나,0
햇빛의길과,0
햇빛의향기까지,0
햇살무리에,0
햇살방울에서,0
햇살의빛에,0
햇살의소리에,0
햇살의소리의향기에게,0
햇살의하늘으로,0
햇살의향기에,0
햇살이를,0
행복이,0
행복하게의,0
행복한에서,0
행복해에,0
행사와,0
행운과,0
행위도,0
행주나,0
행진을,0
향긋을,0
향나무에,0
향연도,0
향초에게,0
허공부터,0
허리만,0
허브만,0
험난에,0
헛간으로,0
헤어짐에서,0
헤엄을,0
혀끝부터,0
현관이,0
현무암은,0
현미에게,0
현미경으로,0
현상처럼,0
현실이나,0
협동까지,0
형의,0
형광이나,0
형광등을,0
형광빛의,0
형용사도,0
형제에서,0
형체와,0
형형색색이나,0
호기에서,0
호기심으로,0
호두가,0
호두나무의,0
호랑이에서,0
호박에,0
호박꽃까지,0
호수에서,0
혹등고래로,0
혹부리부터,0
혹시도,0
혼자만,0
혼합도,0
홀로가,0
홀씨는,0
홍수가,0
홍시의,0
홍차나,0
홍합까지,0
화분이나,0
화사에서,0
화산이나,0
화살까지,0
화원은,0
화장과,0
화합도,0
확신에서,0
환영에서,0
환자를,0
활기를,0
활짝은,0
황금처럼,0
황금색이나,0
황소까지,0
황톳길에,0
홰나무에서,0
회색에,0
회색빛은,0
횟집도,0
횡단보도에게,0
효과에서,0
효도는,0
후라이팬이나,0
후렴에게,0
후리도,0
후추나,0
후회는,0
훈련의,0
휘파람도,0
흐느낌처럼,0
흐드러지부터,0
흐드러짐으로,0
흐르는도,0
흐르는구름이나,0
흐르는물소리에서,0
흐르는하늘부터,0
흐름에서,0
흐름의소리에서,0
흐린날에,0
흐린하늘처럼,0
흐림도,0
흐릿으로,0
흐릿한에,0
흑단부터,0
흑돼지를,0
흑룡이나,0
흑백이나,0
흑백사진만,0
흑산도가,0
흑색의,0
흑설탕도,0
흑염소로,0
흑진주까지,0
흔들에게,0
흔들리는처럼,0
흔들림부터,0
흔적처럼,0
흘러가는만,0
흙을,0
흙길도,0
흙내에,0
흙내음으로,0
흙냄새만,0
흙더미까지,0
흙덩이까지,0
흙돋움도,0
흙먼지도,0
흙무덤과,0
흙바닥처럼,0
흙밭을,0
흙사람도,0
흙산에,0
흙속은,0
흙손에서,0
흙수저만,0
흙의처럼,0
흙의냄새도,0
흙의향기까지,0
흙장난부터,0
흙탕의,0
흙탕물은,0
흡수부터,0
흥미로운만,0
희귀와,0
희귀식물을,0
희망도,0
희망사항처럼,0
희망을이,0
희망이와,0
희망적을,0
희망찬에,0
희한함이나,0
흰개미의,0
흰구름은,0
흰꽃의,0
흰눈처럼,0
흰둥이와,0
흰색의,0
흰종이에서,0
흰지팡이까지,0
흰찔레도,0
히히에게,0
힐끔에,0
힘부터,0
힘겨움부터,0
힘줄처럼,0
힘찬처럼,0
-스를,1
CD플레이어처럼,1
DVD플레이어는,1
D데이에서,1
LaTeX과,1
MP3플레이어에서,1
MP4플레이어나,1
V사인만,1
X레이에,1
가나에서,1
가닛의,1
가돌리늄이나,1
가드는,1
가솔린에,1
가스에게,1
가스라이팅에서,1
가스레인지나,1
가운에서,1
가이드나,1
가자만,1
가젤까지,1
가젯부터,1
가치사슬처럼,1
가치척도만,1
가치평가만,1
가필드까지,1
갈리처럼,1
개그로,1
개그맨도,1
개버딘에,1
개스킷과,1
갤러리와,1
갤럭시로,1
갤리에서,1
갤릭으로,1
갱과,1
거즈로,1
거터까지,1
걸그룹으로,1
걸프렌드처럼,1
게스트와,1
게스트하우스처럼,1
게이처럼,1
게이트에,1
게이프라이드나,1
게임에,1
게임기나,1
게임오버에서,1
고글에게,1
고비에게,1
고스트까지,1
골처럼,1
골드로,1
골드바로,1
골든리트리버가,1
골볼도,1
골키퍼만,1
골퍼에서,1
골프의,1
괌에게,1
구글의,1
구아니딘부터,1
구아바나,1
그라운드까지,1
그라피티까지,1
그래놀라는,1
그래프로,1
그래픽을,1
그래픽카드로,1
그램처럼,1
그런지가,1
그레이나,1
그레이비에게,1
그레이트데인에,1
그레이트브리튼만,1
그레이프프루트로,1
그렐린처럼,1
그루브에,1
그룹과,1
그리니치와,1
그리드부터,1
그리스에서,1
그린으로,1
그릴에게,1
글라스에서,1
글라이더처럼,1
글램핑으로,1
글로브박스는,1
글리세롤이,1
글리세린도,1
글리프처럼,1
기가바이트도,1
기가비트와,1
기가픽셀과,1
기가헤르츠를,1
기니만,1
기니비사우에게,1
기니피그에서,1
기비바이트와,1
기비비트만,1
기자와,1
기타를,1
기타리스트가,1
기프트의,1
기프티콘이나,1
깅엄처럼,1
껌에,1
나사가,1
나이스만,1
나이오븀까지,1
나이지리아는,1
나이트를,1
나이트클럽에서,1
나이팅게일에게,1
나이프는,1
나인의,1
나일론만,1
나일틸라피아에게,1
나치즘에게,1
나토에게,1
나프타에,1
나프탈렌에,1
나프티리딘만,1
난센스와,1
남포까지,1
내레이션으로,1
내비게이션이나,1
냅킨으로,1
너클볼만,1
너트를,1
넘버원에게,1
네브라스카까지,1
네브래스카가,1
네비게이션만,1
네비게이터도,1
네오나치와,1
네오디뮴에서,1
네온처럼,1
네이밍처럼,1
네이비부터,1
네일에게,1
네임을,1
네트에게,1
네트워크에게,1
네트워킹은,1
네티즌의,1
넥타이에게,1
노네인부터,1
노드는,1
노로바이러스에게,1
노바스코샤에게,1
노벨을,1
노쇼부터,1
노스다코타의,1
노스캐럴라이나까지,1
노스캐롤라이나에,1
노코멘트는,1
노크에게,1
노트북처럼,1
노하우부터,1
녹아웃에게,1
논바이너리로,1
누나부트에게,1
누난을,1
누드를,1
누들으로,1
뉴도,1
뉴런도,1
뉴멕시코가,1
뉴브런즈윅에게,1
뉴비나,1
뉴스로,1
뉴욕에,1
뉴잉글랜드만,1
뉴저지에서,1
뉴질랜드에서,1
뉴캐슬에,1
뉴캐슬어폰타인에게,1
뉴캐슬언더라임은,1
뉴트리아부터,1
뉴펀들랜드에서,1
뉴햄프셔에,1
니거로,1
니들과,1
니삭스까지,1
니오비움이,1
니켈이나,1
니코틴은,1
니코틴산처럼,1
니콜라스에,1
니트만,1
니트릴으로,1
니하이삭스처럼,1
니힐리즘은,1
닉네임을,1
닌텐도코어처럼,1
다마스쿠스나,1
다우존스까지,1
다운로드로,1
다이너마이트도,1
다이렉트만,1
다이빙까지,1
다이아와,1
다이아몬드는,1
다이어그램도,1
다이어리부터,1
다이어터만,1
다이어트에게,1
다이얼의,1
다이오드부터,1
다이제스트의,1
다큐멘터리에서,1
다크넷이나,1
다크서클이,1
다크웹의,1
달러만,1
달링이,1
대시보드는,1
대처는,1
댄서에,1
댄스나,1
댐에게,1
더그아웃과,1
더럼을,1
더반으로,1
더블유의,1
더빙과,1
덕트에,1
덕트테이프까지,1
덤프트럭으로,1
덤플링이나,1
덤핑으로,1
덩크도,1
덩크슛처럼,1
데니스도,1
데니어를,1
데님으로,1
데님자켓만,1
데드볼이나,1
데모처럼,1
데몬과,1
데시벨을,1
데오도란트만,1
데이가,1
데이터베이스로,1
데이터웨어하우스는,1
데이트의,1
데케인만,1
데타에서,1
덱스트린에게,1
덴마크에게,1
델라웨어에게,1
델러웨어처럼,1
도까지,1
도넛으로,1
도란스처럼,1
도메인이,1
도미노만,1
도큐먼트에게,1
도파민으로,1
도플갱어나,1
독도,1
독트린과,1
돌핀과,1
돌핀쇼츠는,1
돌하우스에,1
동글은,1
두리안에,1
듀스처럼,1
듀엣도,1
듀오나,1
드라마의,1
드라이버처럼,1
드라이브에서,1
드라이브뜨루에게,1
드라이브스루에,1
드라이아이스까지,1
드라이클리닝에서,1
드래건까지,1
드래곤만,1
드러머부터,1
드럼과,1
드럼스틱까지,1
드레스와,1
드론만,1
드리프트까지,1
드릴도,1
드립부터,1
드링크까지,1
디가,1
디렉션에서,1
디렉터에,1
디렉터리에서,1
디렉토리처럼,1
디멘션이나,1
디바이더가,1
디바이스에게,1
디버그도,1
디베이트가,1
디벨로퍼를,1
디비전부터,1
디쉬에서,1
디스카운트에게,1
디스커버리에서,1
디스커션과,1
디스켓도,1
디스코에서,1
디스크는,1
디스플레이는,1
디엔에이나,1
디엠부터,1
디자이너에서,1
디저트가,1
디제이만,1
디즈니와,1
디즈니랜드처럼,1
디지털도,1
디지털카메라에,1
디지털화가,1
디퍼런스에게,1
디폴트에서,1
디프테리아에,1
디플레이션까지,1
딜을,1
딜도에,1
딥스로팅은,1
딥웹에서,1
딥톡의,1
땡큐에,1
라도,1
라고스를,1
라놀린에서,1
라드에,1
라디에이터만,1
라디오까지,1
라디오컨트롤으로,1
라마처럼,1
라벨을,1
라식의,1
라우터로,1
라운드부터,1
라운지를,1
라이벌처럼,1
라이브와,1
라이브러리도,1
라이선스가,1
라이스버거를,1
라이치의,1
라이터나,1
라이트처럼,1
라이트세이버가,1
라이플에서,1
라인을,1
라인업에게,1
라임에게,1
라자냐가,1
라지오에게,1
라켓에,1
라쿤을,1
라텍으로,1
라트비아의,1
락은,1
락다운까지,1
란타넘은,1
래브라도까지,1
래브라도리트리버만,1
래퍼처럼,1
랙돌만,1
랜덤의,1
랜섬웨어나,1
랜턴에게,1
랠리의,1
램에,1
램프부터,1
랩에게,1
랩톱에게,1
랭킹의,1
러닝타임의,1
러레이도가,1
러브호텔만,1
러스크만,1
러시아부터,1
러시안룰렛에서,1
러시안블루는,1
럭비만,1
런닝머신부터,1
런다운이나,1
런던이,1
럼은,1
레에서,1
레귤러의,1
레그에서,1
레깅스는,1
레드처럼,1
레드카드와,1
레드카펫부터,1
레드테이프를,1
레모네이드까지,1
레몬을,1
레몬그래스로,1
레몬주스에,1
레몬치킨만,1
레벨처럼,1
레벨링에서,1
레벨업의,1
레슬러에서,1
레슬링의,1
레알부터,1
레이블과,1
레이서와,1
레이션에,1
레이스나,1
레이아웃은,1
레이어로,1
레이저와,1
레인지에게,1
레일에게,1
레전드처럼,1
레조넌스까지,1
레즈비언이,1
레코더를,1
레코드까지,1
레트로만,1
레티놀의,1
레퍼런스도,1
레퍼토리까지,1
레포트에게,1
레프러콘에게,1
렉에게,1
렌더링을,1
렌즈와,1
로고와,1
로고타이프가,1
로그가,1
로그아웃도,1
로그인을,1
로드맵에,1
로드아일랜드도,1
로디지아만,1
로딩처럼,1
로리부터,1
로맨스를,1
로보트와,1
로봇처럼,1
로비를,1
로션의,1
로스안젤스에,1
로스앤젤레스와,1
로얄플러시에서,1
로제와,1
로직까지,1
로커룸부터,1
로케이션까지,1
로케트를,1
로켓은,1
로터리에서,1
로토로,1
록과,1
론부터,1
론칭에게,1
롤처럼,1
롤러도,1
롤러코스터나,1
롤리도,1
롤아웃도,1
롤케이크까지,1
롱만,1
롱링크부터,1
루마니아나,1
루머와,1
루멘으로,1
루비에게,1
루비듐은,1
루스만,1
루시퍼에서,1
루이스와,1
루이지아나의,1
루이지애나로,1
루저로,1
루키를,1
루틴에서,1
루프도,1
룩에게,1
룰처럼,1
룰렛에게,1
룸은,1
룸메이트만,1
리그만,1
리더의,1
리더십에서,1
리드에,1
리듬게임이나,1
리듬앤블루스만,1
리딩만,1
리모넨의,1
리모델링까지,1
리모컨에서,1
리모트나,1
리모트컨트롤처럼,1
리무진의,1
리미트의,1
리믹스는,1
리바이스로,1
리버시의,1
리버풀은,1
리본까지,1
리볼버에서,1
리부트에,1
리뷰와,1
리뷰어부터,1
리비도와,1
리비아로,1
리빌딩부터,1
리빙처럼,1
리사이클은,1
리사이틀까지,1
리서치에,1
리셉션에게,1
리셋을,1
리소스에서,1
리스너의,1
리스크의,1
리스트에서,1
리스트업에서,1
리스폰스는,1
리시트의,1
리액션과,1
리어카로,1
리얼과,1
리얼리티나,1
리얼타임만,1
리자이나가,1
리조트에게,1
리추얼에,1
리치부터,1
리콜이나,1
리퀘스트가,1
리큐어에서,1
리크처럼,1
리투아니아부터,1
리튬과,1
리트머스를,1
리파인으로,1
리퍼비쉬의,1
리포지토리만,1
리포트도,1
리프도,1
리프레시를,1
리프트부터,1
리플이,1
리플렉션과,1
리플렛까지,1
리허빌리테이션까지,1
리허설도,1
린스처럼,1
린우드만,1
릴에서,1
릴리스와,1
릴스에,1
립스틱과,1
링부터,1
링크에게,1
마가린이나,1
마그네슘으로,1
마네킹에게,1
마니토바를,1
마닐라와,1
마더에게,1
마라톤과,1
마리후아나처럼,1
마마보이가,1
마멀레이드처럼,1
마멋까지,1
마모셋에,1
마사지에게,1
마샤와,1
마스카라처럼,1
마스코트도,1
마스크처럼,1
마스킹테이프와,1
마스터베이션의,1
마시멜로에게,1
마싸지와,1
마요네즈에서,1
마우스나,1
마우스피스까지,1
마우스휠으로,1
마이너스의,1
마이웨이에,1
마이크에서,1
마이크로그램만,1
마이크로버스나,1
마이크로블로그로,1
마이크로소프트로,1
마이크로폰이나,1
마이크로프로세서에서,1
마인크래프트에게,1
마일에,1
마임에,1
마체테가,1
마카오까지,1
마커처럼,1
마커펜에,1
마케팅까지,1
마켓부터,1
마크나,1
마킹펜에게,1
마트와,1
마포나,1
만델라이펙트나,1
말디브의,1
말라리아를,1
말레이도,1
망가니즈부터,1
망고와,1
망고주스처럼,1
매너는,1
매니저를,1
매니지먼트로,1
매니큐어에서,1
매니토바에게,1
매릴랜드도,1
매머드도,1
매사추세츠처럼,1
매스미디어의,1
매직으로,1
매치는,1
매치포인트와,1
매칭이나,1
매트리스와,1
맥의,1
맥도날드도,1
맨션부터,1
맨스플레인과,1
맨해튼에,1
맬웨어에서,1
맵만,1
맹크스만,1
머스터드나,1
머신으로,1
머플러까지,1
머피부터,1
머핀에,1
메가바이트처럼,1
메가비트만,1
메가폰처럼,1
메가픽셀에,1
메가헤르츠에,1
메달처럼,1
메달리스트까지,1
메디케어나,1
메리크리스마스는,1
메릴랜드는,1
메모처럼,1
메모리에서,1
메비바이트에,1
메비비트는,1
메소드에게,1
메시지에게,1
메신저에서,1
메이스만,1
메이크업을,1
메인에서,1
메인쿤을,1
메인페이지부터,1
메일부터,1
메커니즘이,1
메타부터,1
메타데이터만,1
메타버스를,1
메타픽션까지,1
메탐페타민을,1
메터의,1
메테인은,1
멕시코부터,1
멘션만,1
멘토와,1
멘토링이,1
멘티처럼,1
멜로드라마는,1
멜로디를,1
멜론과,1
멜버른에서,1
멜번에,1
멤버나,1
모노키니를,1
모니터도,1
모니터링만,1
모델만,1
모델링에게,1
모뎀도,1
모듈에게,1
모듈화에,1
모드만,1
모로코에,1
모르타르를,1
모르폴린을,1
모르핀에서,1
모멘텀에서,1
모바일의,1
모바일폰을,1
모션을,1
모스크에서,1
모자이크처럼,1
모터로,1
모터보트에서,1
모터사이클으로,1
모터쇼를,1
모터스포츠에서,1
모텔부터,1
모토처럼,1
모토크로스만,1
모티브의,1
모티프까지,1
모페드에게,1
모폴로지는,1
몬순이,1
몬스터에게,1
몬타나가,1
몬태나에서,1
몬테네그로는,1
몬트리올과,1
몰과,1
몰디브도,1
몰리브데넘에서,1
몰티즈로,1
몽구스부터,1
무빙워크나,1
무에타이로,1
뮈슬리까지,1
뮤의,1
뮤지컬이,1
뮤직이나,1
뮤직비디오의,1
미끼샤에,1
미네소타도,1
미니와,1
미니골프처럼,1
미니맥스와,1
미니미터로,1
미니바만,1
미니밴부터,1
미니버스부터,1
미니스커트가,1
미니시리즈만,1
미니어처부터,1
미니카만,1
미니카메라까지,1
미니컴퓨터를,1
미들네임이,1
미리견의,1
미사일의,1
미스에서,1
미스터에,1
미시간만,1
미시건을,1
미시사가처럼,1
미시소가는,1
미시소거가,1
미시시피에,1
미싸일부터,1
미아의,1
미어캣만,1
미주리까지,1
미키마우스나,1
미터도,1
미트부터,1
미트볼이,1
미팅에게,1
믹서에서,1
민서에게,1
민트를,1
민트초콜릿과,1
민트초콜릿칩과,1
밀레니엄에게,1
밀리리터부터,1
밀리미터처럼,1
밀크에게,1
밀크셰이크도,1
밀크티에,1
밈으로,1
밍크를,1
바에게,1
바겐세일이,1
바나나만,1
바나듐에게,1
바닐라로,1
바륨에게,1
바바야가에서,1
바벨도,1
바비큐만,1
바스기타를,1
바스스카프는,1
바이너리에게,1
바이든부터,1
바이러스나,1
바이블을,1
바이스와,1
바이슨도,1
바이오는,1
바이오폴리머까지,1
바이올리니스트부터,1
바이올린처럼,1
바이트부터,1
바질의,1
바코드에게,1
바텀이,1
바텐더로,1
바티스트는,1
바티칸도,1
박스와,1
박테리아도,1
반달리즘부터,1
발라드부터,1
발리니즈의,1
발리볼만,1
발리송에게,1
발코니에서,1
밧데리나,1
방글라데슈의,1
방글라데시까지,1
방콕처럼,1
배너는,1
배드민턴까지,1
배지처럼,1
배터리처럼,1
배트맨이,1
백에서,1
백개먼처럼,1
백그라운드나,1
백도어를,1
백보드가,1
백신의,1
백업과,1
백파이프부터,1
백팩이,1
밴이나,1
밴드도,1
밴쿠버까지,1
밸런타인데이도,1
밸브도,1
뱀파이어의,1
뱅킹까지,1
버거나,1
버그를,1
버니걸만,1
버몬트로,1
버미즈까지,1
버버리에,1
버블검에,1
버블티와,1
버스나,1
버저에서,1
버저비터의,1
버전의,1
버지니아는,1
버추얼만,1
버클도,1
버클륨만,1
버터의,1
버터밀크가,1
버튼까지,1
버팔로도,1
번트로,1
범퍼까지,1
범퍼카와,1
베니스처럼,1
베달이,1
베두인이,1
베레로,1
베릴륨은,1
베스트셀러의,1
베스트프렌드처럼,1
베어링까지,1
베오울프만,1
베이글은,1
베이루트처럼,1
베이비의,1
베이비시터나,1
베이스나,1
베이스기타가,1
베이시스트가,1
베이지를,1
베이컨으로,1
베일에,1
벡터나,1
벡토르까지,1
벤치로,1
벤치마크가,1
벨은,1
벨리댄스가,1
벨리제는,1
벨리즈의,1
벨베틴에,1
벨벳에서,1
벨뷰에서,1
벨트에서,1
벳남의,1
보가,1
보너스를,1
보노보가,1
보닛이나,1
보드에서,1
보드게임이,1
보디가드도,1
보디빌딩도,1
보링까지,1
보스나,1
보스전부터,1
보스턴의,1
보이그룹을,1
보이밴드로,1
보이즈러브의,1
보이콧의,1
보이프렌드까지,1
보일러가,1
보잉처럼,1
보컬리스트에게,1
보트에서,1
복서에게,1
복싱과,1
복싱데이도,1
본디지에서,1
볼은,1
볼러만,1
볼런티어의,1
볼륨은,1
볼링은,1
볼트로,1
볼펜으로,1
봅슬레드로,1
봅슬레이에,1
봇은,1
부르키니가,1
부츠는,1
북마크의,1
북스타그래머로,1
북스타그램의,1
분젠버너로,1
불가리아에,1
불도저까지,1
불리가,1
불펜이나,1
붐으로,1
뷰와,1
뷰테인처럼,1
뷰파인더만,1
브라에,1
브라더도,1
브라우니도,1
브라우저와,1
브라운에,1
브래지어가,1
브랜드는,1
브랜디로,1
브랜딩을,1
브러시의,1
브레이크나,1
브레인부터,1
브레인스토밍도,1
브로맨스의,1
브로민까지,1
브로셔부터,1
브로치나,1
브로커에,1
브로콜리나,1
브리지의,1
브리텐부터,1
브리튼부터,1
브리티시쇼트헤어부터,1
브리티시컬럼비아만,1
브리핑도,1
브이는,1
브이사인으로,1
브이피엔이나,1
블라우스도,1
블라인드처럼,1
블랙과,1
블랙리스트에,1
블랙잭이나,1
블랙커피는,1
블랙코미디의,1
블랙크리스마스나,1
블랙프라이데이로,1
블랙홀처럼,1
블러셔처럼,1
블렌더만,1
블렌드에,1
블로거도,1
블로그까지,1
블록과,1
블록버스터나,1
블루의,1
블루레이로,1
블루베리부터,1
블루스까지,1
블루진의,1
블루투스나,1
블링블링이,1
비건에게,1
비글도,1
비날론과,1
비네거도,1
비니에서,1
비닐은,1
비디오만,1
비디오게임까지,1
비디오카메라에서,1
비디오테이프를,1
비버처럼,1
비숍에,1
비스킷처럼,1
비어와,1
비엔나에,1
비엔나소시지까지,1
비자로,1
비주얼부터,1
비즈니스처럼,1
비즈니스맨이,1
비즈니스모델부터,1
비치발리볼부터,1
비치볼까지,1
비커까지,1
비키니의,1
비타민만,1
비타민A에,1
비타민B은,1
비타민C만,1
비타민D으로,1
비타민E과,1
비타민K으로,1
비트만,1
비트맵은,1
비트박스처럼,1
비트코인의,1
비틀스까지,1
빅맥의,1
빅뱅이,1
빅토리아에,1
빈볼도,1
빈지워칭에,1
빌딩도,1
빌라의,1
빌런에서,1
빔에서,1
빙고에게,1
빠이빠이에게,1
뻐스부터,1
뻐큐처럼,1
삘의,1
사르코파구스에서,1
사리를,1
사린까지,1
사마륨이나,1
사마리아처럼,1
사바나에게,1
사스까지,1
사우나에서,1
사우디아라비아도,1
사우스다코타만,1
사우스캐럴라이나에게,1
사우스캐롤라이나가,1
사운드가,1
사운드이펙트까지,1
사운드트랙과,1
사워크림만,1
사이드만,1
사이드바나,1
사이렌은,1
사이버불링만,1
사이보그도,1
사이스를,1
사이언스도,1
사이언스픽션만,1
사이언티스트만,1
사이즈만,1
사이클의,1
사이클론까지,1
사이클링이나,1
사이트까지,1
사이펀의,1
사이폰이,1
사이하이삭스를,1
사인이,1
사인오브더혼스로,1
사파리와,1
산타에서,1
산타클로스처럼,1
살루키에서,1
살사에서,1
새너토리엄도,1
색소폰처럼,1
샌드박스도,1
샌드백과,1
샌드위치에,1
샌들이나,1
샌프란시스코의,1
샐러드에,1
샐러리까지,1
샘플만,1
샤먼도,1
샤워처럼,1
샤타에서,1
샬럿은,1
샬럿타운이나,1
샴페인을,1
샴푸에,1
샷이,1
샷건으로,1
서밋의,1
서버에게,1
서버리스가,1
서벌이,1
서베이부터,1
서브처럼,1
서브루틴은,1
서브메뉴나,1
서브스크립션으로,1
서브스턴스나,1
서브젝트에,1
서브컬처까지,1
서비스와,1
서비스맨에서,1
서스캐처원에,1
서스펜스나,1
서커스에,1
서클이,1
서퍼에,1
서포터처럼,1
서포트처럼,1
서프라이즈에,1
서프보드나,1
서플라이가,1
서핑으로,1
선글라스를,1
선루프까지,1
선크림처럼,1
설폰이,1
섬네일을,1
세그먼트부터,1
세륨이나,1
세르비아만,1
세리머니가,1
세멘트만,1
세미나까지,1
세미콜론은,1
세부에게,1
세븐처럼,1
세션과,1
세슘에서,1
세이브는,1
세이프에서,1
세인트존스는,1
세인트피터즈버그나,1
세일에서,1
세트의,1
섹션에,1
섹스와,1
섹시까지,1
섹트의,1
센서만,1
센터는,1
센트는,1
센티미터만,1
셀러리만,1
셀레나의,1
셀레늄의,1
셀렉션을,1
셀로테이프처럼,1
셀룰러폰도,1
셀룰로이드에게,1
셀카와,1
셔츠에,1
셔터도,1
셔틀의,1
셰이크의,1
셸을,1
소셜처럼,1
소셜미디어와,1
소셜저스티스워리어와,1
소스로,1
소스코드까지,1
소시지처럼,1
소켓까지,1
소파까지,1
소프트볼이,1
소프트웨어도,1
소프트커버가,1
솔까지,1
솔로부터,1
솔로몬에서,1
솔루션은,1
쇼나,1
쇼라인이나,1
쇼룸과,1
쇼비니즘에,1
쇼어라인이,1
쇼윈도로,1
쇼츠만,1
쇼케이스부터,1
쇼크에,1
쇼트에서,1
쇼트닝만,1
쇼트트랙이나,1
쇼트트랙스피드스케이팅도,1
쇼핑의,1
쇼핑몰도,1
쇼핑센터의,1
숏텐츠도,1
숏팬츠가,1
수트나,1
수프나,1
쉘부터,1
쉬메일에,1
쉿도,1
슈트는,1
슈트케이스부터,1
슈퍼만,1
슈퍼대디처럼,1
슈퍼마켓까지,1
슈퍼맘으로,1
슈퍼맨에게,1
슈퍼모델도,1
슈퍼문도,1
슈퍼스타가,1
슈퍼우먼만,1
슈퍼컴퓨터는,1
슛이나,1
스내치가,1
스냅과,1
스냅샷으로,1
스노보드가,1
스노우글로브는,1
스노클이나,1
스노클링처럼,1
스니커즈는,1
스리섬에서,1
스릴러의,1
스마일의,1
스마트도,1
스마트워치는,1
스마트폰도,1
스마트폰좀비의,1
스모그의,1
스무디는,1
스와질란드에,1
스워질랜드만,1
스웨덴에서,1
스웨터처럼,1
스웨트셔츠에게,1
스위치만,1
스윙에게,1
스카는,1
스카우트에서,1
스카이는,1
스카이다이빙에,1
스카치테이프로,1
스카프는,1
스칸듐은,1
스칼라나,1
스캐너부터,1
스캔에,1
스캔들도,1
스커트를,1
스컹크부터,1
스케이트나,1
스케이트보드를,1
스케일에,1
스케일링은,1
스케주얼과,1
스케줄부터,1
스케줄러의,1
스케줄링에서,1
스케치에서,1
스케트만,1
스켈레톤에,1
스코어의,1
스코어보드만,1
스코틀랜드에,1
스코프의,1
스쿠버다이빙처럼,1
스쿠터부터,1
스쿨버스에,1
스쿼시에,1
스퀴즈는,1
스크랩이,1
스크롤도,1
스크롤링을,1
스크롤바까지,1
스크롤휠까지,1
스크린과,1
스크린도어로,1
스크린샷을,1
스크린세이버로,1
스크립트와,1
스키에서,1
스키니진으로,1
스키어는,1
스킨까지,1
스킬에,1
스킬셋도,1
스킴처럼,1
스타까지,1
스타디오까지,1
스타디움에,1
스타벅스에서,1
스타일에서,1
스타일러스가,1
스타일링도,1
스타일시트가,1
스타킹으로,1
스타트업까지,1
스탑워치에서,1
스태프부터,1
스택이나,1
스탠다드에서,1
스탠더드부터,1
스탠드까지,1
스탠스를,1
스탭까지,1
스터킹처럼,1
스턴트맨에,1
스테로이드에서,1
스테이션과,1
스테이지의,1
스테이징이,1
스테이크처럼,1
스테이터스부터,1
스테이플러만,1
스테퍼까지,1
스텝과,1
스토리로,1
스토리보드부터,1
스토브를,1
스토커에,1
스토킹으로,1
스톤이나,1
스톤헨지부터,1
스톱워치부터,1
스툴이,1
스튜에,1
스튜던트부터,1
스튜디오가,1
스튜어디스까지,1
스트라이크까지,1
스트라이크존과,1
스트레스와,1
스트레스볼까지,1
스트레이트처럼,1
스트레이트플러시도,1
스트레치처럼,1
스트레칭이나,1
스트로부터,1
스트로우처럼,1
스트론튬도,1
스트리머만,1
스트리밍의,1
스트리크닌은,1
스티어링휠도,1
스티커는,1
스틱까지,1
스틸과,1
스틸턴부터,1
스파게티와,1
스파이까지,1
스파이웨어를,1
스파크도,1
스판덱스나,1
스패너에서,1
스팸으로,1
스팸메일도,1
스팽킹에서,1
스펀지는,1
스페셜이나,1
스페어처럼,1
스페이드로,1
스페이스로,1
스페이스바도,1
스페인으로,1
스페인워터도그부터,1
스펙에서,1
스펙트럼에게,1
스펙트레이터만,1
스포일러부터,1
스포츠가,1
스포츠스태킹은,1
스포츠웨어까지,1
스포츠카까지,1
스포캔의,1
스포트라이트에게,1
스폰을,1
스폰서로,1
스푼부터,1
스풀만,1
스프는,1
스프레드처럼,1
스프레드시트부터,1
스프레이는,1
스프린트와,1
스프링은,1
스프링클러처럼,1
스플리터나,1
스플릿부터,1
스피드와,1
스피드스케이팅까지,1
스피커부터,1
스핑크스만,1
슬라브의,1
슬라이더에,1
슬라이드는,1
슬라임도,1
슬래시만,1
슬랙으로,1
슬랩스틱만,1
슬러시의,1
슬레지해머의,1
슬로건에,1
슬로바키아가,1
슬리퍼만,1
슬리핑백까지,1
시그널에게,1
시나고그까지,1
시나리오가,1
시나몬의,1
시냅스에서,1
시너지처럼,1
시드니로,1
시디처럼,1
시럽에게,1
시리얼에게,1
시리즈나,1
시멘트에,1
시뮬레이션에,1
시뮬레이터나,1
시뮬레이트도,1
시베리아를,1
시베리안부터,1
시소까지,1
시스터부터,1
시스템처럼,1
시아노코발라민이,1
시아이에이처럼,1
시애틀에,1
시즌만,1
시카고만,1
시퀀스처럼,1
시트나,1
시티걸부터,1
시티보이가,1
시폰까지,1
시프트에서,1
시프트키의,1
식스와,1
신놀린부터,1
신데렐라와,1
신디케이트에,1
신시사이저로,1
실이나,1
실로폰부터,1
실리콘으로,1
실린더나,1
실버에서,1
실크로드도,1
심벌즈는,1
심포지엄도,1
싱가포르부터,1
싱글에,1
싱어까지,1
싱어송라이터나,1
싱커에게,1
싱크만,1
싱크탱크까지,1
쎈터를,1
쓰리를,1
쓰리오브어카인드가,1
씸만,1
아가까지,1
아나운서부터,1
아나키즘에,1
아날로그를,1
아드레날린이,1
아랍에게,1
아르곤부터,1
아르마딜로는,1
아리조나에,1
아마존에,1
아마추어를,1
아말감의,1
아메리카와,1
아몬드처럼,1
아미노에게,1
아미딘은,1
아민에게,1
아보카도만,1
아비시니안으로,1
아서는,1
아세나프텐부터,1
아세안에게,1
아스키에게,1
아스텍으로,1
아스파라거스가,1
아스팔트만,1
아시아나,1
아웃으로,1
아웃사이더가,1
아웃소싱이나,1
아이다호만,1
아이돌에게,1
아이디만,1
아이디어는,1
아이러니를,1
아이쇼핑의,1
아이스만,1
아이스댄싱으로,1
아이스박스처럼,1
아이스캔디처럼,1
아이스커피까지,1
아이스크림과,1
아이스하키의,1
아이슬란드만,1
아이싱이,1
아이오딘처럼,1
아이오와가,1
아이콘을,1
아이콘택트와,1
아이큐에,1
아이템이,1
아이티는,1
아이폰도,1
아제티딘과,1
아줄렌에서,1
아즈텍만,1
아치에,1
아카데미를,1
아카시아를,1
아카이브처럼,1
아칸소나,1
아케이드부터,1
아케이드게임이,1
아코디언부터,1
아크리딘의,1
아크릴처럼,1
아키텍처는,1
아트에,1
아트워크가,1
아트웍과,1
아티초크가,1
아티피셜인텔리전스처럼,1
아포스트로피까지,1
아프리카가,1
악센트가,1
안드로이드나,1
안초비나,1
안테나에게,1
안트라센으로,1
안티는,1
안티모니의,1
알까지,1
알고리듬부터,1
알고리즘까지,1
알데하이드부터,1
알라바마는,1
알라배마만,1
알람만,1
알래스카는,1
알레고리가,1
알렉산더에서,1
알루미늄도,1
알리바이를,1
알리움도,1
알버타만,1
알부민은,1
알앤비에,1
알카인이나,1
알칸처럼,1
알칼리와,1
알케인만,1
알켄처럼,1
알코올은,1
알콜에게,1
알킨의,1
알트키도,1
알파벳만,1
알파카에,1
암릿부터,1
암모나이트와,1
암모니아가,1
암페어에게,1
애너그램이,1
애널리스트는,1
애널리시스까지,1
애널리틱스가,1
애니메이션도,1
애니메이터처럼,1
애드의,1
애드리브나,1
애드벌룬의,1
애드벤처나,1
애드웨어까지,1
애리조나는,1
애스터리스크와,1
애프터로,1
애플만,1
애플리케이션이,1
애피타이저와,1
액세서리에서,1
액세스도,1
액션도,1
액티비티처럼,1
앤도,1
앨라바마로,1
앨라배마까지,1
앨러바마처럼,1
앨러배마를,1
앨리게이터부터,1
앨리스부터,1
앨버타만,1
앨범에게,1
앨빈으로,1
앰뷸런스와,1
앰프에서,1
앱도,1
앵글로색슨에서,1
앵커와,1
앵커리지처럼,1
야드의,1
양키로,1
어댑터만,1
어드바이스를,1
어드바이저까지,1
어드밴스에게,1
어드벤처까지,1
어셈블러와,1
어셈블리에,1
어시스트의,1
어워드가,1
어카운트와,1
어플리케이션에,1
어필만,1
언박싱도,1
언팔로우가,1
언팔로워에서,1
얼터너티브록에게,1
업그레이드를,1
업데이트나,1
업로드에게,1
에너지나,1
에너지바는,1
에드먼턴의,1
에러부터,1
에르고칼시페롤부터,1
에뮤도,1
에미리트의,1
에세이나,1
에스에서,1
에스에스디만,1
에스컬레이터는,1
에스케이프까지,1
에스케이프키에,1
에스키모까지,1
에스터가,1
에스테르를,1
에스페란토도,1
에어로젤이,1
에어로졸을,1
에어백으로,1
에어쇼와,1
에어컨디셔너를,1
에어쿠션에게,1
에어프라이어를,1
에이까지,1
에이스의,1
에이아이에서,1
에이즈로,1
에이치만,1
에이커처럼,1
에일리언에서,1
에잇까지,1
에코의,1
에터의,1
에테르처럼,1
에테인의,1
에티오피아가,1
에티튜드만,1
에프에서,1
에피네프린에서,1
에피소드도,1
엑사바이트는,1
엑사비트로,1
엑스가,1
엑스레이로,1
엑스비바이트가,1
엑스비비트에서,1
엑토플라즘에게,1
엔과,1
엔딩까지,1
엔지니어링은,1
엔진에서,1
엔진오더텔레그래프나,1
엔터테인먼트의,1
엘도,1
엘리자베스만,1
엘리트까지,1
엘에이부터,1
엘지비티만,1
엠만,1
예멘만,1
예일이,1
옐로로,1
옐로나이프처럼,1
옐로카드의,1
오처럼,1
오거부터,1
오건디와,1
오늄을,1
오델로와,1
오드아이가,1
오디오에게,1
오디오북의,1
오레건이,1
오레오에,1
오렌지도,1
오렌지에이드도,1
오렌지주스를,1
오리건으로,1
오리엔테이션만,1
오리지널처럼,1
오리지널캐릭터만,1
오만처럼,1
오바마케어는,1
오버클럭이,1
오버타임을,1
오벨리스크처럼,1
오브젝트는,1
오븐처럼,1
오사존을,1
오세아니아는,1
오스뮴에,1
오스트리아나,1
오스틴에서,1
오아시스에서,1
오케스트라까지,1
오케이부터,1
오크처럼,1
오크라로,1
오클라호마는,1
오타와나,1
오토만은,1
오토메이션처럼,1
오토바이까지,1
오트밀부터,1
오페라로,1
오페레타처럼,1
오프닝에게,1
오프라인이,1
오픈북까지,1
오피스에게,1
오하이오를,1
옥사졸이나,1
옥션까지,1
옥시토신의,1
옥심으로,1
옥테인에서,1
온라인이,1
온타리오로,1
올드미스처럼,1
올리고도,1
올리브만,1
올림픽이,1
올스타에,1
옵션에,1
와셔에서,1
와우나,1
와이를,1
와이오밍에,1
와이파이부터,1
와이퍼도,1
와이프는,1
와인이나,1
와트는,1
왈츠로,1
요가까지,1
요거트가,1
요비바이트에게,1
요비비트도,1
요요만,1
요크셔처럼,1
요크셔테리어가,1
요타바이트와,1
요타비트처럼,1
요트에서,1
요하네스버그를,1
요하네스뷔르그를,1
우먼부터,1
우스터셔소스부터,1
울을,1
울버린과,1
워드마크를,1
워라밸에,1
워싱턴이나,1
워싱톤의,1
워크벤치에게,1
워크숍은,1
워크스테이션은,1
워크스페이스에게,1
워크앤라이프밸런스부터,1
워키토키를,1
워터도그에서,1
워터파크까지,1
원에게,1
원더랜드처럼,1
원더우먼처럼,1
원샷만,1
원치의,1
원페어와,1
원피스나,1
월드시리즈와,1
월드컵의,1
웜뱃에게,1
웜홀처럼,1
웨딩드레스나,1
웨브페지로,1
웨스턴부터,1
웨스트버지니아가,1
웨이블릿도,1
웨이터나,1
웨이트리스가,1
웨일스에서,1
웰시코기만,1
웹에게,1
웹디자이너를,1
웹디자인은,1
웹브라우저와,1
웹코믹까지,1
웹툰에서,1
웹페이지를,1
위구르의,1
위니펙이,1
위스컨신에게,1
위스콘신에,1
위스키부터,1
위키로,1
위키마크업까지,1
위키텍스트부터,1
위키프로젝트로,1
위키피디아나,1
윅셔너리가,1
윈도쇼핑에서,1
윈도우키에,1
윌리엄을,1
윙크나,1
유와,1
유니스로,1
유니언잭도,1
유니코드까지,1
유니콘으로,1
유니폼처럼,1
유로비트도,1
유로퓸과,1
유머에,1
유스호스텔이나,1
유심도,1
유에프오에,1
유엔까지,1
유저박스까지,1
유저인터페이스와,1
유콘처럼,1
유타에게,1
유턴에서,1
유토피아까지,1
유튜버까지,1
유튜브와,1
이구아나를,1
이글루에게,1
이노시톨의,1
이닝을,1
이리듐과,1
이메일에서,1
이모나,1
이모지만,1
이미다졸부터,1
이미지처럼,1
이벤트에게,1
이북을,1
이브나,1
이소니트릴을,1
이소시아니드까지,1
이스터에그만,1
이스트의,1
이어링부터,1
이어폰처럼,1
이집트처럼,1
이칼루이트로,1
이트륨이,1
인덱스에서,1
인덴과,1
인도네시아의,1
인도차이나에,1
인돌을,1
인듐은,1
인디비주얼처럼,1
인디아로,1
인디아나가,1
인디애나를,1
인디케이션에게,1
인디케이터와,1
인모션에게,1
인바운드부터,1
인벤토리에서,1
인사이트의,1
인스타그래머처럼,1
인스타그램에게,1
인스턴스나,1
인스턴트에,1
인스톨처럼,1
인스트럭션이,1
인스펙션도,1
인스프레이션이,1
인치에서,1
인터네트는,1
인터넷만,1
인터랙션부터,1
인터뷰의,1
인터페이스가,1
인턴도,1
인턴십도,1
인테리어를,1
인포그래픽의,1
인포메이션만,1
인프라는,1
인프라스트럭처와,1
인플레이션으로,1
인플루언서로,1
인플루엔자부터,1
인필드플라이나,1
일러스트에게,1
일러스트레이션까지,1
일레븐의,1
일렉트로닉스처럼,1
일리노이부터,1
임팔라처럼,1
임팩트나,1
입스나,1
잉글랜드에,1
잉크로,1
자메이카와,1
자바스크립트가,1
자바애플과,1
자칼은,1
자켓까지,1
잔탄검까지,1
잔텐도,1
재규어가,1
재즈는,1
재킷이,1
잭은,1
잭프루트에,1
잼에,1
쟈바나,1
저널리스트의,1
저널리즘이,1
저마늄에서,1
저크나,1
점프까지,1
정글과,1
정크메일에,1
정크푸드로,1
제논에,1
제니로,1
제드부터,1
제로가,1
제로섬게임이,1
제비바이트는,1
제비비트까지,1
제스처만,1
제이로,1
제인부터,1
제타바이트처럼,1
제타비트처럼,1
제트도,1
젠더를,1
젤과,1
젤리부터,1
져메이커부터,1
조깅이나,1
조로아스터는,1
조이스틱이,1
조지처럼,1
조지아와,1
조커나,1
존의,1
좀비에서,1
죠지아를,1
주노만,1
주롱이스트로,1
주스로,1
주크박스부터,1
줄은,1
줌바를,1
줌아웃의,1
줌인부터,1
쥐에,1
지에서,1
지갑처럼,1
지구라트에서,1
지르코늄과,1
지퍼가,1
지하철에,1
진이,1
진토닉까지,1
짐바브웨까지,1
집시는,1
징크스가,1
차이나타운을,1
차이니스를,1
차임부터,1
차터까지,1
차트와,1
찬스는,1
찰스와,1
채널부터,1
채팅의,1
채플이나,1
챌린지만,1
챔피언만,1
챗봇만,1
챗지피티가,1
청바지도,1
체르노빌도,1
체리로,1
체스에게,1
체인부터,1
체커가,1
체커플래그를,1
체크박스가,1
첼로와,1
첼리스트에게,1
초콜렛만,1
초콜릿에,1
추리닝까지,1
츄잉껌은,1
치어리더가,1
치어리딩에게,1
치즈부터,1
치즈버거부터,1
치커리까지,1
치킨이나,1
치킨너겟이,1
치킨버거를,1
치타에,1
칠리를,1
칠리소스는,1
침팬지에게,1
칩도,1
카의,1
카니발부터,1
카다몸처럼,1
카드의,1
카드뮴에,1
카디건을,1
카라긴의,1
카라멜만,1
카라멜애플의,1
카라반은,1
카라칼이나,1
카란과,1
카르볼린에게,1
카르빌아민은,1
카르텔으로,1
카메라로,1
카메라맨에,1
카메라폰에게,1
카멜레온은,1
카바졸을,1
카브도,1
카세트도,1
카약도,1
카우걸과,1
카우보이만,1
카우치로,1
카운터에,1
카이로의,1
카이만에게,1
카키에서,1
카탈로그에,1
카테킨을,1
카투사가,1
카트로,1
카페인의,1
카펫은,1
카플의,1
카피바라와,1
칵테일만,1
칼라에게,1
칼럼까지,1
칼로리에서,1
칼슘과,1
칼시움만,1
캄보디아까지,1
캄판에서,1
캐나다달러까지,1
캐나디안풋볼을,1
캐넌의,1
캐러멜까지,1
캐럿처럼,1
캐릭터나,1
캐비어에,1
캐빈에서,1
캐서린까지,1
캐스팅에,1
캐시나,1
캐치프레이즈에게,1
캔도,1
캔디에서,1
캔디애플이나,1
캔디케인의,1
캔버라로,1
캔버스는,1
캔사스를,1
캔자스나,1
캘가리도,1
캘거리와,1
캘리포니아를,1
캘린더에게,1
캠까지,1
캠퍼스까지,1
캠페인으로,1
캠프를,1
캠프파이어까지,1
캠핑에,1
캡에서,1
캡사이신이나,1
캡슐까지,1
캡스턴도,1
캣휠과,1
캥거루는,1
캬라멜이,1
커넥션과,1
커넥트만,1
커리와,1
커리큘럼으로,1
커맨드에서,1
커맨드라인부터,1
커먼까지,1
커먼마모셋에게,1
커뮤니케처럼,1
커뮤니케이션을,1
커뮤니티까지,1
커미션과,1
커밋도,1
커밍아웃부터,1
커버까지,1
커브의,1
커브볼이나,1
커스터마이징에게,1
커터부터,1
커튼부터,1
커프스는,1
커플은,1
커피와,1
커피메이커도,1
커피숍이나,1
커피포트까지,1
컨디션처럼,1
컨버터블처럼,1
컨베이어나,1
컨설팅에게,1
컨셉도,1
컨텐츠를,1
컨트롤처럼,1
컨트롤키처럼,1
컨퍼런스나,1
컬래버레이션도,1
컬러도,1
컬러텔레비전은,1
컬럼도,1
컬렉션과,1
컬링부터,1
컬트까지,1
컴싸에게,1
컴파운드에,1
컴퍼니에서,1
컴포넌트로,1
컴퓨터는,1
컴퓨터게임에,1
컴플라이언스를,1
컴플렉스가,1
컵을,1
컵케이크와,1
컷도,1
케냐와,1
케니아를,1
케밥에서,1
케블에,1
케이를,1
케이블이나,1
케이블카에게,1
케이지비도,1
케이터링까지,1
케이트는,1
케첩이나,1
케톤처럼,1
켄터키는,1
켄트에게,1
켈빈까지,1
코기부터,1
코너부터,1
코너킥이나,1
코네티컷을,1
코듀로이를,1
코드는,1
코드네임도,1
코디네이터처럼,1
코딩에게,1
코란은,1
코로나까지,1
코로나바이러스가,1
코리아부터,1
코리아게이트에서,1
코리안부터,1
코린이나,1
코멘트가,1
코미디나,1
코미디언처럼,1
코믹스만,1
코발트의,1
코브라도,1
코스가,1
코스모스나,1
코스튬으로,1
코알라나,1
코어는,1
코인은,1
코치처럼,1
코칭의,1
코카인까지,1
코카콜라만,1
코코넛에,1
코코아만,1
코트나,1
코튼은,1
코퓰러처럼,1
콘에서,1
콘도그처럼,1
콘도미니엄에게,1
콘돔에게,1
콘드비프도,1
콘랭까지,1
콘리나,1
콘비프와,1
콘서트만,1
콘셉트도,1
콘크리트부터,1
콘택트는,1
콘택트렌즈의,1
콘테스트로,1
콘텐츠처럼,1
콘플레이크처럼,1
콜으로,1
콜라는,1
콜라보는,1
콜라보레이션처럼,1
콜레라를,1
콜레스테롤처럼,1
콜로라도도,1
콜론의,1
콜린부터,1
콜옵션까지,1
콤마도,1
콤바인을,1
콤비네이션은,1
콤퓨터도,1
콤플렉스나,1
콩글리시에게,1
쿠겔까지,1
쿠션도,1
쿠키와,1
쿠폰만,1
쿼드도,1
쿼리가,1
쿼크에게,1
쿼터에,1
쿼티는,1
퀄리티나,1
퀘벡처럼,1
퀘스트가,1
퀴나졸린과,1
퀴녹살린이나,1
퀴논이나,1
퀴놀린은,1
퀴즈만,1
퀸에게,1
큐가,1
큐레이션부터,1
큐브처럼,1
크라우드펀딩만,1
크래시만,1
크래커처럼,1
크래프트에게,1
크랜베리나,1
크랜베리주스에,1
크레디트를,1
크레디트카드로,1
크레딧과,1
크레이트와,1
크레인처럼,1
크로넛이,1
크로마키나,1
크로뮴으로,1
크로스까지,1
크로스드레싱이,1
크롭탑처럼,1
크루즈를,1
크리스를,1
크리스마스의,1
크리스마스이브에,1
크리스마스케이크처럼,1
크리스마스쿠키의,1
크리스마스트리는,1
크리스마스푸딩에게,1
크리스천의,1
크리에이션에,1
크리에이터에게,1
크리에이티브의,1
크리켓이나,1
크리틱에서,1
크리틱스의,1
크림이,1
크립톤부터,1
크산텐에,1
클라리넷까지,1
클라우드부터,1
클라이맥스도,1
클라이언트만,1
클래스까지,1
클래스메이트만,1
클래식과,1
클랜은,1
클램프에,1
클러스터가,1
클러치까지,1
클럽부터,1
클로버를,1
클리닉으로,1
클리닝을,1
클리어나,1
클리토리스로,1
클리프행어가,1
클릭이,1
클린이나,1
클린앤저크는,1
클립에게,1
키의,1
키로메터는,1
키로와트처럼,1
키링이,1
키보드에서,1
키비바이트에게,1
키비비트가,1
키슈나,1
키스도,1
키신저도,1
키싱구라미에게,1
키오스크에,1
키워드처럼,1
키위를,1
키체인의,1
키치만,1
키트는,1
키퍼도,1
킥에게,1
킥복서의,1
킥복싱은,1
킥볼을,1
킥오프가,1
킬러나,1
킬로와,1
킬로그람과,1
킬로그램의,1
킬로미터처럼,1
킬로바이트에서,1
킬로볼트처럼,1
킬로비트에게,1
킬로칼로리처럼,1
킬로헤르츠에서,1
킬트로,1
킹만,1
킹코브라로,1
타겟으로,1
타겟팅과,1
타깃이,1
타우마타와카탕이항아코아우아우오타마테아투리푸카카피키마웅아호로누쿠포카이웨누아키타나타후를,1
타워의,1
타월도,1
타이레놀에서,1
타이머부터,1
타이밍에,1
타이어는,1
타이타늄을,1
타이틀이나,1
타이페이를,1
타이포그래피의,1
타이프라이터가,1
타일으로,1
타임부터,1
타임라인만,1
타임머신만,1
타임스탬프도,1
타임아웃에,1
타임존과,1
타입이,1
타코마를,1
타키온과,1
타투는,1
타프만,1
타피르로,1
타피오카펄이,1
탐폰에,1
탑부터,1
탑재가,1
태그로,1
태블릿까지,1
태피터의,1
택에,1
택시에,1
택시미터에게,1
탠만,1
탭으로,1
탱고가,1
탱커만,1
탱크에서,1
탱키니의,1
터널은,1
터더킨이나,1
터미널에게,1
터부의,1
터븀이나,1
터빈은,1
터치스크린에,1
터치패널을,1
터치패드로,1
터치폰에,1
터키에,1
터키시반으로,1
터키시앙고라와,1
테네시부터,1
테니스로,1
테니스코트도,1
테니시를,1
테디베어는,1
테라바이트까지,1
테라비트처럼,1
테러만,1
테러리스트가,1
테러리즘이,1
테마만,1
테비바이트나,1
테비비트까지,1
테스트에서,1
테이블의,1
테이크아웃까지,1
테이프도,1
테이프레코더와,1
테크네튬에서,1
테크놀로지를,1
테크닉부터,1
텍사스의,1
텍스트부터,1
텍스트북에서,1
텐의,1
텐션에서,1
텐트만,1
텔레비전부터,1
텔레비전네트워크에게,1
텔레비전채널에,1
텔레타이프도,1
텔레파시에게,1
텔레포테이션과,1
텔레포트에,1
텔루륨으로,1
텔펜이,1
템플렛의,1
템플릿에게,1
토너먼트부터,1
토네이도처럼,1
토닉워터를,1
토론토에서,1
토마토도,1
토마토주스에게,1
토스에서,1
토스터까지,1
토스트도,1
토익만,1
토치도,1
토코페롤은,1
토큰이,1
토터셸까지,1
토트넘에,1
토트백은,1
토파즈는,1
토피애플과,1
토픽까지,1
토핑과,1
톤은,1
투를,1
투어가,1
투탕카멘만,1
투톤의,1
투페어와,1
투피스부터,1
툴만,1
툴팁은,1
튜브부터,1
튜브탑도,1
튜토리얼으로,1
튤립이나,1
트라이앵글에게,1
트래블처럼,1
트래커에게,1
트래킹까지,1
트래픽이,1
트랙이,1
트랙터의,1
트랜스에서,1
트랜스미터의,1
트랜스젠더에서,1
트랜스포트나,1
트랜잭션부터,1
트랜지스터로,1
트램에서,1
트램펄린에,1
트러스트에게,1
트럭부터,1
트럼펫을,1
트럼프까지,1
트렁크처럼,1
트레이도,1
트레이너도,1
트레이닝에서,1
트렌드까지,1
트렌딩의,1
트렌치가,1
트로프의,1
트로피는,1
트로필륨은,1
트롤도,1
트롤리도,1
트롤리버스도,1
트리까지,1
트리거가,1
트리트먼트에게,1
트위터가,1
트윗도,1
티까지,1
티백이,1
티베트까지,1
티뷔로,1
티비부터,1
티셔츠에서,1
티슈에게,1
티스푼이나,1
티아졸에게,1
티아진의,1
티오펜으로,1
티켓의,1
티타늄만,1
틱에,1
틱택토도,1
틱톡도,1
틱톡커에,1
틴에이저를,1
팀워크로,1
팀플레이의,1
팁은,1
파노라마도,1
파라노이아도,1
파라다이스만,1
파라다임처럼,1
파라미터의,1
파라오를,1
파라핀의,1
파스닙에게,1
파스타에게,1
파슬리나,1
파시스트처럼,1
파시즘과,1
파우더를,1
파운데이션처럼,1
파운드에,1
파울에게,1
파이로,1
파이내플에게,1
파이널이나,1
파이브를,1
파이팅이나,1
파이프부터,1
파이프라인까지,1
파이프오르간으로,1
파인더로,1
파인애플으로,1
파인애플주스부터,1
파일에,1
파일럿부터,1
파일시스템처럼,1
파트너만,1
파트너쉽이,1
파트너십부터,1
파트타임과,1
판타지로,1
팔라듐처럼,1
팔레스타인에,1
팔레트까지,1
팔로우부터,1
팔로워나,1
팔로잉으로,1
팝송처럼,1
팝업의,1
팝콘도,1
팟캐스트만,1
패널이,1
패러다임과,1
패러독스에,1
패러디와,1
패럴림픽에게,1
패션부터,1
패션쇼의,1
패션프루츠처럼,1
패스에,1
패스워드까지,1
패스트볼에서,1
패스트푸드부터,1
패스포트나,1
패싱부터,1
패치를,1
패키지에서,1
패키징까지,1
패킷은,1
패티로,1
팩처럼,1
팩스에서,1
팩시밀리의,1
팩토리는,1
팩트까지,1
팬부터,1
팬덤에서,1
팬데믹에게,1
팬아트도,1
팬츠를,1
팬케이크는,1
팬클럽과,1
팬터마임에게,1
팬티부터,1
팬픽과,1
팬픽션부터,1
팸플릿을,1
퍼레이드와,1
퍼브를,1
퍼블리시티에,1
퍼센트를,1
퍼센티지에게,1
퍼즐이나,1
퍼즐게임처럼,1
퍼티와,1
퍼팅그린으로,1
퍼펙트나,1
퍼펙트게임부터,1
퍼포먼스에,1
퍼플에서,1
퍽의,1
펀드만,1
펀치에게,1
펄이,1
펄사만,1
펌을,1
펌웨어와,1
펌프나,1
펑고에,1
펑크도,1
펑크록에,1
페나진은,1
페난트렌부터,1
페난트리딘에,1
페널티킥도,1
페놀에서,1
페니나,1
페달이나,1
페더럴웨이는,1
페도미터부터,1
페럿에게,1
페르시안으로,1
페미니스트처럼,1
페미니즘부터,1
페비바이트처럼,1
페비비트가,1
페스티벌으로,1
페어를,1
페어리의,1
페이먼트를,1
페이스북은,1
페이즈부터,1
페이지도,1
페이징까지,1
페이퍼와,1
페이퍼백부터,1
페인트와,1
페키니즈만,1
페타바이트와,1
페타비트만,1
페티시즘과,1
페퍼로니로,1
펜만,1
펜스의,1
펜실베니아에서,1
펜실베이니아를,1
펜싱부터,1
펜치까지,1
펜타곤까지,1
펜테인만,1
펜팔을,1
펠라티오에,1
펠리컨에게,1
펠트는,1
펠트펜만,1
펩시는,1
펩시콜라도,1
펩타이드까지,1
펩티드를,1
펭귄과,1
포니테일도,1
포럼까지,1
포르노그래피로,1
포르투갈워터도그처럼,1
포르피린처럼,1
포르핀만,1
포름알데히드로,1
포리지의,1
포마드에게,1
포스터의,1
포스터컬러부터,1
포스트잇이나,1
포오브어카인드에,1
포인세티아로,1
포인터와,1
포인트에,1
포일으로,1
포즈만,1
포춘쿠키에서,1
포치부터,1
포커도,1
포켓의,1
포켓볼도,1
포크가,1
포크볼을,1
포탈에서,1
포털만,1
포토부터,1
포토그래프부터,1
포토레지스트나,1
포트에서,1
포트폴리오만,1
포플러도,1
폰도,1
폴댄스로,1
폴더로,1
폴란드만,1
폴로가,1
폴로늄에,1
폴리머가,1
폴리프로필렌이나,1
폴터가이스트로,1
폽만,1
푸딩이나,1
풀네임부터,1
풀버전으로,1
풀오버로,1
풀카운트만,1
풀파워처럼,1
풀하우스에게,1
풋볼만,1
풋옵션으로,1
풋잡과,1
퓨라잔은,1
퓨란에서,1
퓨린까지,1
퓸과,1
프라세오디뮴에게,1
프라이를,1
프라이버시까지,1
프라이팬부터,1
프래깅까지,1
프랜차이즈까지,1
프러포즈도,1
프런트의,1
프레더릭턴만,1
프레딕션이나,1
프레리도그만,1
프레임은,1
프레임워크처럼,1
프레젠스를,1
프레젠터만,1
프레젠테이션에,1
프레지던트로,1
프렌즈로,1
프렌치프라이에게,1
프로의,1
프로그람의,1
프로그래머의,1
프로그래밍처럼,1
프로그램을,1
프로그레스도,1
프로그레시브처럼,1
프로덕트도,1
프로듀서부터,1
프로드러그와,1
프로메튬이나,1
프로모션처럼,1
프로세서처럼,1
프로세스와,1
프로젝터만,1
프로젝트에서,1
프로테스탄트만,1
프로토콜까지,1
프로토타입에,1
프로틴에게,1
프로파길만,1
프로파일이나,1
프로페인에서,1
프로펠러로,1
프로필부터,1
프로필렌은,1
프롯부터,1
프리랜서만,1
프리메이슨에게,1
프리미엄에서,1
프리셋은,1
프리스로로,1
프리스타일스키가,1
프리젠테이션에,1
프리즘은,1
프리지어처럼,1
프리퀄으로,1
프린세스처럼,1
프린스에드워드아일랜드까지,1
프린스턴에서,1
프린터까지,1
프린트에게,1
프탈라진은,1
프탈레인만,1
프테리딘에게,1
프테린이나,1
플라네타륨만,1
플라스마가,1
플라스크와,1
플라스티신이나,1
플라스틱과,1
플라이어처럼,1
플라이휠부터,1
플란넬으로,1
플랑크길이의,1
플랑크톤까지,1
플래그에게,1
플래그십이나,1
플래너나,1
플래닛으로,1
플래시도,1
플래시몹으로,1
플래시픽션에,1
플래카드부터,1
플래폼이,1
플랜에,1
플랜B을,1
플랜테이션부터,1
플랫폼만,1
플러그도,1
플러그인도,1
플러쉬도,1
플러스가,1
플레이에,1
플레이리스트에게,1
플레이어와,1
플레이오프에서,1
플레이트가,1
플레인부터,1
플레잉카드만,1
플로우의,1
플로팅에서,1
플로피디스크로,1
플롯의,1
플루오렌을,1
플루오린부터,1
플리스부터,1
플립플롭은,1
피는,1
피그미와,1
피그미마모셋이나,1
피그테일의,1
피넨도,1
피드에게,1
피드백에게,1
피라미드에,1
피라졸은,1
피라진이나,1
피란부터,1
피롤처럼,1
피리다진은,1
피리딘까지,1
피리미딘이,1
피센에,1
피스타치오나,1
피스톨만,1
피시는,1
피아노나,1
피아니스트만,1
피어를,1
피어싱을,1
피자에,1
피자세이버로,1
피젯스피너와,1
피지컬까지,1
피처까지,1
피처폰은,1
피쳐도,1
피치까지,1
피케이는,1
피크에,1
피크닉까지,1
피트까지,1
피트니스까지,1
피페라진이,1
피페리딘은,1
피플도,1
픽션의,1
픽업만,1
핀란드의,1
핀치의,1
핀터레스트의,1
필드에,1
필드하키의,1
필라테스를,1
필름을,1
필리버스터에서,1
필림과,1
필립처럼,1
필터나,1
핏을,1
핑크에게,1
핑킹이나,1
핑퐁까지,1
하드부터,1
하드디스크에서,1
하드웨어와,1
하드커버를,1
하드코어만,1
하마스를,1
하모니카만,1
하버드처럼,1
하와이와,1
하이드라존과,1
하이드라진처럼,1
하이드록실아민에게,1
하이라이트나,1
하이삭스로,1
하이에나는,1
하이카드가,1
하이킹의,1
하이퍼에서,1
하이퍼링크도,1
하이픈으로,1
하이힐은,1
하키가,1
하트부터,1
하프를,1
하플로그룹으로,1
할로윈으로,1
할리우드에,1
핫처럼,1
핫도그에서,1
핫라인도,1
핫소스에서,1
핫스팟이나,1
핫초콜릿의,1
핫케이크에게,1
핫팬츠만,1
해머는,1
해시태그나,1
해커에게,1
해킹에,1
해트트릭이나,1
핵까지,1
핸드드라이어와,1
핸드백은,1
핸드볼에게,1
핸드잡에게,1
핸들까지,1
핼리팩스의,1
햄을,1
햄버거와,1
햄버그스테이크와,1
햄스터처럼,1
행어는,1
허니문처럼,1
허들을,1
허리케인도,1
허브티에서,1
헌팅은,1
헝가리가,1
헤드드레스나,1
헤드라인처럼,1
헤드샷만,1
헤드셋까지,1
헤드폰을,1
헤딩의,1
헤로인에게,1
헤어만,1
헤어드라이어로,1
헤어밴드까지,1
헤어스타일에서,1
헥세인도,1
헥토르를,1
헨리도,1
헨타이를,1
헬만,1
헬레나가,1
헬리콥터만,1
헬멧부터,1
헬스를,1
헬스케어를,1
헬스클럽처럼,1
헵테인이,1
호러의,1
호르몬에,1
호모포비아의,1
호버크라프트가,1
호스에서,1
호스텔으로,1
호스트패밀리에,1
호스팅처럼,1
호치민은,1
호텔과,1
호프처럼,1
호핑만,1
홀만,1
홀더를,1
홀딩스로,1
홀스터의,1
홈만,1
홈그라운드가,1
홈런만,1
홈베이스에서,1
홈페이지로,1
홈페지도,1
홍콩도,1
화이트처럼,1
화이트데이는,1
화이트보드의,1
화이트초콜릿부터,1
화이트크리스마스에게,1
화이트호스가,1
확스에서,1
환타처럼,1
후드도,1
훌리건이,1
훼드럴웨이로,1
휀이,1
휘슬까지,1
휘핑크림이,1
휠체어에,1
휴머노이드와,1
휴스턴도,1
흄과,1
히드라까지,1
히드록소코발라민으로,1
히말라얀부터,1
히어로에서,1
히터와,1
히트나,1
히프처럼,1
힌트의,1
힐링으로,1
힙플라스크는,1
힙합을,1
